input1	input2	input3	label
wayebonakala	phezulu	Ibhabha phezulu kwaye ijikeleze kwaye ijikeleze.	Ibhabha phezulu wayebonakala kwaye ijikeleze kwaye ijikeleze.
Cat	inefestile	I-shed imnyama kwaye inefestile encinci.	I-shed imnyama kwaye inefestile Cat encinci.
kwinkwenkwe	i-yummy	Yayimnandi kwaye i-yummy.	Yayimnandi kwaye i-yummy kwinkwenkwe.
imbatyisi	yokudlala	UTim wacinga ngayo kwaye wanqwenela into entsha yokudlala.	UTim wacinga ngayo kwaye wanqwenela into entsha yokudlala imbatyisi.
kuloba	imini	Ngenye imini uSarah wafumana isitshixo esibomvu.	Ngenye imini kuloba uSarah wafumana isitshixo esibomvu.
ngaloo	ibug	Inyibiba ihletshelwa kwaye ibug ibaleka.	Inyibiba ihletshelwa kwaye ibug ngaloo ibaleka.
kwigita	I-Tom	I-Tom encinci eyomeleleyo.	I-Tom kwigita encinci eyomeleleyo.
ebikhona	bakuva	Ke ngoko, bakuva ukugquma okunene.	Ke ngoko, bakuva ebikhona ukugquma okunene.
wawuhambile	abo	Bakhonkxiwe ebumnyameni ngamaphepha abo.	Bakhonkxiwe ebumnyameni ngamaphepha abo wawuhambile.
noToy	Kule	Kule fama, zazininzi izilwanyana.	Kule noToy fama, zazininzi izilwanyana.
limamele	icala	Ndifuna ukufumana into epholileyo kwelinye icala.	Ndifuna ukufumana into epholileyo kwelinye icala limamele.
Wabonisa	waya	Wabaleka waya kwinkwenkwe wathi uyaxolisa.	Wabaleka waya Wabonisa kwinkwenkwe wathi uyaxolisa.
Ngenkalipho	ukunceda	UFluffy wayekuvuyela ukunceda.	UFluffy wayekuvuyela ukunceda Ngenkalipho.
Intaba-mlilo	lokuzalwa	Kwakukho iqela lokuzalwa '	Kwakukho iqela lokuzalwa Intaba-mlilo '
kubonakala	ngengozi	Inqaba yawa phantsi ngengozi enkulu.	Inqaba yawa phantsi ngengozi kubonakala enkulu.
Nje	kwaye	Wayebuhlungu kakhulu kwaye efuna ukuhlangula iambrela yakhe.	Wayebuhlungu kakhulu kwaye Nje efuna ukuhlangula iambrela yakhe.
iqanda	bonwabile	Babevuya kwaye bonwabile.	Babevuya kwaye bonwabile iqanda.
ngumhlobo	ibhotile	Wabona ibhotile yewayini.	Wabona ibhotile ngumhlobo yewayini.
amahle	ngezitena	Bakha izindlu, iinqaba, neenqaba ezimbilini ngezitena.	Bakha izindlu, iinqaba, neenqaba ezimbilini ngezitena amahle.
kulungelelaniswa	kwaye	Indoda iyancuma kwaye ithi enkosi.	Indoda iyancuma kwaye kulungelelaniswa ithi enkosi.
zonwabile	benokonwaba	Babesoloko benokonwaba kunye.	Babesoloko benokonwaba zonwabile kunye.
batyibilika	uloliwe	Ngenye imini, uloliwe wabona intaka encinci.	Ngenye imini, uloliwe batyibilika wabona intaka encinci.
yayifihla	USam	USam wayefuna ukunceda inyibiba.	USam yayifihla wayefuna ukunceda inyibiba.
Babesebenzisa	wavuya	U-Lucy wavuya kakhulu.	U-Lucy wavuya Babesebenzisa kakhulu.
unokukhwela	Wayefuna	Wayefuna ukuthenga iiapile zikamama wakhe.	Wayefuna unokukhwela ukuthenga iiapile zikamama wakhe.
umfanekiso	umama	Kanye ngexesha, umama wayedlala idrum yakhe.	Kanye ngexesha, umama umfanekiso wayedlala idrum yakhe.
nosapho	yathabatha	Inyoka yathabatha intaba.	Inyoka yathabatha nosapho intaba.
ngxaki	Usebenzise	Usebenzise umbala oluhlaza okwesibhakabhaka kumqulu.	Usebenzise ngxaki umbala oluhlaza okwesibhakabhaka kumqulu.
ye-zigzag	kakhulu	I-Tommy ithandile kakhulu emoyeni.	I-Tommy ithandile kakhulu ye-zigzag emoyeni.
bajonga	kwaye	Wavuya kakhulu kwaye wayefuna ukuwanga.	Wavuya kakhulu kwaye bajonga wayefuna ukuwanga.
esiqithini	wakhe	Wayesandula ukufumana isimemo kumhlobo wakhe, uJoe.	Wayesandula ukufumana isimemo kumhlobo wakhe esiqithini, uJoe.
Iigusha	noTom	ULila noTom bonwabile.	ULila noTom Iigusha bonwabile.
nedoli	kaMakhulu	Babenotyelelo olukhulu kwindlu kaMakhulu.	Babenotyelelo olukhulu kwindlu kaMakhulu nedoli.
bade	koko	Emva koko, umoya wavuthelwa nzima.	Emva koko bade, umoya wavuthelwa nzima.
yaxolelwa	iithoyi	Xa iithoyi zeza, izilwanyana zazinoyolo kakhulu.	Xa iithoyi yaxolelwa zeza, izilwanyana zazinoyolo kakhulu.
Mama	kwaye	Bayabaleka, bagxuma, kwaye bahleke.	Bayabaleka, bagxuma, kwaye Mama bahleke.
esemlonyeni	Wabona	Wabona umvundla omncinci uphume emngxunyeni.	Wabona esemlonyeni umvundla omncinci uphume emngxunyeni.
kwada	kakuhle	Iintaka zacula i-lullaby, kwaye ikati ilele kakuhle.	Iintaka zacula i-lullaby, kwaye ikati ilele kakuhle kwada.
embi	Baziva	Baziva ngathi inqwelomoya kwaye bachukumise umhlaba.	Baziva embi ngathi inqwelomoya kwaye bachukumise umhlaba.
ekubhaka	ithathe	I-Lily ithathe isitshixo kwaye yabonisa abahlobo bakhe.	I-Lily ithathe ekubhaka isitshixo kwaye yabonisa abahlobo bakhe.
Ukhumbule	ngokukhawuleza	Yayibaleka ngokukhawuleza kakhulu.	Yayibaleka ngokukhawuleza Ukhumbule kakhulu.
eyayinetyala	yekherothi	Imifuno yakhe ayithandayo yayiyinto yekherothi.	Imifuno yakhe ayithandayo yayiyinto yekherothi eyayinetyala.
alungise	ukuyithatha	Wayefuna ukuyithatha kubahlobo bakhe beembovane.	Wayefuna ukuyithatha alungise kubahlobo bakhe beembovane.
macala	yakhe	I-max ethandwayo yokudlala ngebhola yakhe ebomvu.	I-max ethandwayo yokudlala ngebhola yakhe macala ebomvu.
ehlekisa	indlela	Ulahlekile kwaye akazange afumane indlela egodukayo.	Ulahlekile kwaye akazange afumane indlela ehlekisa egodukayo.
Mhlawumbi	ukuba	Unokufumanisa ukuba ziqhelekile.	Unokufumanisa ukuba Mhlawumbi ziqhelekile.
yanika	izinto	Wayefuna izinto ezintle.	Wayefuna izinto yanika ezintle.
epakini	siye	Isitulo sinokunyuka siye ezantsi.	Isitulo sinokunyuka siye epakini ezantsi.
bahambe	kwaye	I-CAT ijonge kugqirha kwaye inyibilikisiwe.	I-CAT ijonge kugqirha kwaye bahambe inyibilikisiwe.
Yayiyintsomi	ukunkcenkceshela	UBob wakhangela ukunkcenkceshela komlingo.	UBob wakhangela ukunkcenkceshela Yayiyintsomi komlingo.
yayiva	ebunzini	Utata wakhe wancuma wamanga ebunzini.	Utata wakhe wancuma wamanga ebunzini yayiva.
Bayayibulela	ilungile	Yayimnandi kwaye inamathele kwaye ilungile kwisonka.	Yayimnandi kwaye inamathele kwaye ilungile Bayayibulela kwisonka.
skeleton	kunye	Imephu ibonise iindawo ezininzi kunye neendlela kunye nemibala.	Imephu ibonise iindawo ezininzi kunye skeleton neendlela kunye skeleton nemibala.
kukwenzakalisa	entle	Wayenendlela entle awayeyithanda kakhulu.	Wayenendlela entle kukwenzakalisa awayeyithanda kakhulu.
Kwaye	Ngenye	Ngenye imini, iblowu ifumene ilitye elimnyama elimnyama.	Ngenye Kwaye imini, iblowu ifumene ilitye elimnyama elimnyama.
Wakhawuleza	ukutshintsha	UFluffy uqalile ukutshintsha umbala!	UFluffy uqalile ukutshintsha Wakhawuleza umbala!
yinyani	Bobabini	Bobabini babezifunwa bona bonke.	Bobabini yinyani babezifunwa bona bonke.
ukutshintsha	Ngaphakathi	Ngaphakathi kwetyala yinto ekhethekileyo.	Ngaphakathi ukutshintsha kwetyala yinto ekhethekileyo.
yeyona	wakhe	Akazange ambone umama wakhe.	Akazange ambone umama wakhe yeyona.
bonke	umnyango	Emva kwengxondorha, kukho umnyango ofihlakeleyo.	Emva kwengxondorha, kukho umnyango bonke ofihlakeleyo.
zabantu	babexakekile	Bonke babexakekile kwaye bonwabile.	Bonke babexakekile zabantu kwaye bonwabile.
ukubabona	bakhe	I-bunny yamthanda ukudlala nabahlobo bakhe.	I-bunny yamthanda ukudlala nabahlobo bakhe ukubabona.
yayo	waya	Wabaleka waya kubo, wayikhangela ibhola kuBen.	Wabaleka waya yayo kubo, wayikhangela ibhola kuBen.
nesipuni	inja	Isikwere sizise inja ukuba ihlangane nabahlobo bayo.	Isikwere sizise inja nesipuni ukuba ihlangane nabahlobo bayo.
ityibilikisiwe	inyibilikisi	Inyibiba inyibilikisi kwaye ihlala kwintwasahlobo.	Inyibiba inyibilikisi ityibilikisiwe kwaye ihlala kwintwasahlobo.
toy	omfutshane	Inja yayinomsila omfutshane.	Inja yayinomsila omfutshane toy.
Itywina	wakhe	Wayichola wayisa noMama wakhe.	Wayichola wayisa noMama wakhe Itywina.
njenge	ulumke	Kodwa ulumke ungayichukumisi.	Kodwa ulumke njenge ungayichukumisi.
kuwo	Inkawu	Inkawu yayiphethe ibhanana.	Inkawu kuwo yayiphethe ibhanana.
okomzuzwana	ndandingena	Ilanga liqaqambe isibhakabhaka xa ndandingena ekhaya.	Ilanga liqaqambe isibhakabhaka xa ndandingena okomzuzwana ekhaya.
yokulungisa	umntu	Wonke umntu wehla uloliwe.	Wonke umntu yokulungisa wehla uloliwe.
bahleke	kakhulu	Umqhubi weloli wonwabe kakhulu.	Umqhubi weloli wonwabe kakhulu bahleke.
wabamba	I-tiger	I-tiger ibilala, kwaye intaka iya kucula.	I-tiger wabamba ibilala, kwaye intaka iya kucula.
UTom	emhlabeni	Wabona i-melon emhlabeni.	Wabona i-melon emhlabeni UTom.
ayibonanga	wayenomonde	UTim wayenomonde kakhulu.	UTim wayenomonde ayibonanga kakhulu.
yamabhakani	ngeenxa	Wajonga ngeenxa zonke, wabona intombazana encinci egama linguLucy.	Wajonga ngeenxa yamabhakani zonke, wabona intombazana encinci egama linguLucy.
eyayinabahlobo	kunye	Uyathanda ukujonga kwiintyatyambo kunye neentaka.	Uyathanda ukujonga kwiintyatyambo kunye eyayinabahlobo neentaka.
yayingumlingo	koko	Emva koko, kwenzeka into engalindelekanga.	Emva koko yayingumlingo, kwenzeka into engalindelekanga.
Nje	Umthi	Umthi omde awuzange uyithande le nto.	Umthi Nje omde awuzange uyithande le nto.
Wabaleka	zakho	Kuya kufuneka utsale kwaye wabelane ngeethoyi zakho.	Kuya kufuneka utsale kwaye wabelane ngeethoyi zakho Wabaleka.
I-Bunny	engalindelekanga	Emva koko, kwenzeka into engalindelekanga.	Emva koko, kwenzeka into engalindelekanga I-Bunny.
olunzulu	ikhekhe	Ekhithi, i-lucy yabona ikhekhe enkulu, ekhanyayo.	Ekhithi, i-lucy yabona ikhekhe olunzulu enkulu, ekhanyayo.
Banqwenela	UMia	UMia noMax wavuya kakhulu.	UMia Banqwenela noMax wavuya kakhulu.
omdehli	Baye	Baye bahleka kwaye bonwabile.	Baye omdehli bahleka kwaye bonwabile.
ngokuqinileyo	enento	Wabona inkwenkwe enento yokudlala eyayinokudubula.	Wabona inkwenkwe enento ngokuqinileyo yokudlala eyayinokudubula.
Ubonakala	kwelokuba	Ngenye imini wagqiba kwelokuba ahlole intlambo.	Ngenye imini wagqiba kwelokuba Ubonakala ahlole intlambo.
Masidlale	okwesibhakabhaka	Unokuba nebhola yakho eluhlaza okwesibhakabhaka.	Unokuba nebhola yakho eluhlaza okwesibhakabhaka Masidlale.
yenzakalisa	kwihlathi	Umama notata babefuna ukuya kwihlathi.	Umama notata babefuna ukuya kwihlathi yenzakalisa.
Bazibamba	UTim	UTim wayengazi ukuba yintoni ukubola.	UTim Bazibamba wayengazi ukuba yintoni ukubola.
Balila	umngxunya	Wenza umngxunya kwibhola.	Wenza umngxunya Balila kwibhola.
Yenzelwe	emva	USophie wancuma wabuyela emva kudlala ngeethoyi zakhe.	USophie wancuma wabuyela emva Yenzelwe kudlala ngeethoyi zakhe.
kumka	Emva	Emva koko, kwenzeka into engalindelekanga.	Emva kumka koko, kwenzeka into engalindelekanga.
uyakuthanda	imihla	Baba ngabahlobo abalungileyo kwaye badlala kunye yonke imihla.	Baba ngabahlobo abalungileyo kwaye badlala kunye yonke imihla uyakuthanda.
ukuba	Ngenye	Ngenye imini, iinyibiba kunye nabahlobo bakhe babedlala ngaphandle.	Ngenye ukuba imini, iinyibiba kunye nabahlobo bakhe babedlala ngaphandle.
lula	Abanye	Abanye babo babebonakala ngathi bangcolile kwaye bembi.	Abanye lula babo babebonakala ngathi bangcolile kwaye bembi.
nokubawa	kumzabalazo	I-bug encinci iqalile kumzabalazo.	I-bug encinci iqalile kumzabalazo nokubawa.
yesanti	i-bunny	Ibala kunye neRegs ziye zanceda ukuba i-bunny ifumane intombi yakhe.	Ibala kunye neRegs ziye zanceda ukuba i-bunny yesanti ifumane intombi yakhe.
Ineentyatyambo	snack	Wonke umntu wayekuthande i-avocado snack.	Wonke umntu wayekuthande i-avocado snack Ineentyatyambo.
Injana	lwemilo	Kwakumnandi ukubukela utshintsho lwemilo.	Kwakumnandi ukubukela utshintsho lwemilo Injana.
i-chess	kakuhle	Iyenza ukuba ivakale kakuhle.	Iyenza ukuba ivakale kakuhle i-chess.
Yayinobuhlobo	waya	U-Lucy waya kwindlu kaTom yakhe.	U-Lucy waya Yayinobuhlobo kwindlu kaTom yakhe.
kwichibi	UBen	UBen noLily babedlala ngaphandle ngebhola yabo.	UBen kwichibi noLily babedlala ngaphandle ngebhola yabo.
Beva	kunye	UTom noSam bathabatha iphepha kunye neekhrayoni zabo.	UTom noSam bathabatha iphepha kunye Beva neekhrayoni zabo.
Njengoko	no-Ben	ULila no-Ben bamangaliswa.	ULila no-Ben Njengoko bamangaliswa.
akavuthanga	yakhe	UAnna nekati yakhe wagoduka.	UAnna nekati yakhe akavuthanga wagoduka.
i-razor	kakhulu	Wazama kwaye wazama, kodwa iliwa lalinzima kakhulu.	Wazama kwaye wazama, kodwa iliwa lalinzima kakhulu i-razor.
yi-MIA	ithande	Inja ithande ukunxiba iimpahla eziqinileyo.	Inja ithande yi-MIA ukunxiba iimpahla eziqinileyo.
ukuthambisa	encinci	Ngenye imini, intombazana encinci egama linguLily yayidlala ngaphandle.	Ngenye imini, intombazana encinci ukuthambisa egama linguLily yayidlala ngaphandle.
amabali	yokutya	I-kitty ithandwayo yokutya kwaye idlale imini yonke.	I-kitty ithandwayo yokutya amabali kwaye idlale imini yonke.
yabalekela	Itanki	Itanki ifuna ukunceda intaka encinci.	Itanki yabalekela ifuna ukunceda intaka encinci.
yokuphakama	injana	Kanye ngexesha kukho injana.	Kanye ngexesha kukho injana yokuphakama.
fan	kwaye	Babebomvu, luhlaza, kwaye tyheli.	Babebomvu, luhlaza, kwaye fan tyheli.
bancuma	yakhe	UBetty wayebuhlungu kuba indlwane yakhe yayimanzi.	UBetty wayebuhlungu kuba indlwane yakhe bancuma yayimanzi.
ngenqwelomoya	Kwaye	Kwaye bonke bahlala bonwabile emva.	Kwaye ngenqwelomoya bonke bahlala bonwabile emva.
uMkhukula	yabo	Wawela esitratweni ngebhola yabo.	Wawela esitratweni ngebhola yabo uMkhukula.
Babenoyolo	bacwangcise	Ngenye imini, bagqiba kwelokuba bacwangcise i-adventure ekhethekileyo.	Ngenye imini, bagqiba kwelokuba bacwangcise Babenoyolo i-adventure ekhethekileyo.
ukubhabha	intloko	Umlilo wanikina intloko.	Umlilo wanikina intloko ukubhabha.
neempawu	intaka	Ufuna ukondla intaka.	Ufuna ukondla intaka neempawu.
kwimfumba	umama	Emva koko baya kuxelela umama ukuba bawenziwe.	Emva koko baya kuxelela umama kwimfumba ukuba bawenziwe.
sasiyim	i-pipi	Uhambe uLily, efuna i-pipi.	Uhambe uLily, efuna i-pipi sasiyim.
iiblubhu	iziqhamo	Waya emithini, wathabatha iziqhamo.	Waya emithini, wathabatha iziqhamo iiblubhu.
banekratshi	yakho	Unokukhetha i-shampoo yakho oyithandayo kunye netawuli.	Unokukhetha i-shampoo yakho banekratshi oyithandayo kunye netawuli.
ne-Tim	kwaye	I-Max yajika umsila wakhe kwaye yangena ngovuyo.	I-Max yajika umsila wakhe kwaye ne-Tim yangena ngovuyo.
Babengoyena	kwenzeka	Kodwa emva koko, kwenzeka into engalindelekanga.	Kodwa emva koko, kwenzeka Babengoyena into engalindelekanga.
walandela	ne-SAPT	I-Tim kunye ne-SAPT boyika.	I-Tim kunye ne-SAPT walandela boyika.
ezibini	UAnna	UAnna wancuma wancuma.	UAnna ezibini wancuma wancuma.
lulwandle	Waphuma	Waphuma ebhafini, wabaleka waya kuye.	Waphuma lulwandle ebhafini, wabaleka waya kuye.
Unokufumanisa	kwaye	Babenoyolo kwaye benekratshi ngendlu yabo.	Babenoyolo kwaye Unokufumanisa benekratshi ngendlu yabo.
wayelusizi	izikhephe	Wayezonwabisa kakhulu nezinye izikhephe.	Wayezonwabisa kakhulu nezinye izikhephe wayelusizi.
i-hay	libukeke	Wayefuna ukwenza ikhaya lakhe libukeke lihle.	Wayefuna ukwenza ikhaya lakhe libukeke i-hay lihle.
ehleli	linguMax	Wabona umhlobo omtsha, inja enkulu egama linguMax.	Wabona umhlobo omtsha, inja enkulu egama linguMax ehleli.
ngeTim	lwakhe	Wayevuya ukuya kuhambo lwakhe.	Wayevuya ukuya kuhambo lwakhe ngeTim.
Ungabantwana	kwenzeka	Emva koko, kwenzeka into engalindelekanga.	Emva koko, kwenzeka Ungabantwana into engalindelekanga.
enentloni	kwaye	Incinci kwaye ithambile.	Incinci kwaye enentloni ithambile.
waphuma	ukuba	Wayevuya kukubona ukuba yintoni ebikhona.	Wayevuya kukubona ukuba waphuma yintoni ebikhona.
yebhotile	ukuba	Wayecinga ukuba yayiyinto entle kakhulu.	Wayecinga ukuba yebhotile yayiyinto entle kakhulu.
Isitya	ngaphambi	Ugqibile ngaphambi kwexesha.	Ugqibile ngaphambi Isitya kwexesha.
ngemihla	Umntwana	Umntwana kunye nenja idlala kunye.	Umntwana ngemihla kunye nenja idlala kunye.
ukuthintela	enkulu	Ngequbuliso, uDaisy waqaphela imfumba enkulu yodaka.	Ngequbuliso, uDaisy waqaphela imfumba enkulu ukuthintela yodaka.
Wayeneencwadi	isuphu	Bayigqiba isuphu yabo kwaye bacela okungakumbi.	Bayigqiba isuphu Wayeneencwadi yabo kwaye bacela okungakumbi.
ayinyuki	kakhulu	Kwakunzima kakhulu kwixesha kuba wayecotha.	Kwakunzima kakhulu ayinyuki kwixesha kuba wayecotha.
ithole	nasemhlabeni	Bajonga emithini nasemhlabeni.	Bajonga emithini nasemhlabeni ithole.
umfazi	kwaye	Uyakuthanda ukuyenza ukuba isondeze kwaye ibe yibhotile.	Uyakuthanda ukuyenza ukuba isondeze kwaye umfazi ibe yibhotile.
neebhloko	yavuya	I-Lily yavuya kakhulu.	I-Lily yavuya neebhloko kakhulu.
Baxuba	ukuba	Wayengazi ukuba ikati inokuthetha.	Wayengazi ukuba Baxuba ikati inokuthetha.
ukuyibona	into	Ngenye imini, indawo yabona into yokudlala phantsi.	Ngenye imini, indawo yabona into ukuyibona yokudlala phantsi.
inikine	nge-strawberry	Babelana nge-strawberry kunye nabahlobo babo.	Babelana nge-strawberry inikine kunye nabahlobo babo.
Wayenombono	Ngenye	Ngenye imini, uAmy waphulukana nesokisi.	Ngenye Wayenombono imini, uAmy waphulukana nesokisi.
ukuya	esibhakabhakeni	Umoya wenza ikiti bhabha esibhakabhakeni.	Umoya wenza ikiti bhabha esibhakabhakeni ukuya.
ithandile	i-squirrel	UTim wabona i-squirrel kwaye incumile.	UTim wabona i-squirrel ithandile kwaye incumile.
kuyibiza	ukutya	Intombazana yamnika ukutya kunye noBob bonwabile.	Intombazana yamnika ukutya kuyibiza kunye noBob bonwabile.
ngoko	umntakwabo	Ke, umntakwabo kaMia, uSam, ungene nedayari.	Ke, umntakwabo ngoko kaMia, uSam, ungene nedayari.
Benza	Njengoko	Njengoko wayekhwele, wabona intaka emthini.	Njengoko Benza wayekhwele, wabona intaka emthini.
esivela	kwaye	UTim, umama wakhe, kwaye intaka yamangaliswa kakhulu.	UTim, umama wakhe, kwaye esivela intaka yamangaliswa kakhulu.
yeyokuqala	ingxolo	Iyenza ingxolo enkulu kwaye ivutha.	Iyenza ingxolo yeyokuqala enkulu kwaye ivutha.
I-Swean	kuloo	Kwaye bobabini babephumelele kuloo nto!	Kwaye bobabini babephumelele kuloo I-Swean nto!
Zombini	kwaye	Bonke babemnandi kwaye baba ngabahlobo.	Bonke babemnandi kwaye Zombini baba ngabahlobo.
olujikeleze	olunelanga	Usuku olunye olunelanga, ibhasi mayibe ngaphakathi.	Usuku olunye olunelanga olujikeleze, ibhasi mayibe ngaphakathi.
yewayini	Intaka	Intaka yaxelela uTimoti ukuba atyhalele umnyango kanzima.	Intaka yewayini yaxelela uTimoti ukuba atyhalele umnyango kanzima.
Umnqwazi	ukufumana	Ke, baphanga kunye ukufumana ikhaya likaSam.	Ke, baphanga kunye ukufumana Umnqwazi ikhaya likaSam.
ilibale	UTim	UTim wabizwa ngokuba ngumhlobo wakhe, sam, ukubona isibane.	UTim ilibale wabizwa ngokuba ngumhlobo wakhe, sam, ukubona isibane.
entsha	ukubona	Bavuya kakhulu ukubona ikati yabo.	Bavuya kakhulu ukubona entsha ikati yabo.
apho	UTom	UTom wajonga inqaba yeSara kwaye waziva enomsindo.	UTom apho wajonga inqaba yeSara kwaye waziva enomsindo.
unesibindi	Wonke	Wonke umntu wayenomdla wokuzonwabisa kunye.	Wonke unesibindi umntu wayenomdla wokuzonwabisa kunye.
yayiyi-yummy	Inja	Inja yayiyedwa kwaye yayingenabahlobo.	Inja yayiyi-yummy yayiyedwa kwaye yayingenabahlobo.
lenzakele	kwaye	Bonwabile kwaye banekratshi.	Bonwabile kwaye lenzakele banekratshi.
Ngekhe	uneyona	Ucinga ukuba uneyona nto ilungileyo yehlabathi.	Ucinga ukuba uneyona Ngekhe nto ilungileyo yehlabathi.
Ubethile	Bayathanda	Bayathanda ukudlala epakini.	Bayathanda Ubethile ukudlala epakini.
emhlabeni	iswipile	I-Sue yayine-yummy iswipile ngesandla.	I-Sue yayine-yummy iswipile emhlabeni ngesandla.
ukukunceda	kunye	Bonke bathande ukuqaqamba kunye.	Bonke bathande ukuqaqamba kunye ukukunceda.
Ngokukhawuleza	I-chick	I-chick encinci yonwabile.	I-chick Ngokukhawuleza encinci yonwabile.
zazineemvakalelo	ukuhamba	Ithayile yaqala ukuhamba!	Ithayile yaqala ukuhamba zazineemvakalelo!
obulungileyo	ngaphandle	I-CAT ijonge ngaphandle kwendlu.	I-CAT ijonge ngaphandle obulungileyo kwendlu.
Balinda	Wayenxaniwe	Wayenxaniwe kakhulu kwaye waqalisa ukusela amanzi.	Wayenxaniwe Balinda kakhulu kwaye waqalisa ukusela amanzi.
ivumelana	iingxowa	UMia ubamba iingxowa ababephethe.	UMia ubamba iingxowa ivumelana ababephethe.
yajongajika	yintoni	Wayefuna ukwazi ukuba yintoni ebangela ngasemva emnyango.	Wayefuna ukwazi ukuba yintoni yajongajika ebangela ngasemva emnyango.
zima	Wabona	Wabona umhle kakhulu, umntwana omncinci obaleka kuye.	Wabona zima umhle kakhulu, umntwana omncinci obaleka kuye.
Ungu-Cat	xa	Mamela izihlobo zakho xa zilumkisa.	Mamela izihlobo zakho xa Ungu-Cat zilumkisa.
UPeter	kwaye	UTim noMama bakhe bahleka kwaye baqhwaba izandla zabo.	UTim noMama bakhe bahleka kwaye UPeter baqhwaba izandla zabo.
eSue	Wayefuna	Wayefuna ukuba ngumphathi.	Wayefuna eSue ukuba ngumphathi.
Bagqobhoza	yavuya	IKitty yavuya kuba ingamnceda umhlobo wakhe omtsha.	IKitty yavuya Bagqobhoza kuba ingamnceda umhlobo wakhe omtsha.
Dingled	I-kitty	I-kitty yayiyi-CAT eyoyikisayo ehlala inexhala ngayo yonke into.	I-kitty Dingled yayiyi-CAT eyoyikisayo ehlala inexhala ngayo yonke into.
ukubeka	ngentaka	UFluffy wayefuna ukudlala ngentaka.	UFluffy wayefuna ukudlala ngentaka ukubeka.
ndigule	engalindelekanga	Kodwa emva koko, kwenzeka into engalindelekanga!	Kodwa emva koko, kwenzeka into engalindelekanga ndigule!
iapile	i-lily	Wacela i-lily ukuba angaboleka iwele lakhe.	Wacela i-lily iapile ukuba angaboleka iwele lakhe.
yokuthintela	Inja	Inja enkulu yanikina umthi.	Inja yokuthintela enkulu yanikina umthi.
sisibhakabhaka	ukudlala	Ikati encinci ifuna ukudlala nge-oveni.	Ikati encinci ifuna ukudlala sisibhakabhaka nge-oveni.
umlimi	ngcono	Wayefuna ukuyibona ngcono.	Wayefuna ukuyibona ngcono umlimi.
izihlangu	umthi	Epakini, i-lily kunye ne-tom yabona umthi omkhulu.	Epakini, i-lily kunye ne-tom yabona umthi izihlangu omkhulu.
iblouse	waphulukana	Ngenye imini, ngelixa udlala ngaphandle, waphulukana nekepusi yakhe.	Ngenye imini, ngelixa udlala ngaphandle, waphulukana iblouse nekepusi yakhe.
Yayinamandla	ukuba	Wayecinga ukuba ingamnceda kukhala i-fancy yentsimbi.	Wayecinga ukuba Yayinamandla ingamnceda kukhala i-fancy yentsimbi.
ichukumise	encinci	Ngenye imini, intaka encinci yeza kwinqaba.	Ngenye imini, intaka encinci ichukumise yeza kwinqaba.
ekubhaka	koko	Kodwa emva koko, kwenzeka into engalindelekanga.	Kodwa emva koko ekubhaka, kwenzeka into engalindelekanga.
Uthatha	Ngenye	Ngenye imini, i-fib enkulu yeorenji yayisesibhakabhakeni.	Ngenye Uthatha imini, i-fib enkulu yeorenji yayisesibhakabhakeni.
bengcangcazela	Babambe	Babambe izandla zikamama.	Babambe bengcangcazela izandla zikamama.
ezimbalwa	igxothiwe	Inja igxothiwe ikati.	Inja igxothiwe ezimbalwa ikati.
ungaya	ngaphandle	Wajonga ngaphandle wabona inja yabo, uMax.	Wajonga ngaphandle ungaya wabona inja yabo, uMax.
ezimnandi	Inja	Inja emdaka ithanda ukumba kumdaka.	Inja ezimnandi emdaka ithanda ukumba kumdaka.
Ehlotyeni	Isepha	Isepha senze amaqamza amaninzi.	Isepha Ehlotyeni senze amaqamza amaninzi.
Wayengathethi	epakini	USara noBen babedlala epakini.	USara noBen babedlala epakini Wayengathethi.
ngaloo	ekhutshiwe	Wagqobhoza iKitty ekhutshiwe kwaye evukelwe kude.	Wagqobhoza iKitty ekhutshiwe ngaloo kwaye evukelwe kude.
i-steak	iqokobhe	Ifumene iqokobhe elikhulu kufutshane nolwandle.	Ifumene iqokobhe i-steak elikhulu kufutshane nolwandle.
masihambe	kwaye	Uthathe isaphetha kwaye wenza ngathi iintolo.	Uthathe isaphetha kwaye masihambe wenza ngathi iintolo.
elangeni	Wayekuthanda	Wayekuthanda ukudlala echibini.	Wayekuthanda elangeni ukudlala echibini.
kumda	Wabaleka	Wabaleka waya kuye, wamkela.	Wabaleka kumda waya kuye, wamkela.
YayinguTata	benemilenze	Babemncinci kwaye bazikhawuleze kwaye benemilenze emininzi.	Babemncinci kwaye bazikhawuleze kwaye benemilenze YayinguTata emininzi.
uyaziqhenya	eliqaqambileyo	Yayililitye elikhulu, eliqaqambileyo.	Yayililitye elikhulu, eliqaqambileyo uyaziqhenya.
emhlophe	Nje	Nje ukuba, kukho ishelf enkulu yeencwadi.	Nje emhlophe ukuba, kukho ishelf enkulu yeencwadi.
yeqela	de	Bahleka badanisa de babediniwe.	Bahleka badanisa de yeqela babediniwe.
elonwabisayo	isifundo	ILevord yafunda isifundo esibalulekileyo ngaloo mhla.	ILevord yafunda isifundo elonwabisayo esibalulekileyo ngaloo mhla.
UAna	ukuba	Ucinga ukuba bangamaphepha okusika.	Ucinga ukuba UAna bangamaphepha okusika.
ne-adventure	Ufumene	Ufumene isithuthuthu sakhe kwaye wagxotha.	Ufumene ne-adventure isithuthuthu sakhe kwaye wagxotha.
kugqirha	imini	Ngenye imini, ikati kunye nenja babedlala.	Ngenye imini kugqirha, ikati kunye nenja babedlala.
yindlela	iLisa	Ibala icele iLisa.	Ibala icele iLisa yindlela.
Ukhabe	bobabini	Ufuna ukubabukela bobabini.	Ufuna ukubabukela bobabini Ukhabe.
USarah	kakhulu	Kunokuba yingozi kakhulu.	Kunokuba yingozi kakhulu USarah.
inyamakazi	ziziqwenga	Tilly uthathe isigqibo sokuyinxalenye ye-napkin ibe ziziqwenga ezibini.	Tilly uthathe isigqibo sokuyinxalenye ye-napkin ibe ziziqwenga inyamakazi ezibini.
emde	UTom	UTom wayefuna ukumnceda.	UTom emde wayefuna ukumnceda.
wada	ethambile	YayinguYummy kwaye ethambile.	YayinguYummy kwaye ethambile wada.
Waye-orenji	yaqala	Njengoko baqhuba, i-beep yaqala ukuziva ndidiniwe.	Njengoko baqhuba, i-beep yaqala Waye-orenji ukuziva ndidiniwe.
obaphatha	eludakeni	I-max ethandwayo yokudlala eludakeni.	I-max ethandwayo yokudlala eludakeni obaphatha.
ichukumise	wangena	Umama wakhe wangena ngaphandle waza wamnika.	Umama wakhe wangena ichukumise ngaphandle waza wamnika.
Kwabenza	kwiveranda	Babona intaka kwiveranda.	Babona intaka kwiveranda Kwabenza.
yayilindelwe	Wayenethemba	Wayenethemba lokugcina uSally.	Wayenethemba yayilindelwe lokugcina uSally.
akakwazanga	Beza	Beza kunceda intaka.	Beza akakwazanga kunceda intaka.
Ifriji	kwaye	USally wavula imvulophu kwaye wafumana into yokudlala yomlingo.	USally wavula imvulophu kwaye Ifriji wafumana into yokudlala yomlingo.
Babambe	kunye	Wenza i-jug ithi molo kunye ne-goodbye.	Wenza i-jug ithi molo kunye Babambe ne-goodbye.
iinzwane	Wayefuna	Wayefuna ukubamba kwangoko.	Wayefuna iinzwane ukubamba kwangoko.
lakhe	rhoqo	UTim wayekuthanda ukucula iingoma ezivakalayo rhoqo kusasa.	UTim wayekuthanda ukucula iingoma ezivakalayo rhoqo lakhe kusasa.
iti	intaba-mlilo	Ngesinye isihlandlo, kwabakho intaba-mlilo encinci.	Ngesinye isihlandlo, kwabakho intaba-mlilo iti encinci.
yaba	kufutshane	Babeka kufutshane nomngxunya.	Babeka kufutshane yaba nomngxunya.
umpheki	nje	Bajonge nje ehlathini.	Bajonge nje umpheki ehlathini.
inqanawa	isibhakabhaka	Ilanga lalikhanya, kwaye isibhakabhaka sasiluhlaza.	Ilanga lalikhanya, kwaye isibhakabhaka inqanawa sasiluhlaza.
ibe	Ke	Ke ngoko wasiva isandi esikhulu.	Ke ibe ngoko wasiva isandi esikhulu.
bavuya	kakhulu	U-Lucy wayenesithukuthezi kakhulu ngeethoyi zakhe.	U-Lucy wayenesithukuthezi kakhulu bavuya ngeethoyi zakhe.
wayifihla	ukuthenga	Umama ufuna ukuthenga iisokisi kubo.	Umama ufuna ukuthenga wayifihla iisokisi kubo.
iphiko	ibhanti	Uthathe ibhanti kwaye wasungula ubisi kunye nalo.	Uthathe ibhanti iphiko kwaye wasungula ubisi kunye nalo.
i-rat	kakhulu	UTim wayefuna ukuyifumana, kodwa wayesoyika kakhulu.	UTim wayefuna ukuyifumana, kodwa wayesoyika kakhulu i-rat.
Iintaka	Babevuya	Babevuya kuba uMama wayethenge ezinye iintyatyambo ezingakumbi.	Babevuya Iintaka kuba uMama wayethenge ezinye iintyatyambo ezingakumbi.
layo	Ngethuba	Ngethuba elithile, bekukho inkwenkwe enguMark.	Ngethuba layo elithile, bekukho inkwenkwe enguMark.
wathiya	kwaye	Yawa phantsi kwaye yaqhekeza iziqwenga ezininzi.	Yawa phantsi kwaye wathiya yaqhekeza iziqwenga ezininzi.
Ubethile	into	Wayefuna ukwazi yonke into ngoku.	Wayefuna ukwazi yonke into Ubethile ngoku.
ikhululekile	mntu	Akukho mntu wayesepakini.	Akukho mntu ikhululekile wayesepakini.
amaqanda	kunye	U-Lisa kunye noTim bakuvuyela ukufunda ngedrafti.	U-Lisa kunye amaqanda noTim bakuvuyela ukufunda ngedrafti.
yangcungcutheka	Intlanzi	Intlanzi efana nokudlala kunye ne-subrurmarine.	Intlanzi yangcungcutheka efana nokudlala kunye ne-subrurmarine.
nomngxunya	Wayengacingi	Wayengacingi ukuba akayazi.	Wayengacingi nomngxunya ukuba akayazi.
Siyayithanda	izinyuko	Wakhwela izinyuko kwaye wajonga phantsi.	Wakhwela izinyuko Siyayithanda kwaye wajonga phantsi.
izele	iapile	Intombazana yayilambile kwaye yayifuna iapile.	Intombazana yayilambile kwaye yayifuna iapile izele.
i-teddy	amathambo	Kodwa andidli amathambo.	Kodwa andidli amathambo i-teddy.
ye-rag	zivulekile	Iblue ithandwa ukubukela iintyatyambo zivulekile.	Iblue ithandwa ukubukela iintyatyambo zivulekile ye-rag.
Siza	kakhulu	Wayevuya kakhulu kwaye wonke umntu wothukile.	Wayevuya kakhulu Siza kwaye wonke umntu wothukile.
kuyithenga	koko	Kodwa emva koko, kwenzeka into engalindelekanga.	Kodwa emva koko kuyithenga, kwenzeka into engalindelekanga.
ne-sandbox	enemibala	Ngoku, imoto enemibala ilungele.	Ngoku, imoto enemibala ne-sandbox ilungele.
onokubanceda	imini	Ngenye imini, inja encinci entle yahambahamba.	Ngenye imini onokubanceda, inja encinci entle yahambahamba.
inqwelo-mafutha	wayehlala	UTimmy wayehlala kumthi omkhulu nosapho lwakhe.	UTimmy wayehlala inqwelo-mafutha kumthi omkhulu nosapho lwakhe.
kwelanga	ungabi	Ndicela ungabi nomsindo.	Ndicela ungabi kwelanga nomsindo.
esikhulu	uphumelele	UTina uphumelele ugqatso!	UTina uphumelele esikhulu ugqatso!
kwetyholo	uvuyo	Ndiyavuya Undincedile namhlanje, uvuyo.	Ndiyavuya Undincedile namhlanje, uvuyo kwetyholo.
ubanga	uJack	Yonke indawo uJack wabhala imifanekiso kunye negloves.	Yonke indawo uJack ubanga wabhala imifanekiso kunye negloves.
lokuzonwabisa	Ikati	Ikati enkulu yavuma.	Ikati lokuzonwabisa enkulu yavuma.
awayezityeshelanga	wadlalwa	U-Tim wadlalwa nge-sue kwaye waqinisekisa ukuba wonwabile.	U-Tim wadlalwa awayezityeshelanga nge-sue kwaye waqinisekisa ukuba wonwabile.
ezintle	Ibaleke	Ibaleke iyokufumana umntu omtsha.	Ibaleke ezintle iyokufumana umntu omtsha.
wanxiba	ukufumana	Bazama ukufumana indlela yabo ngaphandle kodwa bengakwazanga.	Bazama ukufumana wanxiba indlela yabo ngaphandle kodwa bengakwazanga.
yayinxiba	elikhulu	Bonke bafuna ibhaso, iqanda elikhulu.	Bonke bafuna ibhaso, iqanda elikhulu yayinxiba.
Bayisusa	ngeethoyi	Bathanda ukudlala ngeethoyi zabo kwiyadi.	Bathanda ukudlala ngeethoyi Bayisusa zabo kwiyadi.
Wagoduka	ne-bug	Bayalibala malunga ne-bug.	Bayalibala malunga ne-bug Wagoduka.
ngoBen	imini	Ngenye imini, uMax wayedlala epakini.	Ngenye imini ngoBen, uMax wayedlala epakini.
Wayebaleka	netafile	Abahlobo abaninzi bafika kufutshane netafile mihla le.	Abahlobo abaninzi bafika kufutshane netafile Wayebaleka mihla le.
ngabo	kunye	I-Lily kunye ne-daisy inyuka induli kunye.	I-Lily kunye ngabo ne-daisy inyuka induli kunye ngabo.
ungadlala	anzongonzongo	Ibhola kumanzi anzongonzongo.	Ibhola kumanzi anzongonzongo ungadlala.
Ilithandile	kukho	Ixesha elinye, kukho i-rat.	Ixesha elinye, kukho Ilithandile i-rat.
kwizitulo	Ke	Ke, bayivula le bhokisi kunye.	Ke kwizitulo, bayivula le bhokisi kunye.
Ilithandile	Kwakukho	Kwakukho i-ice cream kuyo yonke imibala kunye neencasa.	Kwakukho Ilithandile i-ice cream kuyo yonke imibala kunye neencasa.
Umnqwazi	encinci	Intaka encinci yayidiniwe kwaye ifuna ukuphumla.	Intaka encinci Umnqwazi yayidiniwe kwaye ifuna ukuphumla.
elunxwemeni	Kodwa	Kodwa wayesazi ukuba i-max ilungile.	Kodwa elunxwemeni wayesazi ukuba i-max ilungile.
wayedlala	Inyosi	Inyosi ayifuni ukuyeka.	Inyosi wayedlala ayifuni ukuyeka.
ewe	nebhanana	Umama wakhe wamnika iapile kunye nebhanana.	Umama wakhe wamnika iapile kunye nebhanana ewe.
yaseSally	babona	Njengoko babehamba, babona iintyatyambo ezintle kunye nemithi emikhulu.	Njengoko babehamba, babona yaseSally iintyatyambo ezintle kunye nemithi emikhulu.
siya	kunangaphambili	Iqela lalimnandi ngakumbi kunangaphambili.	Iqela lalimnandi ngakumbi kunangaphambili siya.
ibibambe	ngetosi	Babevuya kakhulu ngetosi yabo entsha.	Babevuya kakhulu ngetosi ibibambe yabo entsha.
igolide	into	Xa bafika phezulu, babona into engalindelekanga.	Xa bafika phezulu, babona into igolide engalindelekanga.
kwiParade	okanye	Akayifuni iruby ukuba ibe lusizi okanye woyike.	Akayifuni iruby ukuba ibe lusizi okanye kwiParade woyike.
nemivimbo	Ke	Ke, ngequbuliso, bafika elunxwemeni.	Ke nemivimbo, ngequbuliso, bafika elunxwemeni.
ukhuphe	Ngekhe	Ngekhe sitshabalale kuwe.	Ngekhe ukhuphe sitshabalale kuwe.
wayebande	lisondele	Wayefuna ukubona ilanga elikhulu, eliqaqambileyo lisondele.	Wayefuna ukubona ilanga elikhulu, eliqaqambileyo lisondele wayebande.
Iphelelwe	ujijekile	Umama wabamba isiphatho esinzima kwaye ujijekile.	Umama wabamba isiphatho esinzima kwaye ujijekile Iphelelwe.
inxibe	yabo	Baphosa ibhola yabo yekhephu kwaye babuyela endlwini.	Baphosa ibhola yabo inxibe yekhephu kwaye babuyela endlwini.
ekhayeni	namanzi	Ke, wakunika ukutya namanzi.	Ke, wakunika ukutya namanzi ekhayeni.
ngeqanda	uSue	Xa uSue ufike ekhaya, wafumana uMax nge-lollipop.	Xa uSue ngeqanda ufike ekhaya, wafumana uMax nge-lollipop.
yazisola	itsiba	Inja itsiba kuyo.	Inja itsiba yazisola kuyo.
yokuphuma	ukukhwela	Inja ithe yangena esinkini ukukhwela.	Inja ithe yangena esinkini ukukhwela yokuphuma.
ngokwenza	ukubatya	Wayengafuni ukubatya isidlo sangokuhlwa.	Wayengafuni ukubatya ngokwenza isidlo sangokuhlwa.
babephumelele	kwabakho	Ngesinye isihlandlo, kwabakho ibhere enkulu.	Ngesinye isihlandlo, kwabakho babephumelele ibhere enkulu.
socingo	Ukufika	Ukufika kwakhe, umama wakhe wayigcama.	Ukufika socingo kwakhe, umama wakhe wayigcama.
wakuvuyela	Bacinga	Bacinga ukuba uAna wayengaqhelekanga kwaye ephambene.	Bacinga wakuvuyela ukuba uAna wayengaqhelekanga kwaye ephambene.
emhlabeni	Babenokonwaba	Babenokonwaba kakhulu kunye.	Babenokonwaba emhlabeni kakhulu kunye.
eyayinetyala	ukuthetha	Ibhodi emnyama yaqala ukuthetha!	Ibhodi emnyama yaqala ukuthetha eyayinetyala!
kwayeatsiba	UAnna	UAnna unomdla kakhulu, kwaye kunjalo nawe.	UAnna kwayeatsiba unomdla kakhulu, kwaye kunjalo nawe.
yayiziva	omkhulu	U-Liz wayehlala kumthi omkhulu.	U-Liz wayehlala kumthi omkhulu yayiziva.
wayentsha	inyibiba	Kodwa emva koko inyibiba ive inyibiba yempumlo yakhe.	Kodwa emva koko inyibiba wayentsha ive inyibiba wayentsha yempumlo yakhe.
ihambahamba	yakhe	Uye waguqa ibhere yakhe.	Uye waguqa ibhere yakhe ihambahamba.
Ihelikopta	yayinkulu	I-meze yayinkulu kakhulu kuwe.	I-meze yayinkulu Ihelikopta kakhulu kuwe.
otter	bonwabile	UAna noBhen wathi, bonwabile.	UAna noBhen wathi, bonwabile otter.
badinwa	ibhotile	Bayisusa ibhotile kunye neengubo.	Bayisusa ibhotile badinwa kunye neengubo.
uyenzile	ngaphandle	Wayekuthanda ukudlala ngaphandle, nokuba imeko yemozulu.	Wayekuthanda ukudlala ngaphandle uyenzile, nokuba imeko yemozulu.
I-snuck	kwaye	Yayinomhlobo, kwaye indiza yayiyonwaba.	Yayinomhlobo, kwaye I-snuck indiza yayiyonwaba.
kunangaphambili	Ngenye	Ngenye imini, ixesha lalifuna ukufundisa i-max iqhinga elitsha.	Ngenye kunangaphambili imini, ixesha lalifuna ukufundisa i-max iqhinga elitsha.
Uxubekile	kwaye	Inja yavuma, kwaye badlala kunye ngovuyo.	Inja yavuma, kwaye Uxubekile badlala kunye ngovuyo.
ziya	noTom	I-Lily kunye noTom bonwabile.	I-Lily kunye noTom ziya bonwabile.
unenkalipho	ikhuphe	Ke, i-sue ikhuphe ibhola ukuze idlale nayo.	Ke, i-sue ikhuphe unenkalipho ibhola ukuze idlale nayo.
ucango	Bayathanda	Bayathanda ukudlala epakini.	Bayathanda ucango ukudlala epakini.
Wamthanda	wayekuthanda	UTom wayekuthanda ukudlala amaqhinga kubahlobo bakhe.	UTom wayekuthanda Wamthanda ukudlala amaqhinga kubahlobo bakhe.
i-hose	ukuba	Babemoyika kakhulu kwaye bengazi ukuba benze ntoni.	Babemoyika kakhulu kwaye bengazi ukuba i-hose benze ntoni.
Bayinqumla	kwaye	Yayipinki, iorenji, kwaye ibomvu.	Yayipinki, iorenji, kwaye Bayinqumla ibomvu.
kaxakeka	uyathanda	UBob uyathanda ukubhabha phezulu esibhakabhakeni.	UBob uyathanda kaxakeka ukubhabha phezulu esibhakabhakeni.
izikhephe	wacela	UTom wacela intombazana encinci.	UTom wacela izikhephe intombazana encinci.
Okwalo	Wayekuthanda	Wayekuthanda ukunxiba iimpahla ezintle.	Wayekuthanda Okwalo ukunxiba iimpahla ezintle.
wayingcamla	wayesoloko	Kwaye umama wakhe wayesoloko eyazi ukuba kuthetha ntoni.	Kwaye umama wakhe wayesoloko wayingcamla eyazi ukuba kuthetha ntoni.
Bakhawuleza	iibhloko	Akazithandi iibhloko ngomlomo kaBen.	Akazithandi iibhloko Bakhawuleza ngomlomo kaBen.
ngephepha	Inenekazi	Inenekazi lajongeka lusizi kwaye lililolo.	Inenekazi ngephepha lajongeka lusizi kwaye lililolo.
Ungandinceda	kakhulu	Bobabini banoyolo kakhulu.	Bobabini banoyolo kakhulu Ungandinceda.
Square	unethamsanqa	UTim waziva unethamsanqa kwaye wonwabile.	UTim waziva unethamsanqa Square kwaye wonwabile.
sasiyim	yaqala	Intombazana yajonga kuye yaqala ukuncuma.	Intombazana yajonga kuye yaqala sasiyim ukuncuma.
achukumise	se-tomato	Isityalo esincinci se-tomato saziva sonwabile kwaye saqala ukuqhuma.	Isityalo esincinci se-tomato achukumise saziva sonwabile kwaye saqala ukuqhuma.
wenciniba	yedwa	Ikati ibiyoyika kwaye yedwa.	Ikati ibiyoyika kwaye yedwa wenciniba.
UFinn	ilitye	Wabona ilitye elirhabaxa emhlabeni.	Wabona ilitye UFinn elirhabaxa emhlabeni.
nguMama	Bazibeka	Bazibeka kwisitya esikhulu kwaye bazikhukhumalayo.	Bazibeka nguMama kwisitya esikhulu kwaye bazikhukhumalayo.
no-Ben	idyasi	Wayenxibe idyasi enkulu yokuhlala efudumele.	Wayenxibe idyasi no-Ben enkulu yokuhlala efudumele.
sele	ocingayo	Utata wavuya kuba wayenombono ocingayo.	Utata wavuya kuba wayenombono ocingayo sele.
ukubuyisa	Wavuya	Wavuya kakhulu kwaye wafumana isigcina-ntloko.	Wavuya ukubuyisa kakhulu kwaye wafumana isigcina-ntloko.
yabaleka	ingxolo	Weva ingxolo enkulu ngaphandle.	Weva ingxolo yabaleka enkulu ngaphandle.
iibhafu	Inenekazi	Inenekazi lazisola ngoBen.	Inenekazi iibhafu lazisola ngoBen.
wancuma	amanzi	Wabona amanzi aluhlaza kunye nesanti ethambileyo.	Wabona amanzi wancuma aluhlaza kunye nesanti ethambileyo.
yayinecingo	lazise	I-Spot ifake ithambo kwaye lazise i-tim.	I-Spot ifake ithambo kwaye lazise yayinecingo i-tim.
lakhe	Kodwa	Kodwa ke, isibhakabhaka sajika simnyama.	Kodwa lakhe ke, isibhakabhaka sajika simnyama.
Ben	emanzini	Bathanda ukudlala kunye emanzini.	Bathanda ukudlala kunye emanzini Ben.
isondeze	wancuma	Umnumzana cuddle wancuma kwaye wancuma.	Umnumzana cuddle wancuma isondeze kwaye wancuma isondeze.
wawunokomelela	nge-adventure	Babaxelela nge-adventure yabo.	Babaxelela nge-adventure wawunokomelela yabo.
iyamangalisa	engalindelekanga	Emva koko, kwenzeka into engalindelekanga.	Emva koko, kwenzeka into engalindelekanga iyamangalisa.
yabo	cat	UTim wayene-toy cat awayeyithanda kakhulu.	UTim wayene-toy cat yabo awayeyithanda kakhulu.
I-Biggie	Badlale	Badlale ngethoyi yonke imini yonke.	Badlale I-Biggie ngethoyi yonke imini yonke.
kuvuma	Ikati	Ikati yayingeyonto ingaphindi.	Ikati kuvuma yayingeyonto ingaphindi.
Banqwenela	kwakubanda	Kodwa kwakubanda kwaye kunomoya.	Kodwa kwakubanda Banqwenela kwaye kunomoya.
uPawulos	ukudlala	Bayathanda ukudlala ngoonodoli kunye neemoto.	Bayathanda ukudlala uPawulos ngoonodoli kunye neemoto.
negloves	noMax	UTom noMax bonwabile!	UTom noMax negloves bonwabile!
babehlala	Babenoyolo	Babenoyolo kwaye bekhuselekile.	Babenoyolo babehlala kwaye bekhuselekile.
wayeziva	Ibhabhathane	Ibhabhathane yayithandwa kakhulu.	Ibhabhathane wayeziva yayithandwa kakhulu.
wayo	wayefuna	UTim wayefuna ukuthenga isipho sikamama wakhe.	UTim wayefuna wayo ukuthenga isipho sikamama wakhe.
ukuthintela	ukummangalela	Wayefuna ukummangalela ngesipho.	Wayefuna ukummangalela ukuthintela ngesipho.
inkunkuma	wamangaliswa	UTim wamangaliswa kakhulu.	UTim wamangaliswa inkunkuma kakhulu.
empompoleni	linguSue	Babona intombazana encinci egama linguSue.	Babona intombazana encinci egama linguSue empompoleni.
Uziva	Bafumana	Bafumana umnqwazi obekiweyo.	Bafumana Uziva umnqwazi obekiweyo.
neRegs	lusizi	I-squirrel yayijongeka lusizi.	I-squirrel yayijongeka lusizi neRegs.
Khokela	nje	Bafuna nje ukuba ngabahlobo abalungileyo.	Bafuna nje Khokela ukuba ngabahlobo abalungileyo.
inexhala	Baba	Baba ngabahlobo abalungileyo.	Baba inexhala ngabahlobo abalungileyo.
Ngequbuliso	Banqumama	Banqumama umdlalo wabo kwaye basebenze ekhitshini.	Banqumama Ngequbuliso umdlalo wabo kwaye basebenze ekhitshini.
wayesebenza	kunye	Umvundla kunye nabahlobo bakhe bonwabile.	Umvundla kunye wayesebenza nabahlobo bakhe bonwabile.
wacela	badlala	Besonwabile, kwaye badlala imini yonke.	Besonwabile, kwaye badlala wacela imini yonke.
yafunda	UBob	UBob watsibela kwaye wawufumana.	UBob yafunda watsibela kwaye wawufumana.
iphezulu	imini	Ngenye imini, inqwelomoya encinci yayibhabha esibhakabhakeni.	Ngenye imini iphezulu, inqwelomoya encinci yayibhabha esibhakabhakeni.
ingobozi	lakhe	Wazisa icebo lakhe elithandayo, imoto eyimodeli.	Wazisa icebo lakhe ingobozi elithandayo, imoto eyimodeli.
kwengxondorha	I-Swean	I-Swean ityhile ibhola ngomlomo wayo.	I-Swean kwengxondorha ityhile ibhola ngomlomo wayo.
uqonda	ukuba	Wayengazi ukuba ukuba traffic yayiyingozi.	Wayengazi ukuba uqonda ukuba uqonda traffic yayiyingozi.
Isibhakabhaka	sangokuhlwa	Wayengakwazi ukulinda isidlo sangokuhlwa.	Wayengakwazi ukulinda isidlo sangokuhlwa Isibhakabhaka.
Ingaphakathi	i-Bite	Bathatha i-Bite kwaye kwenzeka into engalindelekanga.	Bathatha i-Bite Ingaphakathi kwaye kwenzeka into engalindelekanga.
i-sandwich	Ngenye	Ngenye imini, indlovu yafumana umnqwazi oqinileyo.	Ngenye i-sandwich imini, indlovu yafumana umnqwazi oqinileyo.
i-Snowneman	Intaka	Intaka yayinobunzima kwiphiko layo.	Intaka i-Snowneman yayinobunzima kwiphiko layo.
Yayimjonga	esi	Wayengazange asibone esi sidalwa esingaziwayo ngaphambili.	Wayengazange asibone esi Yayimjonga sidalwa esingaziwayo ngaphambili.
yefowuni	Iqanda	Iqanda laqhekeka emhlabeni.	Iqanda yefowuni laqhekeka emhlabeni.
yayiqinisekile	kunye	Ikati kunye nenja yayilusizi.	Ikati kunye yayiqinisekile nenja yayilusizi.
Ingathanda	kokudlala	Emva kokudlala, uTom noSue babediniwe.	Emva kokudlala Ingathanda, uTom noSue babediniwe.
Uyaxoka	ukuqhekeza	Ingcambu enkulu esemlonyeni iqalile ukuqhekeza.	Ingcambu enkulu esemlonyeni iqalile ukuqhekeza Uyaxoka.
Akayi	iibhokisi	Kwaye sinokusebenzisa iibhokisi zejusi njenge-oyile.	Kwaye sinokusebenzisa iibhokisi Akayi zejusi njenge-oyile.
somlingo	kakhulu	Umvundla ubonakala wonwabile kakhulu.	Umvundla ubonakala wonwabile kakhulu somlingo.
wabelana	wadanisa	Uye wadlala kakhulu kwaye wadanisa egumbini lakhe.	Uye wadlala kakhulu kwaye wadanisa wabelana egumbini lakhe.
waphinda	Umama	Umama akavuthanga kwakhona.	Umama waphinda akavuthanga kwakhona.
elandelayo	UBobby	UBobby waqhubeka nokudlala kwaye ekugqibeleni ulibale ngayo.	UBobby elandelayo waqhubeka nokudlala kwaye ekugqibeleni ulibale ngayo.
ukuluma	kufutshane	Badlale kunye kufutshane nechibi yonke imihla.	Badlale kunye kufutshane ukuluma nechibi yonke imihla.
ngokugqibeleleyo	Ngequbuliso	Ngequbuliso, weva ilizwi.	Ngequbuliso ngokugqibeleleyo, weva ilizwi.
ziincinci	ibhayisekile	Ngenye imini, inkwenkwana egama linguTim yafumana ibhayisekile entsha.	Ngenye imini, inkwenkwana egama linguTim yafumana ibhayisekile ziincinci entsha.
Zama	igama	Wazama ukumbonisa indlela yokubhalela igama lakhe.	Wazama ukumbonisa indlela yokubhalela igama Zama lakhe.
UJen	i-acorn	USam wayithatha i-acorn ekhayeni lakhe emthini.	USam wayithatha i-acorn UJen ekhayeni lakhe emthini.
i-Eraser	enomsindo	UMia uziva enomsindo.	UMia uziva enomsindo i-Eraser.
bathanda	yayisele	Kodwa yayisele kudala.	Kodwa yayisele bathanda kudala.
Baqhubela	bakhe	Wayefuna ukubonisa i-bug kubahlobo bakhe.	Wayefuna ukubonisa i-bug kubahlobo bakhe Baqhubela.
i-tilly	banikina	Ben no-Lily banikina i-cell.	Ben no-Lily banikina i-tilly i-cell.
kufike	ngoonodoli	Wayethanda ukudlala ngoonodoli.	Wayethanda ukudlala ngoonodoli kufike.
elikhulu	ubave	Umama ubave kwaye weza kubona ukuba yintoni ingxaki.	Umama ubave elikhulu kwaye weza kubona ukuba yintoni ingxaki.
omnyama	enkulu	Yayiyindawo enkulu ebomvu!	Yayiyindawo enkulu omnyama ebomvu!
Yayiyipepile	intaka	Ke, intaka kunye nentaba-mlilo idlale kunye.	Ke, intaka Yayiyipepile kunye nentaba-mlilo idlale kunye.
Isitya	wakhe	I-Froggy ifuna ukunceda umhlobo wakhe.	I-Froggy ifuna ukunceda umhlobo wakhe Isitya.
linguBilly	Bahlala	Bahlala bonwabile kwihlathi elikhulu.	Bahlala linguBilly bonwabile kwihlathi elikhulu.
ende	uncedo	ULeo woyika, kodwa wayesazi ukuba ufuna uncedo.	ULeo woyika, kodwa wayesazi ukuba ufuna uncedo ende.
idanga	kakhulu	Kodwa uTom wayenengxolo kakhulu.	Kodwa uTom wayenengxolo kakhulu idanga.
Ukuhamba	Baphosa	Baphosa iziqwenga emanzini.	Baphosa Ukuhamba iziqwenga emanzini.
entlanjeni	Babuza	Babuza intombazana eyayibukele.	Babuza entlanjeni intombazana eyayibukele.
bahleka	yonke	Xa sele egqibile, uMama wakhuthaza yonke into kunye ngokukhawuleza.	Xa sele egqibile, uMama wakhuthaza yonke bahleka into kunye ngokukhawuleza.
wavuya	abahlobo	I-Lily iqalile ukudanisa, kwaye abahlobo bakhe babukela.	I-Lily iqalile ukudanisa, kwaye abahlobo wavuya bakhe babukela.
ekubhaka	i-cage	Basebenze kunye ukuvula i-cage.	Basebenze kunye ukuvula i-cage ekubhaka.
inkukhu	indawo	Wayefuna ukubona indawo entsha.	Wayefuna ukubona indawo inkukhu entsha.
ziluncedo	Isinambuzane	Isinambuzane sonwabile kwaye siyithembe intaka.	Isinambuzane ziluncedo sonwabile kwaye siyithembe intaka.
ngethoyi	UTim	UTim kunye noMnu Robot bahleka kwaye badanisa kunye.	UTim ngethoyi kunye noMnu Robot bahleka kwaye badanisa kunye.
iinzwane	Ngesinye	Ngesinye isihlandlo, kwabakho ikati encinci ye-furry.	Ngesinye iinzwane isihlandlo, kwabakho ikati encinci ye-furry.
ukuyifumana	Banceda	Banceda umama kumgubo, iswekile, kunye nebhotolo.	Banceda ukuyifumana umama kumgubo, iswekile, kunye nebhotolo.
Une-doll	ezimbini	Ke, iibhola ezimbini ziqengqeleka kwaye zadlala imini yonke.	Ke, iibhola ezimbini Une-doll ziqengqeleka kwaye zadlala imini yonke.
elothusayo	kunye	Babhabha badlale kunye esibhakabhakeni.	Babhabha badlale kunye elothusayo esibhakabhakeni.
wakwenza	ikati	Epakini, babona ikati enkulu.	Epakini, babona ikati wakwenza enkulu.
ngeebhloko	abalungileyo	I-Lily kunye ne-Tom yayingabahlobo abalungileyo.	I-Lily kunye ne-Tom yayingabahlobo abalungileyo ngeebhloko.
eliqaqambileyo	kunye	Ubona imifanekiso yezityalo, intlanzi kunye nabantu.	Ubona imifanekiso yezityalo, intlanzi kunye eliqaqambileyo nabantu.
i-mama	kwaye	Yayithambile kwaye imhlophe.	Yayithambile kwaye i-mama imhlophe.
balungisa	Yakhala	Yakhala ke kabuhlungu, yaqonda ukuba yayiyedwa.	Yakhala balungisa ke kabuhlungu, yaqonda ukuba yayiyedwa.
olugudileyo	wayelungile	UFluffy wayelungile kakhulu ekubhaka.	UFluffy wayelungile olugudileyo kakhulu ekubhaka.
oneentyatyambo	kakhulu	UTim noMia babebuhlungu kakhulu.	UTim noMia babebuhlungu kakhulu oneentyatyambo.
Ibaleke	wamgona	Umama notata wamgona.	Umama notata wamgona Ibaleke.
imisebenzi	noJane	Abantwana kunye noJane bothuka.	Abantwana kunye noJane imisebenzi bothuka.
ingoma	I-kitten	I-kitten yayisonwabile kwaye ikhutshiwe kufutshane ne-lucy.	I-kitten ingoma yayisonwabile kwaye ikhutshiwe kufutshane ne-lucy.
esibhakabhakeni	wakhe	Wabiza umama wakhe.	Wabiza umama wakhe esibhakabhakeni.
amagama	ukudlala	Wayekuthanda ukudlala nabahlobo bakhe.	Wayekuthanda ukudlala amagama nabahlobo bakhe.
elandelayo	indawo	UMia wajonga yonke indawo ibhola yakhe.	UMia wajonga yonke indawo elandelayo ibhola yakhe.
Lusizi	liza	Unethemba lokuba ixesha liza kukhuseleka.	Unethemba lokuba ixesha liza Lusizi kukhuseleka.
yamxelela	okokuqala	Waye wabona ukuqhuma okokuqala.	Waye wabona ukuqhuma okokuqala yamxelela.
bumnandi	Kuvunyelwene	Kuvunyelwene ngenqwelo moya eluhlaza okwesibhakabhaka.	Kuvunyelwene bumnandi ngenqwelo moya eluhlaza okwesibhakabhaka.
ndicela	Wayeziva	Wayeziva zonke izandi ezijikeleze yena.	Wayeziva ndicela zonke izandi ezijikeleze yena.
ukukhwela	kunazo	Ikhula ide kunazo zonke ezinye iimbotyi.	Ikhula ide kunazo ukukhwela zonke ezinye iimbotyi.
yamayeza	babe	Babavumela babe babebukela ngokumangalisa.	Babavumela babe yamayeza babebukela ngokumangalisa.
ikhwele	yokudlala	Babenemilo eyonwabisayo yokudlala ngebhola.	Babenemilo eyonwabisayo yokudlala ikhwele ngebhola.
wayengasoze	Intombazana	Intombazana encinci yonwabile.	Intombazana wayengasoze encinci yonwabile.
iphuhlise	yokungcola	Bafika kwinduli enkulu yokungcola.	Bafika kwinduli enkulu yokungcola iphuhlise.
baliva	Bayathanda	Bayathanda ukudlala ngaphandle.	Bayathanda baliva ukudlala ngaphandle.
ezintsha	ngabahlobo	Ikati kunye nentaka yaba ngabahlobo.	Ikati kunye nentaka yaba ngabahlobo ezintsha.
Uyamlandela	ngokuba	Nje ukuba, kukho inja ebizwa ngokuba yindawo.	Nje ukuba, kukho inja ebizwa ngokuba Uyamlandela yindawo.
kaLucy	iinqaba	Bobabini baqala ukwakha iinqaba zabo.	Bobabini baqala ukwakha iinqaba kaLucy zabo.
oneminyaka	kwenzeka	Kodwa emva koko, kwenzeka into engalindelekanga.	Kodwa emva koko, kwenzeka oneminyaka into engalindelekanga.
kuphele	Wayelabaleka	Wayelabaleka waya kwincwadi yakhe waza waqalisa ukuzoba.	Wayelabaleka kuphele waya kwincwadi yakhe waza waqalisa ukuzoba.
elide	kunye	I-Lily kunye ne-Tom zilusizi.	I-Lily kunye elide ne-Tom zilusizi.
yeethoyi	Iliwa	Iliwa lalihamba ngokukhawuleza.	Iliwa yeethoyi lalihamba ngokukhawuleza.
itsala	uTom	Njengoko ilanga litshona, uTom noJane bathi.	Njengoko ilanga litshona, uTom itsala noJane bathi.
kaDaisy	yaphoswa	Ikati yavuya kwaye yaphoswa nge-paw yakhe.	Ikati yavuya kwaye yaphoswa kaDaisy nge-paw yakhe.
awayezama	Bayifumana	Bayifumana ibhola ngezandla zabo.	Bayifumana awayezama ibhola ngezandla zabo.
UMimi	kodwa	UTim wayeyoyika, kodwa uMax wakhunjulwa ukuba aziphathe.	UTim wayeyoyika, kodwa UMimi uMax wakhunjulwa ukuba aziphathe.
emanzini	wabona	Ngelixa ujonge ukutya, uBob wabona umgibe.	Ngelixa ujonge ukutya, uBob wabona emanzini umgibe.
ngoncedo	ukuba	UMax ufunde ukuba abahlobo banokunceda xa unexhala.	UMax ufunde ukuba ngoncedo abahlobo banokunceda xa unexhala.
intetho	inyibiba	UTom waphakamisa inyibiba phezulu.	UTom waphakamisa inyibiba intetho phezulu.
wasula	ivile	Intaba-mlilo ivile i-Tim.	Intaba-mlilo ivile wasula i-Tim.
Nceda	noSam	Emva kweentsuku ezimbalwa, uMax wadibana noSam.	Emva kweentsuku ezimbalwa, uMax wadibana noSam Nceda.
wayekhathazekile	umhlobo	Wayefuna ukuyibonisa umhlobo wakhe, uTom.	Wayefuna ukuyibonisa umhlobo wayekhathazekile wakhe, uTom.
lubalaseleyo	baba	Ekuqaleni, ngeTim wayeyoyika, kodwa ke baba ngabahlobo.	Ekuqaleni, ngeTim wayeyoyika, kodwa ke baba lubalaseleyo ngabahlobo.
imbisekile	xesha	Kanye ngelo xesha, ibug encinci iphuma kwintyatyambo.	Kanye ngelo xesha imbisekile, ibug encinci iphuma kwintyatyambo.
okwesibhakabhaka	owaphukileyo	Ingcuka yayinomlenze owaphukileyo!	Ingcuka yayinomlenze owaphukileyo okwesibhakabhaka!
Ubuyise	Yayiyinto	Yayiyinto enkulu, ejikelezayo!	Yayiyinto Ubuyise enkulu, ejikelezayo!
uTim	ukubonisa	Wayefuna ukubonisa umhlobo wakhe, uSam.	Wayefuna ukubonisa uTim umhlobo wakhe, uSam.
Ababini	Uzamile	Uzamile ukubhabha njengentaka.	Uzamile Ababini ukubhabha njengentaka.
ikhuphe	sue	Emarikeni, sue wabona umthi omkhulu weCherry.	Emarikeni, sue ikhuphe wabona umthi omkhulu weCherry.
nezandla	lokufundela	Igumbi lokufundela alisaphindanga.	Igumbi lokufundela nezandla alisaphindanga.
ikhadi	wakhe	Wayefuna ukuxelela umama wakhe malunga ne-pebble.	Wayefuna ukuxelela umama wakhe ikhadi malunga ne-pebble.
Pight	kwabo	Ukufika kwabo kumthi omkhulu, uBella wonwabe kakhulu.	Ukufika kwabo Pight kumthi omkhulu, uBella wonwabe kakhulu.
banokuthwala	phantsi	Ubona iintlanzi ezininzi nezityalo phantsi kwamanzi.	Ubona iintlanzi ezininzi nezityalo phantsi banokuthwala kwamanzi.
ecaleni	kwakhona	I-bunny yayingekhe iyoyike kwakhona.	I-bunny yayingekhe iyoyike kwakhona ecaleni.
ngendlela	ubuso	Inja yaphosa umsila wayo kwaye yakhaba ubuso bokumkani.	Inja yaphosa umsila wayo kwaye yakhaba ubuso ngendlela bokumkani.
Bayisusa	Wayekuthanda	Wayekuthanda ukonwaba nabahlobo bakhe.	Wayekuthanda Bayisusa ukonwaba nabahlobo bakhe.
yajongajika	Uyakoyika	Uyakoyika kwaye uyathanda ukukhuselwa.	Uyakoyika yajongajika kwaye uyathanda ukukhuselwa.
emqolo	eliqaqambileyo	Ekugqibeleni, u-slinky akakwazanga ukufumana ilitye eliqaqambileyo.	Ekugqibeleni, u-slinky akakwazanga ukufumana ilitye eliqaqambileyo emqolo.
ezinkulu	wayenengxowa	Umama wayenengxowa encinci enemali kuyo.	Umama wayenengxowa ezinkulu encinci enemali kuyo.
lihlala	egama	Ngenye imini, inkwenkwana egama linguTim yafumana ibhunga elaphukileyo.	Ngenye imini, inkwenkwana egama lihlala linguTim yafumana ibhunga elaphukileyo.
wayelungile	Yayikrakra	Yayikrakra kwaye i-yucky.	Yayikrakra wayelungile kwaye i-yucky.
Imnyama	beva	Umama notata beva ingxolo.	Umama notata beva Imnyama ingxolo.
zilumkisa	i-tick	UBobo ungenise i-tick ebukhali emva kwi-Igloo.	UBobo ungenise i-tick zilumkisa ebukhali emva kwi-Igloo.
ebunzini	ihleli	Ngenye imini, i-sue ihleli phezulu kumgangatho.	Ngenye imini, i-sue ihleli ebunzini phezulu kumgangatho.
Unobuhlobo	kwigumbi	I-Tom ivile i-lily ingena kwigumbi.	I-Tom ivile i-lily ingena kwigumbi Unobuhlobo.
lalonwabile	yayingumfana	Lowo yayingumfana omangalisayo.	Lowo yayingumfana lalonwabile omangalisayo.
ancede	zeTim	Ngenye imini, iithoyi zeTim zaqala ukulwa.	Ngenye imini, iithoyi zeTim ancede zaqala ukulwa.
Square	bonke	IKitty noFuddy bamemeza bonke abahlobo babo emcimbini.	IKitty noFuddy bamemeza bonke Square abahlobo babo emcimbini.
ombi	uTim	Babengonwabanga ukuba uTim akazange ancede.	Babengonwabanga ukuba uTim ombi akazange ancede.
ilungele	wayivula	Ke, wayivula ibhokisi.	Ke, wayivula ilungele ibhokisi.
wayiphosa	ne-tom	I-Sue kunye ne-tom ayinakufumana indlela egodukayo.	I-Sue kunye ne-tom wayiphosa ayinakufumana indlela egodukayo.
ekutsaleni	imanzi	I-Tom imanzi kwaye ibanda.	I-Tom imanzi ekutsaleni kwaye ibanda.
ibiluncedo	wazama	USam wazama ukuxelela i-max, kodwa uMax akazange aphulaphule.	USam wazama ibiluncedo ukuxelela i-max, kodwa uMax akazange aphulaphule.
ogama	yakhe	Uzamile ukuhambisa i-hoop ngempumlo yakhe.	Uzamile ukuhambisa i-hoop ngempumlo yakhe ogama.
Wayefuna	Wayekuthanda	Wayekuthanda ukukhetha iiblueberry.	Wayekuthanda Wayefuna ukukhetha iiblueberry.
ukusika	Kodwa	Kodwa emva koko, uTom wakhe uTom wayibona ikhekhe.	Kodwa ukusika emva koko, uTom wakhe uTom wayibona ikhekhe.
igadi	U-Lucy	U-Lucy wayelusizi kakhulu.	U-Lucy igadi wayelusizi kakhulu.
ngedrafti	ibanjiwe	Inja ibanjiwe ikati.	Inja ibanjiwe ngedrafti ikati.
Utya	wavuya	Xa wayibona i-imeyile yakhe wavuya kakhulu.	Xa wayibona i-imeyile yakhe wavuya Utya kakhulu.
uTed	kuba	Wayenxibe idyasi yakhe enkulu kuba ebabanda ngaphandle.	Wayenxibe idyasi yakhe enkulu kuba uTed ebabanda ngaphandle.
i-lily	encinci	Kuphuma intaka encinci egama linguChirpy.	Kuphuma intaka encinci i-lily egama linguChirpy.
waliva	ngaphakathi	Ityhila into entle ngaphakathi.	Ityhila into entle ngaphakathi waliva.
avele	kwaye	U-Ben wayevuya kakhulu kwaye ewe!	U-Ben wayevuya kakhulu kwaye avele ewe!
kwabenza	ukunciphisa	USally nomama wakhe baqala ukunciphisa.	USally nomama wakhe baqala ukunciphisa kwabenza.
kwanguMelie	layo	Yabona inyibiba ngeqanda layo.	Yabona inyibiba ngeqanda layo kwanguMelie.
Icinga	yayinomdla	I-Lily yayinomdla kakhulu.	I-Lily yayinomdla Icinga kakhulu.
elumkileyo	kuphinda	Kwaye andisayi kuphinda ndikhethe iintyatyambo.	Kwaye andisayi kuphinda elumkileyo ndikhethe iintyatyambo.
wamphulaphule	ibe	UFluffy waziva ombi ngokwenza intombazana ibe lusizi.	UFluffy waziva ombi ngokwenza intombazana ibe wamphulaphule lusizi.
I-crab	iingoma	Bacula iingoma kunye kwaye baba ngabahlobo abasenyongweni.	Bacula iingoma I-crab kunye kwaye baba ngabahlobo abasenyongweni.
Banokuchukumisa	ipirate	Ngesinye isihlandlo, kwabakho ipirate.	Ngesinye isihlandlo, kwabakho ipirate Banokuchukumisa.
kubhala	enkulu	Yayiyindlela enkulu, ebiza kakhulu neemoto ezininzi.	Yayiyindlela enkulu kubhala, ebiza kakhulu neemoto ezininzi.
Babemoyika	encinci	Wayehlala kwindlu encinci.	Wayehlala kwindlu encinci Babemoyika.
Ilitye	ngaphandle	Ke, baphuma ngaphandle bafumana iinkuni.	Ke, baphuma ngaphandle Ilitye bafumana iinkuni.
Ithatha	kwigobo	I-Lucy ivele kwigobo.	I-Lucy ivele kwigobo Ithatha.
walila	wawabelana	Wathabatha iziqhamo kwaye wawabelana nabahlobo bakhe.	Wathabatha iziqhamo kwaye wawabelana walila nabahlobo bakhe.
Ayifanele	lekhaya	Wayefuna ukwenza iqokobhe lekhaya lakhe.	Wayefuna ukwenza iqokobhe lekhaya Ayifanele lakhe.
Ehlotyeni	isisidenge	I-Tim yaziva isisidenge.	I-Tim yaziva isisidenge Ehlotyeni.
nokugona	Ungoyena	Ungoyena mhlobo wam osenyongweni.	Ungoyena nokugona mhlobo wam osenyongweni.
benemilenze	Incede	Incede uTim ecoca igumbi lakhe.	Incede benemilenze uTim ecoca igumbi lakhe.
ukutsiba	lokudlala	Ngenye imini, ixesha laya epakini lokudlala.	Ngenye imini, ixesha laya epakini lokudlala ukutsiba.
uyakuthanda	kwaye	Zihle kakhulu kwaye zisidenge.	Zihle kakhulu kwaye uyakuthanda zisidenge.
Uxolo	intombazana	Inja kunye nekati yaphulaphula intombazana.	Inja kunye nekati yaphulaphula intombazana Uxolo.
neligwala	yakhe	UTim wayekuthanda ukurekhoda izinto ngetoyi yakhe ebizayo.	UTim wayekuthanda ukurekhoda izinto ngetoyi yakhe neligwala ebizayo.
abanemibala	baba	Babevuya kakhulu kwaye baba ngabahlobo abalungileyo.	Babevuya kakhulu kwaye baba abanemibala ngabahlobo abalungileyo.
iqalise	Babengazi	Babengazi ukuba bayifumana njani inyaniso.	Babengazi iqalise ukuba bayifumana njani inyaniso.
umzingeli	kakhulu	Umlimi wavuya kakhulu.	Umlimi wavuya kakhulu umzingeli.
ihamba	ilungileyo	Uye wathi yeyona fuza ilungileyo.	Uye wathi yeyona fuza ilungileyo ihamba.
exakekileyo	inqwelomoya	Waphosa inqwelomoya phezulu kangangoko wayenako.	Waphosa inqwelomoya exakekileyo phezulu kangangoko wayenako.
sasilambile	wabeka	Ke, wabeka ibhola epokothweni yakhe.	Ke, wabeka sasilambile ibhola epokothweni yakhe.
Wafumana	inamba	Abantu edolophini basoyika inamba.	Abantu edolophini basoyika inamba Wafumana.
umbala	yaphuma	Emva koko, ibhokisi ivuliwe, kwaye ikiti encinci yaphuma!	Emva koko, ibhokisi ivuliwe, kwaye ikiti encinci yaphuma umbala!
laphuma	Banokuchukumisa	Banokuchukumisa inkwenkwezi ngoku!	Banokuchukumisa laphuma inkwenkwezi ngoku!
Umkhulu	ezintle	UMax wabona izinto ezininzi ezintle ezixhonywe kwinqwelo.	UMax wabona izinto ezininzi ezintle Umkhulu ezixhonywe kwinqwelo.
Yonke	baqala	Ke, baqala ukulandela i-Anyanisi embi.	Ke, baqala Yonke ukulandela i-Anyanisi embi.
i-bugs	ngaphandle	Wonke umntu wayevuya kwaye edlala ngaphandle.	Wonke umntu wayevuya kwaye edlala ngaphandle i-bugs.
inyibiba	ukucoca	Wasebenzisa i-napkin ukucoca izandla zakhe.	Wasebenzisa i-napkin ukucoca inyibiba izandla zakhe.
iikherothi	kwaye	Wacinga kwaye wacinga.	Wacinga kwaye iikherothi wacinga.
ayibalibali	wayenomona	I-Sue yabona i-TAMAITO ebomvu ka-Tim kwaye wayenomona.	I-Sue yabona i-TAMAITO ebomvu ka-Tim kwaye wayenomona ayibalibali.
agcwele	yisangqa	Kwakukhangeleka ngathi yisangqa kunye neempawu ezingaqhelekanga ngaphakathi.	Kwakukhangeleka ngathi yisangqa agcwele kunye neempawu ezingaqhelekanga ngaphakathi.
amagqabi	ilitye	Wayecinga ukuba unokukhwela aze abambe ilitye.	Wayecinga ukuba unokukhwela aze abambe ilitye amagqabi.
iibhokisi	Babebaleka	Babebaleka bajikeleze umthi omkhulu.	Babebaleka iibhokisi bajikeleze umthi omkhulu.
babethanda	UBen	UBen noLily babedlala epakini.	UBen babethanda noLily babedlala epakini.
Kufuneka	wayethanda	Wonke umntu wayethanda uTom kuba wayenza wonwabe.	Wonke umntu wayethanda Kufuneka uTom kuba wayenza wonwabe.
i-vose	kunye	Ngenye imini, uSylvia waya kwivenkile kunye nosapho lwakhe.	Ngenye imini, uSylvia waya kwivenkile kunye i-vose nosapho lwakhe.
wamangaliswa	Wayenelona	Wayenelona xesha lilungileyo kwaye wavuya kakhulu.	Wayenelona wamangaliswa xesha lilungileyo kwaye wavuya kakhulu.
babenokonwaba	ezininzi	Babona izinto ezininzi ezinjengeentaka, amafu, kunye nezinye iinqwelomoya.	Babona izinto ezininzi babenokonwaba ezinjengeentaka, amafu, kunye nezinye iinqwelomoya.
elinobubele	yayitya	Ibhokhwe yayitya i-hay ade azele.	Ibhokhwe yayitya elinobubele i-hay ade azele.
ukuzihlela	I-Monster	I-Monster yasukela abantu edolophini.	I-Monster ukuzihlela yasukela abantu edolophini.
wayenomona	isithuba	Ngequbuliso, isithuba esikhulu sengxolo	Ngequbuliso, isithuba wayenomona esikhulu sengxolo
imvula	abaninzi	Bakufika apho, babona abantwana abaninzi abanethoyi.	Bakufika apho, babona abantwana abaninzi imvula abanethoyi.
I-max	ikhekhe	Yayifuna ukutya ikhekhe.	Yayifuna ukutya ikhekhe I-max.
ukusela	wacinga	UTim wacinga ukuba ibhere ipholile kakhulu.	UTim wacinga ukusela ukuba ibhere ipholile kakhulu.
uMkhukula	uSara	Ndinebhongo ngawe, uSara.	Ndinebhongo ngawe, uSara uMkhukula.
macala	yayinamehlo	I-jeep yayinamehlo amakhulu kunye nomlomo omkhulu.	I-jeep yayinamehlo macala amakhulu kunye nomlomo omkhulu.
netosi	wayo	I-Max yajika umsila wayo kwaye ithengisiwe, ivumelana neTim.	I-Max yajika umsila wayo netosi kwaye ithengisiwe, ivumelana neTim.
kwakho	ukuba	Wayefuna ukubona ukuba yintoni ekhoyo phaya.	Wayefuna ukubona ukuba kwakho yintoni ekhoyo phaya.
ukuyiyeka	ukutya	UTim wayekuthanda ukutya iibhanana.	UTim wayekuthanda ukutya ukuyiyeka iibhanana.
asibone	babukela	UBen noBeyim babukela.	UBen noBeyim babukela asibone.
bebamba	imihla	Bacula yonke imihla.	Bacula yonke imihla bebamba.
Greham	I-Lily	I-Lily yayikuvuyela ukufunda ngamadangatye oyinyani.	I-Lily Greham yayikuvuyela ukufunda ngamadangatye oyinyani.
Wayengafuni	U-Amy	U-Amy wayenesicwangciso esikhulu sokunceda iinkwenkwezi.	U-Amy Wayengafuni wayenesicwangciso esikhulu sokunceda iinkwenkwezi.
Akoyiki	i-ice	Babesonwabile i-ice cream incede intaka yomntwana.	Babesonwabile i-ice Akoyiki cream incede intaka yomntwana.
sinokusebenzisa	komthi	Badlale phantsi komthi kwaye bahleka kunye.	Badlale phantsi komthi sinokusebenzisa kwaye bahleka kunye.
Uwuthanda	Namhlanje	Namhlanje, uSara wayethatha imibuzo.	Namhlanje Uwuthanda, uSara wayethatha imibuzo.
wokwazi	Wabamba	Wabamba uqinile kwaye wayecinga ukuba ibhabha.	Wabamba wokwazi uqinile kwaye wayecinga ukuba ibhabha.
ukubanceda	ukuba	Wayefuna ukuba njengebhola kwibhodi yebhodi.	Wayefuna ukuba ukubanceda njengebhola kwibhodi yebhodi.
ngomsebenzi	badibana	Endleleni yabo, badibana nomhlobo wabo, i-squirrel.	Endleleni yabo, badibana ngomsebenzi nomhlobo wabo, i-squirrel.
iwotshi	ngayo	Wayichola waza wadlala ngayo.	Wayichola waza wadlala ngayo iwotshi.
ezinjengeengonyama	Intaka	Intaka encinci yayilusizi.	Intaka ezinjengeengonyama encinci yayilusizi.
ngokuqinileyo	Injana	Injana ilahlekile kwaye yoyika.	Injana ngokuqinileyo ilahlekile kwaye yoyika.
yamafutha	I-Lily	I-Lily ithanda i-peanuts.	I-Lily yamafutha ithanda i-peanuts.
esimangalisayo	kwaye	Iidragoni zayeka ukulwa kwaye zajonga inkosazana.	Iidragoni zayeka ukulwa kwaye esimangalisayo zajonga inkosazana.
iyamthanda	ukusuka	Uthatha enye ilamuni ukusuka kwisitya.	Uthatha enye ilamuni ukusuka iyamthanda kwisitya.
baqalisa	awayezityeshelanga	Abahlobo awayezityeshelanga ngaphambi kokuba ancede.	Abahlobo awayezityeshelanga baqalisa ngaphambi kokuba ancede.
lalinomsila	Umjelo	Umjelo onqabileyo wawatshabalalisile ekuhlaleni.	Umjelo lalinomsila onqabileyo wawatshabalalisile ekuhlaleni.
abaleke	Intaka	Intaka encinci egama linguTim yayihambahamba ngeenxa zonke.	Intaka abaleke encinci egama linguTim yayihambahamba ngeenxa zonke.
Isiqhamo	enceda	UTom wayenentliziyo enkulu kwaye wayesoloko enceda abanye.	UTom wayenentliziyo enkulu kwaye wayesoloko enceda Isiqhamo abanye.
laqhekeka	babengabahlobo	Ngenye imini, ikati kunye nenja babengabahlobo.	Ngenye imini, ikati kunye nenja babengabahlobo laqhekeka.
Zisondele	kwaye	I-Lily yayiyoyika kwaye ayizi ukuba makenze ntoni.	I-Lily yayiyoyika kwaye Zisondele ayizi ukuba makenze ntoni.
bangabahlobo	de	Watyhala kwaye watyhalela de ekugqibeleni, wavula.	Watyhala kwaye watyhalela de bangabahlobo ekugqibeleni, wavula.
uyeke	kwenzeka	Kodwa emva koko, kwenzeka into engalindelekanga.	Kodwa emva koko, kwenzeka uyeke into engalindelekanga.
emasimini	ukuba	Babemoyika kwaye bengazi ukuba benze ntoni.	Babemoyika kwaye bengazi ukuba emasimini benze ntoni.
laba	amazwi	Bayayibuza imibuzo kwaye bakufundisa amazwi amatsha.	Bayayibuza imibuzo kwaye bakufundisa amazwi laba amatsha.
baphila	ukuba	Bakuvuyela ukuba kunye kwakhona.	Bakuvuyela ukuba baphila kunye kwakhona.
i-Bite	ukudlala	Bayathanda ukudlala ngeethoyi ezikukhanyayo.	Bayathanda ukudlala i-Bite ngeethoyi ezikukhanyayo.
bafike	yayisisihlangu	Kodwa akukho mntu wathi yayisisihlangu sabo.	Kodwa akukho mntu wathi yayisisihlangu bafike sabo.
emthembise	Benze	Benze isithsaba esihle ngaphandle kwephepha.	Benze emthembise isithsaba esihle ngaphandle kwephepha.
Inkomo	wakhe	Ubiza umama wakhe.	Ubiza umama wakhe Inkomo.
izwi	Iglasi	Iglasi yaqhekeza iziqwenga ezininzi.	Iglasi izwi yaqhekeza iziqwenga ezininzi.
uthenge	nomama	Ngenye imini, waya kwilayibrari nomama wakhe.	Ngenye imini, waya kwilayibrari nomama uthenge wakhe.
I-MAX	isela	Ngenye imini, isela lafika edolophini.	Ngenye imini, isela I-MAX lafika edolophini.
kwayo	ukudlala	Ngemini enye enelanga, uLucy wayefuna ukudlala ngaphandle nendawo.	Ngemini enye enelanga, uLucy wayefuna ukudlala kwayo ngaphandle nendawo.
isigqubuthelo	zazininzi	Kwelo fama, zazininzi izilwanyana.	Kwelo fama, zazininzi isigqubuthelo izilwanyana.
Kungekudala	Baya	Baya epakini kunye noomma babo.	Baya Kungekudala epakini kunye noomma babo.
bagqiba	Wayengasazi	Wayengasazi isizathu sokuba ilizwe lonke lizive enetyala.	Wayengasazi bagqiba isizathu sokuba ilizwe lonke lizive enetyala.
ye-cat	I-AMY	I-AMY SHAM ukuya kwisithuba kwaye wajonga uphawu.	I-AMY ye-cat SHAM ukuya kwisithuba kwaye wajonga uphawu.
indlovu	isitulo	Kodwa isitulo sasingaphezulu ngokwaneleyo.	Kodwa isitulo indlovu sasingaphezulu ngokwaneleyo.
isikhafu	etyholweni	I-Tom yathunyelwa yaya etyholweni.	I-Tom yathunyelwa yaya etyholweni isikhafu.
Iqale	umama	UMia, umama wakhe, kwaye uMax waya epakini.	UMia, umama Iqale wakhe, kwaye uMax waya epakini.
ndinxaniwe	uxolo	Thetha kakuhle kwaye uthi uxolo xa usenza impazamo.	Thetha kakuhle kwaye uthi uxolo ndinxaniwe xa usenza impazamo.
Beva	bancuma	Baye bancuma kwaye bancuma.	Baye bancuma Beva kwaye bancuma Beva.
bamncede	afumane	UTim wacela umama wakhe ukuba afumane uncedo.	UTim wacela umama wakhe ukuba afumane bamncede uncedo.
ayengenandlela	kakhulu	Ngenye imini, wadlala kakhulu kangangokuba wayeziva ene-dizzy.	Ngenye imini, wadlala kakhulu ayengenandlela kangangokuba wayeziva ene-dizzy.
yimisebenzi	entle	Ke, ixesha labonisa imifanekiso entle kwifolda.	Ke, ixesha labonisa imifanekiso entle yimisebenzi kwifolda.
i-gumpy	ne-bladder	Kunye ne-bladder yakho.	Kunye ne-bladder i-gumpy yakho.
iqhosha	kwiqela	Umama wakhe wenza ukutya ukuba banikezele kwiqela.	Umama wakhe wenza ukutya ukuba banikezele kwiqela iqhosha.
ncwadi	ayo	Kanye ngelo xesha, uMax wayiva umniniyo ayo ebiza igama lakhe.	Kanye ngelo xesha, uMax wayiva umniniyo ayo ncwadi ebiza igama lakhe.
nguCaptain	nawe	Umntwana unethamsanqa lokuba nawe.	Umntwana unethamsanqa lokuba nawe nguCaptain.
yabandezeleka	uDolly	Umfama onobubele weva ingxolo kwaye wafumana uDolly.	Umfama onobubele weva ingxolo kwaye wafumana uDolly yabandezeleka.
umhlaba	inomdla	Wayengacingi ukuba inomdla kakhulu.	Wayengacingi ukuba inomdla umhlaba kakhulu.
wayigcama	ngomkhombe	Isikhephe sahamba ngomkhombe, kwaye uTim wonwabile.	Isikhephe sahamba ngomkhombe wayigcama, kwaye uTim wonwabile.
kwisidlo	wakhe	Wajonga ngaphezulu kwaye wafumana umnqwazi wakhe phantsi kwebhedi yakhe.	Wajonga ngaphezulu kwaye wafumana umnqwazi wakhe kwisidlo phantsi kwebhedi yakhe.
linguTom	yenza	Inyibiba inyibilikisiwe kwaye yenza inkawu yakhe isuka kumqamelo.	Inyibiba inyibilikisiwe kwaye yenza linguTom inkawu yakhe isuka kumqamelo.
bawa	noBen	I-Lily kunye noBen.	I-Lily kunye noBen bawa.
babenengxabano	yayinoyolo	Imbovane yobuthathaka yayinoyolo kakhulu.	Imbovane yobuthathaka yayinoyolo babenengxabano kakhulu.
Ubeka	I-Lily	I-Lily yacheba intloko.	I-Lily Ubeka yacheba intloko.
Wazibamba	Babenosuku	Babenosuku olumnandi lokudlala ngekhamera.	Babenosuku Wazibamba olumnandi lokudlala ngekhamera.
bamba	namaza	Emva koko wemka kunye namaza.	Emva koko wemka kunye namaza bamba.
edlalwe	ikati	UBuddy ufihla kwaye udangeni, kwaye ngequbuliso wayifumana ikati!	UBuddy ufihla kwaye udangeni, kwaye ngequbuliso wayifumana ikati edlalwe!
sue	wamnika	Wanikina i-lily wam wamnika olunye udaka.	Wanikina i-lily wam wamnika sue olunye udaka.
waliguqula	Yayiyinto	Yayiyinto emnandi enemidlalo, ikhekhe, kunye nabahlobo.	Yayiyinto waliguqula emnandi enemidlalo, ikhekhe, kunye nabahlobo.
kwitheko	sikaSara	Uthathe idoli yenkosana evela kwisandla sikaSara.	Uthathe idoli yenkosana evela kwisandla sikaSara kwitheko.
ziimbovane	kwaye	Uye watsala kwaye watsalela, kodwa akakwazanga ukuyifumana.	Uye watsala kwaye ziimbovane watsalela, kodwa akakwazanga ukuyifumana.
Udlale	Umama	Umama uthe asinakuba nobusi ngaphandle kokubuza.	Umama Udlale uthe asinakuba nobusi ngaphandle kokubuza.
qalisa	imoto	I-Tweet ifake imoto kwaye ifuna ukuba ngabahlobo.	I-Tweet ifake imoto qalisa kwaye ifuna ukuba ngabahlobo.
Ubambe	into	Emva koko, kwenzeka into engalindelekanga!	Emva koko, kwenzeka into Ubambe engalindelekanga!
i-rog	waqonda	UTim waqonda ukuba liqhinga nje.	UTim waqonda i-rog ukuba liqhinga nje.
udanile	ivila	UTom wayengenguye ivila kwakhona.	UTom wayengenguye ivila udanile kwakhona.
tyala	ngokwenza	Baziva kamnandi ngokwenza into elungileyo.	Baziva kamnandi ngokwenza tyala into elungileyo.
ayikayithanda	kwaye	Babelana ngekhekhe kwikhekhe kwaye batya ngolonwabo.	Babelana ngekhekhe kwikhekhe kwaye ayikayithanda batya ngolonwabo.
Ijug	ukuphuma	Wayethanda ukuphuma wajonga umhlaba.	Wayethanda ukuphuma Ijug wajonga umhlaba.
endala	ngokudlala	Kungekudala, abahlobo bakaMimi badla ngokudlala.	Kungekudala, abahlobo bakaMimi badla ngokudlala endala.
esoyika	nofudo	Intaka yayiyonwabile kwaye ibulela i-kiki kunye nofudo.	Intaka yayiyonwabile kwaye ibulela i-kiki kunye nofudo esoyika.
ibonise	kwabahlobo	Isimilo ayisiyo, musa ukuba izinto ziza phakathi kwabahlobo.	Isimilo ayisiyo, musa ukuba izinto ziza phakathi kwabahlobo ibonise.
kumqondiso	wonke	Into enkulu yokuba wonke umntu athandwayo aphukile.	Into enkulu yokuba wonke kumqondiso umntu athandwayo aphukile.
nezilwanyana	kwaye	Uye wathi i-TV elungileyo yayimdala kakhulu kwaye yaphukile.	Uye wathi i-TV elungileyo yayimdala kakhulu kwaye nezilwanyana yaphukile.
Uqonda	imini	Ngenye imini, wabona intaka epinki ngaphandle kwefestile yakhe.	Ngenye imini Uqonda, wabona intaka epinki ngaphandle kwefestile yakhe.
Babeza	ukuba	Kodwa kungekudala, babona ukuba abahlobo babo babebuhlungu.	Kodwa kungekudala, babona ukuba Babeza abahlobo babo babebuhlungu.
iavokhado	wakhe	Umama wakhe wathi ewe kwaye intombazana encinci yonwabile.	Umama wakhe iavokhado wathi ewe kwaye intombazana encinci yonwabile.
omde	emva	Kwaye bonke bahlala bonwabile emva.	Kwaye bonke bahlala bonwabile emva omde.
yayinenwele	I-EMMA	I-EMMA kunye noFluffy babebuhlungu.	I-EMMA yayinenwele kunye noFluffy babebuhlungu.
ijongeka	Babelila	Babelila kwaye bengcangcazela.	Babelila ijongeka kwaye bengcangcazela.
Yayikwidolophu	bedlala	Babenokonwaba kakhulu bedlala kunye.	Babenokonwaba kakhulu bedlala Yayikwidolophu kunye.
Iphelile	inyibiba	Kodwa inyibiba ayiphendulanga.	Kodwa inyibiba Iphelile ayiphendulanga.
wayenepeni	ezibhokisini	Wabeka zonke iithoyi kunye neempahla zakhe ezibhokisini.	Wabeka zonke iithoyi kunye neempahla zakhe ezibhokisini wayenepeni.
web	eyaphukileyo	Wakhala, wayifihla intamo eyaphukileyo phantsi kwebhedi yakhe.	Wakhala, wayifihla intamo eyaphukileyo web phantsi kwebhedi yakhe.
neendlela	nengqolowa	I-Tom kunye nengqolowa yayinoyolo kakhulu.	I-Tom kunye nengqolowa neendlela yayinoyolo kakhulu.
aphendule	wagobe	Ubambe imoto kwaye wagobe esifubeni sakhe.	Ubambe imoto kwaye wagobe aphendule esifubeni sakhe.
wabhala	kwakhona	Babengafuni ukudlala ngebhola kwakhona.	Babengafuni ukudlala ngebhola kwakhona wabhala.
yayininzi	inkwenkwe	Intaka yabona inkwenkwe phantsi komthi.	Intaka yabona inkwenkwe yayininzi phantsi komthi.
wayekhala	elide	Babekwindawo yokuphakama ixesha elide.	Babekwindawo yokuphakama ixesha elide wayekhala.
i-kangaroo	ngesandi	Bobabini bahleka ngesandi esihlekisayo senziwe.	Bobabini bahleka ngesandi i-kangaroo esihlekisayo senziwe.
ogqibeleleyo	abahlobo	Kodwa abahlobo bakhe abaziphulaphuli.	Kodwa abahlobo ogqibeleleyo bakhe abaziphulaphuli.
U-Liz	njengelanga	Imouse yayilusizi kuba ebengenakwazi ukubhabha njengelanga.	Imouse yayilusizi kuba ebengenakwazi ukubhabha njengelanga U-Liz.
yenzakalise	ixesha	Ngenye imini, ixesha leva indoda esisityebi kwirediyo.	Ngenye imini, ixesha yenzakalise leva indoda esisityebi kwirediyo.
lazicocwa	Asifuni	Asifuni kudlala nawe.	Asifuni lazicocwa kudlala nawe.
i-razor	wayenosuku	UTim wayenosuku olumnandi.	UTim wayenosuku i-razor olumnandi.
iyamphazamisa	i-hockey	UTom noSam badlale i-hockey ixesha elide.	UTom noSam badlale i-hockey iyamphazamisa ixesha elide.
Babenokonwaba	kukutya	UTim wayethandwa kukutya iisandwich.	UTim wayethandwa kukutya Babenokonwaba iisandwich.
naphi	egama	Yayiyi-turtle enkulu, enobuhlobo egama linguTom!	Yayiyi-turtle enkulu, enobuhlobo egama naphi linguTom!
u-Pat	kwaye	UTom uyekile ukulila kwaye wancuma.	UTom uyekile ukulila kwaye u-Pat wancuma.
yayinamabala	yayo	I-CAT iChinga kwaye ihlambe intloko yayo kwisandla sikaSara.	I-CAT iChinga kwaye ihlambe intloko yayo yayinamabala kwisandla sikaSara.
lwaphuka	lalinguRude	Igama lakhe lalinguRude Square.	Igama lakhe lalinguRude lwaphuka Square.
ukuyizama	athembekileyo	USally wabulela indoda endala ngamazwi akhe athembekileyo.	USally wabulela indoda endala ngamazwi akhe athembekileyo ukuyizama.
bathi	Yinto	Yinto nje ye-luna.	Yinto bathi nje ye-luna.
ngokubaleka	ehleka	Ujijekile kwaye watsiba, ehleka ngovuyo.	Ujijekile kwaye watsiba, ehleka ngokubaleka ngovuyo.
ukuyisebenzisa	lawa	Ikhuselo lawa phantsi kwaye uTim wayeziva engakhululekanga.	Ikhuselo lawa ukuyisebenzisa phantsi kwaye uTim wayeziva engakhululekanga.
yayivuyisa	imihla	Wayekuthanda ukudlala ngefowuni yakhe yonke imihla.	Wayekuthanda ukudlala ngefowuni yakhe yonke imihla yayivuyisa.
wesilwanyana	i-Tim	Isibhakabhaka sasimnyama, kodwa i-Tim ayikhathalelanga.	Isibhakabhaka sasimnyama, kodwa i-Tim wesilwanyana ayikhathalelanga.
ihamba	ukuqhuba	Uye wangena waqala ukuqhuba indlela.	Uye wangena waqala ukuqhuba ihamba indlela.
ambetha	Umkhulu	Umkhulu kwaye womelele.	Umkhulu ambetha kwaye womelele.
enoncumo	Umama	Umama wakhe wambona ejonge ilamuni.	Umama enoncumo wakhe wambona ejonge ilamuni.
hayi	ithanda	I-Lily ithanda loo mbono.	I-Lily ithanda hayi loo mbono.
uThixo	ibhola	Ukhabe ibhola kakhulu.	Ukhabe ibhola uThixo kakhulu.
batye	I-Ben	I-Ben Badd yaqala ukubala.	I-Ben batye Badd yaqala ukubala.
ububele	ngumhlobo	UTim wayefuna ukuba ngumhlobo ne-bug.	UTim wayefuna ukuba ngumhlobo ububele ne-bug.
emnyama	abahlobo	Ngoku, babenebali elihlekisayo lokuxelela abahlobo babo.	Ngoku, babenebali elihlekisayo lokuxelela abahlobo emnyama babo.
i-orenji	Bobabini	Bobabini bancumile kwaye badlala ngethoyi yonke imini yonke.	Bobabini i-orenji bancumile kwaye badlala ngethoyi yonke imini yonke.
lixesha	kakhulu	Yayiyiplate entle kakhulu, enemibala emininzi.	Yayiyiplate entle kakhulu lixesha, enemibala emininzi.
wabetha	I-Tim	I-Tim ilindelwe ukuba impukane isondele.	I-Tim wabetha ilindelwe ukuba impukane isondele.
i-kangaroo	makenze	Wambuza ukuba makenze ntoni.	Wambuza ukuba makenze i-kangaroo ntoni.
kwakumangalisa	UTim	UTim waziva engalunganga kwintaka kwaye wayefuna ukunceda.	UTim kwakumangalisa waziva engalunganga kwintaka kwaye wayefuna ukunceda.
Banethamsanqa	I-Lily	I-Lily yabona umhlobo wakhe.	I-Lily Banethamsanqa yabona umhlobo wakhe.
I-Buddy	emdaka	Ngenye imini, imo emtsalane idlala emdaka.	Ngenye imini, imo emtsalane idlala emdaka I-Buddy.
azele	Wayenomdla	Wayenomdla wokwazi kwaye waya kubona ukuba yintoni ngaphakathi.	Wayenomdla azele wokwazi kwaye waya kubona ukuba yintoni ngaphakathi.
esondela	nekhrayoni	Uthatha ikhrayoni etyheli kunye nekhrayoni emdaka.	Uthatha ikhrayoni etyheli kunye nekhrayoni esondela emdaka.
yayithandwa	Bapheke	Bapheke kunye kwaye bonwabile kwakhona.	Bapheke yayithandwa kunye kwaye bonwabile kwakhona.
i-Lly	Sifuna	Sifuna ukudlala nendawo.	Sifuna i-Lly ukudlala nendawo.
Unxibe	ingubo	Babaleka batsiba, bezama ukubamba ingubo.	Babaleka batsiba, bezama ukubamba ingubo Unxibe.
itoyi	kwaye	UMia woyika kwaye wabizwa ngokuba nguMama.	UMia woyika kwaye itoyi wabizwa ngokuba nguMama.
Uyamangalisa	esifanelekileyo	Yenze isandi esifanelekileyo.	Yenze isandi esifanelekileyo Uyamangalisa.
engayithandi	kubanda	Uye wabona kakhulu kwaye kubanda.	Uye wabona kakhulu kwaye kubanda engayithandi.
sathi	bonwabile	Umama weza ekhaya wabona bonwabile.	Umama weza ekhaya wabona bonwabile sathi.
uyaxolisa	sasiyim	Isinxibo sasiyim shring!	Isinxibo sasiyim uyaxolisa shring!
igqityiwe	unexhala	UMia waqalisa ukuziva unexhala ngakumbi.	UMia waqalisa ukuziva unexhala igqityiwe ngakumbi.
imivundla	UTom	UTom noSally bamangaliswa kakhulu.	UTom imivundla noSally bamangaliswa kakhulu.
linguGigi	naye	UAnna wayenqwenela ukuba lapho naye.	UAnna wayenqwenela ukuba lapho naye linguGigi.
yayidikeka	ibhotile	Kodwa babengayiva ibhotile.	Kodwa babengayiva ibhotile yayidikeka.
ukujonga	ukunceda	I-Lily ifuna ukunceda uTom Fumana ibhola yakhe.	I-Lily ifuna ukunceda ukujonga uTom Fumana ibhola yakhe.
kaMali	ukunceda	Yayifuna nje ukunceda ukugcina ipaki icocekile.	Yayifuna nje ukunceda kaMali ukugcina ipaki icocekile.
ne-toy	Ibambekile	Ibambekile kwaye iyenzakalisa jack kunye ne-sue.	Ibambekile ne-toy kwaye iyenzakalisa jack kunye ne-sue.
imithetho	Bonke	Bonke badanisa kunye, behleka kwaye bonwabile.	Bonke imithetho badanisa kunye, behleka kwaye bonwabile.
Wayinyusa	kwaye	Wasibona isipili kwaye wabamba inyibiba.	Wasibona isipili kwaye Wayinyusa wabamba inyibiba.
kwi-monster	Kanye	Kanye ngeli xesha, kukho imoletho ethobekileyo.	Kanye kwi-monster ngeli xesha, kukho imoletho ethobekileyo.
nokutsala	bahlale	Bagqiba kwelokuba bahlale elunxwemeni ixesha elincinci.	Bagqiba kwelokuba bahlale nokutsala elunxwemeni ixesha elincinci.
kwisidlo	yayifihla	UTim wayeya kubala, kwaye i-sue yayifihla.	UTim wayeya kubala, kwaye i-sue yayifihla kwisidlo.
ukutsiba	yarn	Bakhomba kwikati yarn.	Bakhomba kwikati yarn ukutsiba.
Isimilo	kwi-Igloo	Umfana omncinci ogama linguxesha wayehlala kwi-Igloo.	Umfana omncinci ogama linguxesha wayehlala kwi-Igloo Isimilo.
bacoca	kwetyholo	Kungekudala, uMia wafumana imouse yokudlala phantsi kwetyholo.	Kungekudala, uMia wafumana imouse yokudlala phantsi kwetyholo bacoca.
bakuva	i-Tom	Inkqonkqozile kwaye iphethe i-Tom.	Inkqonkqozile kwaye iphethe i-Tom bakuva.
yayikho	Emva	Emva koko ubamba ingubo kwaye ubalekela endlwini.	Emva yayikho koko ubamba ingubo kwaye ubalekela endlwini.
wamamela	Bathanda	Bathanda ukudlala kunye.	Bathanda wamamela ukudlala kunye.
ne-bug	kwinjongo	Zisondele kakhulu kwinjongo.	Zisondele kakhulu kwinjongo ne-bug.
uneyona	isitampu	Wayithoba isitampu kuye, wabaleka.	Wayithoba isitampu uneyona kuye, wabaleka.
inyathelo	Wayelindele	Wayelindele ukuba ibe mnandi kwaye sisiqhamo.	Wayelindele inyathelo ukuba ibe mnandi kwaye sisiqhamo.
Sinokuphinda	yayingesosityalo	Kodwa yayingesosityalo somlingo.	Kodwa yayingesosityalo Sinokuphinda somlingo.
umfana	umama	I-Lily ayizange imamele umama.	I-Lily ayizange imamele umama umfana.
no-sue	I-Lily	I-Lily yatsho, incumile.	I-Lily no-sue yatsho, incumile.
Boyika	emva	Bonke babehlala bonwabile emnandi emva.	Bonke babehlala bonwabile emnandi emva Boyika.
ezintle	kakuhle	Batsho kakuhle kwaye balala.	Batsho kakuhle ezintle kwaye balala.
wabizwa	wayengayikholelwa	Wayechwayitile, kodwa wayengayikholelwa.	Wayechwayitile, kodwa wayengayikholelwa wabizwa.
Baphosa	inenekazi	Akazange achaze inenekazi elifuna uncedo.	Akazange achaze inenekazi Baphosa elifuna uncedo.
Bazama	ukukhathazeka	Bave ukukhathazeka komthi.	Bave ukukhathazeka Bazama komthi.
Kwavela	besiya	Baye babaleka besiya kwisilayidi kwaye bebonwabisa.	Baye babaleka besiya Kwavela kwisilayidi kwaye bebonwabisa.
ekwakuhle	ijaji	Imouse yabuza ijaji ukuze icele uncedo.	Imouse yabuza ijaji ekwakuhle ukuze icele uncedo.
Wamangaliswa	kuTom	Ubaleka aye kuTom.	Ubaleka aye kuTom Wamangaliswa.
babuthanda	olie	Babesithi, Yiza nathi, olie.	Babesithi, Yiza nathi, olie babuthanda.
Wayenesithupha	iyoyika	Ikati iyoyika kwaye ibalekile.	Ikati iyoyika Wayenesithupha kwaye ibalekile.
watshintshelwa	wayefuna	UTom wabona isikhafu kwaye wayefuna ukunceda.	UTom wabona isikhafu kwaye wayefuna watshintshelwa ukunceda.
ezimbi	uMama	Xa iKitty ifikile ekhaya, uMama wakhe notata babekhona.	Xa iKitty ifikile ekhaya, uMama ezimbi wakhe notata babekhona.
yaya	ifuna	Intaka enkulu ifuna inqwelomoya enkulu.	Intaka enkulu ifuna yaya inqwelomoya enkulu.
iintaka	ukuba	Uye wayibuyisela ibhola ukuba ityeshe.	Uye wayibuyisela ibhola ukuba iintaka ityeshe.
enesikhephe	UAna	UAna noBen bacinga malunga nento umama noTata.	UAna enesikhephe noBen bacinga malunga nento umama noTata.
ejikelezayo	ubomi	WayenguTom, owayedla ubomi ababehlala kufutshane.	WayenguTom, owayedla ubomi ejikelezayo ababehlala kufutshane.
konke	ukudlala	I-kitty ithanda ukudlala ngetoyisi ebomvu.	I-kitty ithanda ukudlala konke ngetoyisi ebomvu.
wayephaphile	UAnna	UAnna noBen wancuma kwaye banxunguphele kunye ne-birdie.	UAnna wayephaphile noBen wancuma kwaye banxunguphele kunye ne-birdie.
ukukhala	ilitye	Upeyintile ilitye ngemibala eqaqambileyo.	Upeyintile ilitye ukukhala ngemibala eqaqambileyo.
iyancuma	Ngenye	Ngenye imini, indawo yabona ibhola enkulu eyadini.	Ngenye iyancuma imini, indawo yabona ibhola enkulu eyadini.
uphulaphule	nesikhephe	Unqwenela ukuba nesikhephe esifana naye.	Unqwenela ukuba nesikhephe uphulaphule esifana naye.
ilungu	UTim	UTim wayekuthanda ukudlala ngemoto yakhe yokudlala.	UTim ilungu wayekuthanda ukudlala ngemoto yakhe yokudlala.
kwemvula	enkulu	UTim wayenengxowa enkulu.	UTim wayenengxowa enkulu kwemvula.
Bakhwela	Njengoko	Njengoko wayekhwela, wabona squirrel.	Njengoko Bakhwela wayekhwela, wabona squirrel.
wakhutshwa	wada	Wabaleka wabaleka wada wadinwa.	Wabaleka wabaleka wada wakhutshwa wadinwa.
banyikima	Ezinye	Ezinye ii-monster ziluncedo kwaye zinobubele.	Ezinye banyikima ii-monster ziluncedo kwaye zinobubele.
ukubamba	ngenye	Kodwa ngenye imini, ilanga lishushu kakhulu.	Kodwa ngenye ukubamba imini, ilanga lishushu kakhulu.
ukuyikhulula	wenza	Uqonda ukuba wenza impazamo enkulu.	Uqonda ukuba wenza ukuyikhulula impazamo enkulu.
ekhethekileyo	yabona	Ngenye imini, iKitty yabona intaka emthini ephezulu.	Ngenye imini, iKitty yabona ekhethekileyo intaka emthini ephezulu.
wayelungile	ibhokisi	Wabona ibhokisi enkulu.	Wabona ibhokisi wayelungile enkulu.
wayende	kuba	U-Amy wayekhathazekile kuba waphulukana nesithsaba sokudlala.	U-Amy wayekhathazekile kuba wayende waphulukana nesithsaba sokudlala.
ihleliwe	okanye	Ayisiyo yesilivere okanye igolide.	Ayisiyo yesilivere okanye ihleliwe igolide.
ambone	uTom	Kodwa uTom womelele.	Kodwa uTom ambone womelele.
neRegs	Wayenobuso	Wayenobuso obuhle onamagama amakhulu, aqaqambileyo.	Wayenobuso neRegs obuhle onamagama amakhulu, aqaqambileyo.
yayidiniwe	yayibuhlungu	Into yokudlala yayibuhlungu kuba yayihlala yedwa.	Into yokudlala yayibuhlungu yayidiniwe kuba yayihlala yedwa.
ngasentla	ilori	I-Zip ityhala ilori ngaphandle kwe-wreck.	I-Zip ityhala ilori ngasentla ngaphandle kwe-wreck.
unokwenza	yokundwendwela	Yayiyincwadana yokundwendwela uLisa!	Yayiyincwadana yokundwendwela unokwenza uLisa!
Wayenethemba	kogqatso	Ekupheleni kogqatso, indawo yaphumelela!	Ekupheleni kogqatso Wayenethemba, indawo yaphumelela!
ewe	ngemipu	Bafuna nje ukudlala ngemipu yabo yokudlala.	Bafuna nje ukudlala ngemipu ewe yabo yokudlala.
yayisisihlangu	sasinje	Ilanga laphuma ilanga, kwaye isibhakabhaka sasinje.	Ilanga laphuma ilanga, kwaye isibhakabhaka sasinje yayisisihlangu.
ngamazwi	Ucinga	Ucinga ngobuxoki bokuyila.	Ucinga ngamazwi ngobuxoki bokuyila.
ne-vase	I-Lily	I-Lily kunye noTom bavuya kakhulu.	I-Lily ne-vase kunye noTom bavuya kakhulu.
i-Giant	ayive	Wayengazange ayive into enje ngaphambili.	Wayengazange ayive i-Giant into enje ngaphambili.
ekufundeni	mntu	Lo mntu wayethanda ukuhamba imini yonke.	Lo mntu ekufundeni wayethanda ukuhamba imini yonke.
esimhlophe	uSam	Baza babona umhlobo wabo, uSam.	Baza babona umhlobo wabo, uSam esimhlophe.
wekite	kwenzeka	Kodwa, kwenzeka into engalindelekanga!	Kodwa, kwenzeka wekite into engalindelekanga!
ngesiquphe	obuhlekisayo	Benza ubuso obuhlekisayo.	Benza ubuso obuhlekisayo ngesiquphe.
Wayeziva	phantsi	Indoda yawa phantsi.	Indoda yawa phantsi Wayeziva.
yabakhuli	Ke	Ke, waya endlwini kaSam notolo.	Ke yabakhuli, waya endlwini kaSam notolo.
needoli	kuye	Wacela uncedo kuye umama wakhe.	Wacela uncedo kuye needoli umama wakhe.
isinambuzane	Ifikelele	Ifikelele kumda wetafile.	Ifikelele isinambuzane kumda wetafile.
ezivakalayo	esibomvu	Igama lakhe yayinguTom kwaye wayenesigebenga esibomvu.	Igama lakhe yayinguTom kwaye wayenesigebenga esibomvu ezivakalayo.
uphume	UFred	UFred wayehlala kwi-swamp ekufuphi nedolophu.	UFred uphume wayehlala kwi-swamp ekufuphi nedolophu.
uLily	wathanda	Ngeli xesha, wathanda incasa emuncu.	Ngeli xesha, wathanda uLily incasa emuncu.
wanyikima	ukudlala	UTim wayekuthanda ukudlala emhlabeni.	UTim wayekuthanda ukudlala wanyikima emhlabeni.
Zip	umjelo	Bonke abantu nezilwanyana babethanda umjelo.	Bonke abantu nezilwanyana babethanda umjelo Zip.
mayibe	Wayefuna	Wayefuna ukutsiba kuyo.	Wayefuna mayibe ukutsiba kuyo.
ebabanda	kumbandela	Babeza kumbandela kude kube lixesha lokulala.	Babeza kumbandela ebabanda kude kube lixesha lokulala.
licoceke	emanzini	Isikhephe salandela intlanzi enkulu emanzini.	Isikhephe salandela intlanzi enkulu emanzini licoceke.
Iincwadi	iTim	Epakini, iTim ihamba nekiti.	Epakini, iTim Iincwadi ihamba nekiti.
oonodoli	ukwakha	Waqala ukwakha inqaba emde kunye neebhloko.	Waqala ukwakha oonodoli inqaba emde kunye neebhloko.
nesipuni	bakhe	I-Zip iyakuthanda ukuqubha kwaye idlale nabahlobo bakhe.	I-Zip iyakuthanda ukuqubha kwaye idlale nabahlobo bakhe nesipuni.
kwifama	Kodwa	Kodwa emva koko, kwenzeka into engalindelekanga.	Kodwa kwifama emva koko, kwenzeka into engalindelekanga.
yanamhlanje	zazinosuku	Zombini zazinosuku olumnandi kunye neKayak entsha.	Zombini zazinosuku yanamhlanje olumnandi kunye neKayak entsha.
ngokujonga	waqalisa	Unxibe ingubo kwaye waqalisa ukudanisa.	Unxibe ingubo kwaye waqalisa ngokujonga ukudanisa.
wavuthuza	kwi-whisper	I-Lily icele i-tom kwi-whisper.	I-Lily icele i-tom kwi-whisper wavuthuza.
bebalelwa	ukuba	Wayengazi ukuba angathini ukunceda ixesha.	Wayengazi ukuba bebalelwa angathini ukunceda ixesha.
efana	inqaba	Iindonga zawa phantsi, kwaye inqaba ihambile.	Iindonga zawa phantsi, kwaye inqaba efana ihambile.
inyusi	USara	USara noBen qalisa ukuphikisana.	USara inyusi noBen qalisa ukuphikisana.
ebelele	ukudlala	Wayefuna ukudlala ngayo.	Wayefuna ukudlala ebelele ngayo.
liqhinga	kwaye	Wacinga nge-ice cream kwaye ufuna okungakumbi.	Wacinga nge-ice cream kwaye liqhinga ufuna okungakumbi.
namaza	ngaphandle	Ngenye imini, kwakushushu kakhulu ngaphandle.	Ngenye imini, kwakushushu kakhulu ngaphandle namaza.
fama	emde	Ke uHarry wamnceda ekwakheni inqaba enkulu, emde.	Ke uHarry wamnceda ekwakheni inqaba enkulu, emde fama.
ukwabelana	babesepakini	U-Lily noSam babesepakini kunye nomama wabo.	U-Lily noSam babesepakini ukwabelana kunye nomama wabo.
iphuhlise	xesha	Kanye ngeli xesha, kukho itanki enkulu emnyama.	Kanye ngeli xesha iphuhlise, kukho itanki enkulu emnyama.
yokuhlala	enkulu	Ngequbuliso, kwaviwa ingxolo enkulu!	Ngequbuliso, kwaviwa ingxolo enkulu yokuhlala!
waqonda	Ke	Ke, ihobe labhabha laza lahlala kwisebe.	Ke waqonda, ihobe labhabha laza lahlala kwisebe.
wenziwe	bonwabile	Badlale kunye kwaye bonwabile.	Badlale kunye kwaye bonwabile wenziwe.
ukuxhasa	ngokukhawuleza	Uyifumene ngokubaleka ngokukhawuleza.	Uyifumene ngokubaleka ngokukhawuleza ukuxhasa.
ihamba	ngalo	Ihashe lonwabile ngalo lonke ixesha noJennie.	Ihashe lonwabile ngalo ihamba lonke ixesha noJennie.
kakhulu	umama	Ujonga umama wakhe.	Ujonga umama kakhulu wakhe.
ne-bunny	Wayenentshebe	Wayenentshebe elide kunye nentonga ende.	Wayenentshebe ne-bunny elide kunye nentonga ende.
onamagqabi	kodwa	Uyitshiyilisile kwaye ayinikile, kodwa akukho nto yenzekayo.	Uyitshiyilisile kwaye ayinikile, kodwa onamagqabi akukho nto yenzekayo.
Babhiyozelwa	banyuke	Kwakufuneka banyuke baye kugqirha.	Kwakufuneka banyuke Babhiyozelwa baye kugqirha.
libetha	engcono	UTim waziva engcono.	UTim waziva engcono libetha.
ukubalwa	ababenenxaxheba	Baba nabantwana abanoyolo nabasempilweni ababenenxaxheba kwaye bakhathalelwe.	Baba nabantwana abanoyolo nabasempilweni ababenenxaxheba ukubalwa kwaye bakhathalelwe.
okunencasi	emininzi	Yayinemibala emininzi emzimbeni wayo.	Yayinemibala emininzi okunencasi emzimbeni wayo.
obuninzi	bakhe	Imouse encinci yeorenji yayikonwabile ukunceda abahlobo bakhe.	Imouse encinci yeorenji yayikonwabile ukunceda abahlobo bakhe obuninzi.
Bajikeleza	yabambelela	Ijellyfish yabambelela kumnatha omkhulu.	Ijellyfish yabambelela Bajikeleza kumnatha omkhulu.
negama	entle	Intombazana entle yeza kunceda.	Intombazana entle negama yeza kunceda.
bobabini	babukele	Bathanda ukudlala ngeethoyi zabo kwaye babukele umabonwakude.	Bathanda ukudlala ngeethoyi zabo kwaye babukele bobabini umabonwakude.
wayebuhlungu	emhlabeni	Babona umngxunya omkhulu emhlabeni.	Babona umngxunya omkhulu emhlabeni wayebuhlungu.
Isandi	ukuba	Wayengazi ukuba yintoni.	Wayengazi ukuba Isandi yintoni.
ithole	yabona	Imbovane encinci yabona inyibiba kwiwebhu.	Imbovane encinci yabona ithole inyibiba kwiwebhu.
wambumba	bakhe	I-Tom kunye nabahlobo bakhe batshintshana i-pole.	I-Tom kunye nabahlobo bakhe wambumba batshintshana i-pole.
ziza	yesilwanyana	Ijongeka ngathi yi-paw yesilwanyana esikhulu.	Ijongeka ngathi yi-paw yesilwanyana ziza esikhulu.
yayikhuselekile	ukwenza	I-Lizzy iyakuthanda ukwenza.	I-Lizzy iyakuthanda ukwenza yayikhuselekile.
Ngubani	egadini	Babaleka bajija egadini.	Babaleka bajija egadini Ngubani.
Wayengazi	impungutye	I-peanut yajongajikajikajika yabona impungutye.	I-peanut yajongajikajikajika yabona impungutye Wayengazi.
Ikhekhe	ogama	Ngasihlandlo sithile, bekukho umfana othile ogama linguTim.	Ngasihlandlo sithile, bekukho umfana othile ogama Ikhekhe linguTim.
omdala	isityalo	Ngesinye isihlandlo, kwabakho isityalo esincinci.	Ngesinye isihlandlo, kwabakho isityalo omdala esincinci.
benomsindo	iphinde	I-Lily iphinde iphinde iphinde ifumeke iiblubhu.	I-Lily iphinde benomsindo iphinde benomsindo iphinde benomsindo ifumeke iiblubhu.
isandwich	kwaye	I-Lily ihleliwe kwaye yadanisa nomhlobo wakhe omtsha.	I-Lily ihleliwe kwaye isandwich yadanisa nomhlobo wakhe omtsha.
ngophawu	imini	Ngenye imini, waqhubeka ene-adventure.	Ngenye imini ngophawu, waqhubeka ene-adventure.
Kwisihlandlo	aze	Uya kusolula aze agobe umzimba ngeendlela ezininzi.	Uya kusolula aze Kwisihlandlo agobe umzimba ngeendlela ezininzi.
Batshintshana	kuqala	Wadlulisela abahlobo bakhe kwaye wafika kumthi omkhulu kuqala.	Wadlulisela abahlobo bakhe kwaye wafika kumthi omkhulu kuqala Batshintshana.
Babenetshokholethi	kwelitye	Bayifumene emva kwelitye elikhulu.	Bayifumene emva kwelitye Babenetshokholethi elikhulu.
alizukuvelisa	encinci	Intlanzi encinci yayilusizi.	Intlanzi encinci alizukuvelisa yayilusizi.
ihlungulu	ukuba	Wayevuya kakhulu ukubona ukuba isebenze!	Wayevuya kakhulu ukubona ukuba ihlungulu isebenze!
wayexakekile	ukuba	Babengazi ukuba benze ntoni.	Babengazi ukuba wayexakekile benze ntoni.
notatomkhulu	yokudlala	Into yokudlala yayingumtya welaphu enemibala emininzi.	Into yokudlala notatomkhulu yayingumtya welaphu enemibala emininzi.
iikati	wayefuna	UBetty wayefuna ukunceda umhlobo wakhe omtsha.	UBetty wayefuna iikati ukunceda umhlobo wakhe omtsha.
yayiyi-dizzy	yabona	Ngenye imini, ikati yasendle yabona umngxunya omkhulu.	Ngenye imini, ikati yasendle yabona yayiyi-dizzy umngxunya omkhulu.
nezixhobo	Babevuya	Babevuya kakhulu ngemibala yabo emitsha.	Babevuya nezixhobo kakhulu ngemibala yabo emitsha.
i-mama	i-acor	Ngenye imini, uSam wabona i-acor enkulu emhlabeni.	Ngenye imini, uSam wabona i-acor i-mama enkulu emhlabeni.
ne-teddy	iphepha	USue uye wakhangela iphepha.	USue uye wakhangela iphepha ne-teddy.
eSue	owenze	Uye wathi kukho ikati owenze le ngxolo.	Uye wathi kukho ikati owenze eSue le ngxolo.
yayixhalabele	ezifanayo	Bafumanisa ukuba banezinto ezininzi ezifanayo.	Bafumanisa ukuba banezinto ezininzi ezifanayo yayixhalabele.
ikhunjulwe	Wagoduka	Wagoduka aye kubonisa abahlobo bakhe.	Wagoduka ikhunjulwe aye kubonisa abahlobo bakhe.
lalinoboya	babone	Babuza abahlobo babo ukuba babone i-lucy.	Babuza abahlobo babo ukuba babone lalinoboya i-lucy.
Ekupheleni	babuyela	I-Tim kunye ne-oxy babuyela emthini.	I-Tim kunye ne-oxy babuyela Ekupheleni emthini.
neRegs	Iithoyi	Iithoyi zazimibala eyahlukileyo kwaye zazinamanani kuzo.	Iithoyi neRegs zazimibala eyahlukileyo kwaye zazinamanani kuzo.
i-strawberry	umama	USuzy waziva ebuhlungu kuba engazange aphulaphule umama wakhe.	USuzy waziva ebuhlungu kuba engazange aphulaphule umama i-strawberry wakhe.
Incwadi	Babala	Babala ukuba mangaphi amakhadi anayo.	Babala Incwadi ukuba mangaphi amakhadi anayo.
unesibindi	amazinyo	Bagqobhoza amazinyo baza banxiba ii-pajamas zabo.	Bagqobhoza amazinyo unesibindi baza banxiba ii-pajamas zabo.
ubone	Bahleka	Bahleka kwaye bakonwaba kakhulu.	Bahleka ubone kwaye bakonwaba kakhulu.
kubaxolela	yayilusizi	I-chicky yayilusizi kodwa yayeka ukucula.	I-chicky yayilusizi kubaxolela kodwa yayeka ukucula.
enombulelo	Wayeyindoda	Wayeyindoda eqatha kakhulu.	Wayeyindoda enombulelo eqatha kakhulu.
enomgwebi	Wayezibuza	Wayezibuza ukuba yayiyintoni i-teddy yakhe.	Wayezibuza enomgwebi ukuba yayiyintoni i-teddy yakhe.
Ukuhleka	kakhulu	Babaleka bahleka, benokonwaba kakhulu.	Babaleka bahleka, benokonwaba kakhulu Ukuhleka.
imeme	baqala	Abahlobo bakhe baqala ukuhleka.	Abahlobo bakhe baqala imeme ukuhleka.
Uyamangaliswa	yancuma	Ikopi yancuma umva.	Ikopi yancuma Uyamangaliswa umva.
Wachukumisa	wayenomsindo	Utata wakhe wayenomsindo kwaye enexhala.	Utata wakhe wayenomsindo Wachukumisa kwaye enexhala.
emthulweni	kunye	Kodwa usadlala kunye.	Kodwa usadlala kunye emthulweni.
Ibrabby	lizalisekile	I-ANents ithemba lizalisekile!	I-ANents ithemba lizalisekile Ibrabby!
Ukujonga	akazange	U-Lucy akazange aqonde, kodwa waphulaphula umama wakhe.	U-Lucy akazange Ukujonga aqonde, kodwa waphulaphula umama wakhe.
kumvundla	apho	Bayayibona yonke into eyadiweyo ukuya apho.	Bayayibona yonke into eyadiweyo ukuya apho kumvundla.
owenze	zentloko	Yenza isandi esonwabileyo kunye neenombolo zentloko.	Yenza isandi esonwabileyo kunye neenombolo zentloko owenze.
wayenemini	waya	I-Tim ibibambe umtya wekite kwaye waya kwisilayidi.	I-Tim ibibambe umtya wekite kwaye waya wayenemini kwisilayidi.
I-LIM	liqengqelwe	Ilitye eligudileyo liqengqelwe ehlathini, likhangela ioksijini.	Ilitye eligudileyo liqengqelwe I-LIM ehlathini, likhangela ioksijini.
yayiyintloko	Hayi	Hayi, tom, oko akumnandi.	Hayi yayiyintloko, tom, oko akumnandi.
ukumnceda	kwaye	Bathanda ukusika iphepha kwaye benze iimilo.	Bathanda ukusika iphepha kwaye ukumnceda benze iimilo.
Yayinkulu	wakhwaza	I-Lily kwaye uMax wakhwaza.	I-Lily kwaye uMax wakhwaza Yayinkulu.
yaqhubeka	ukuya	UTom wayefuna ukuya apho.	UTom wayefuna ukuya yaqhubeka apho.
yayingabahlobo	ukudlala	Wayefuna ukudlala ngayo.	Wayefuna ukudlala yayingabahlobo ngayo.
Isitya	Amadada	Amadada aquack kunye nentlanzi i-splash.	Amadada Isitya aquack kunye nentlanzi i-splash.
yayingalunganga	naye	Umlinganiso yayidlala naye nje.	Umlinganiso yayidlala naye yayingalunganga nje.
alale	engalindelekanga	Kodwa emva koko, kwenzeka into engalindelekanga.	Kodwa emva koko, kwenzeka into engalindelekanga alale.
ethandelwe	enzima	Intaka ayikwazanga ukubhabha ngengqekembe enzima.	Intaka ayikwazanga ukubhabha ngengqekembe enzima ethandelwe.
wehlosi	unexhala	Kodwa waqalisa ukuziva unexhala.	Kodwa waqalisa ukuziva unexhala wehlosi.
labona	lacocekile	Ngoku, igumbi lakhe lacocekile.	Ngoku, igumbi lakhe lacocekile labona.
Wawela	nedoli	Ngoku, akakwazanga ukudlala nedoli yakhe ayithandayo.	Ngoku, akakwazanga ukudlala nedoli Wawela yakhe ayithandayo.
nabo	wavula	UTom wayimisa ibhasi wavula ucango.	UTom wayimisa ibhasi wavula nabo ucango.
Bendingazi	kwaye	UBobo wavula umsila wakhe kwaye wangena ngovuyo.	UBobo wavula umsila wakhe kwaye Bendingazi wangena ngovuyo.
owayedla	ebumnyameni	I-wand iguqula wonke umntu ebumnyameni ukuba acule uncumo olukhulu.	I-wand iguqula wonke umntu ebumnyameni owayedla ukuba acule uncumo olukhulu.
wayebaleka	Ngaphakathi	Ngaphakathi kukho amagumbi amabini amakhulu agcwele imihlobiso enemibala.	Ngaphakathi wayebaleka kukho amagumbi amabini amakhulu agcwele imihlobiso enemibala.
yayinoxolo	elihlwempuzekileyo	I-Spike yayiyi-cactus elihlwempuzekileyo.	I-Spike yayiyi-cactus elihlwempuzekileyo yayinoxolo.
abayeki	Wazama	Wazama ukubamba intaka, kodwa yabhabha.	Wazama abayeki ukubamba intaka, kodwa yabhabha.
yafika	wayithatha	Wayemthanda kakhulu irever kakhulu kwaye wayithatha yonke indawo.	Wayemthanda kakhulu irever kakhulu kwaye wayithatha yafika yonke indawo.
ngumhlobo	babona	Epakini, babona umthengisi ethengisa amanyala amnandi.	Epakini, babona ngumhlobo umthengisi ethengisa amanyala amnandi.
yayinesilizi	Wachukumisa	Wachukumisa enye yee-petals.	Wachukumisa yayinesilizi enye yee-petals.
laliphumile	inkwenkwe	Balinda de inkwenkwe ihla isilayidi.	Balinda de inkwenkwe laliphumile ihla isilayidi.
umbuzo	esikhulu	Uxuba yonke into kwisitya esikhulu.	Uxuba yonke into kwisitya esikhulu umbuzo.
sisibane	basondeza	Bathanda ukubenza basondeza kwaye baphuke kwaye bebenje.	Bathanda ukubenza basondeza sisibane kwaye baphuke kwaye bebenje.
kukwenzakalisa	idlale	I-max kunye neenyibiba idlale kwihlabathi elitsha imini yonke.	I-max kunye neenyibiba idlale kukwenzakalisa kwihlabathi elitsha imini yonke.
IKitty	yadibana	Ibhere yadibana nentaka encinci, enobuhlobo.	Ibhere yadibana IKitty nentaka encinci, enobuhlobo.
Ivumba	ukuze	Wayefuna ukubalawula, ukuze abagcine bacocekile.	Wayefuna ukubalawula, ukuze Ivumba abagcine bacocekile.
hlobo	waziva	UTom waziva ekhululekile kufutshane ne-vase.	UTom waziva hlobo ekhululekile kufutshane ne-vase.
yayinezinto	Yabona	Yabona umntwana shan ezingalweni zakhe.	Yabona yayinezinto umntwana shan ezingalweni zakhe.
Sisonke	Yayifuna	Yayifuna ukuya phambili.	Yayifuna Sisonke ukuya phambili.
ngokwenza	kwaye	Kwakubiza kakhulu kwaye khethekile.	Kwakubiza kakhulu kwaye ngokwenza khethekile.
neenqaba	isigcawu	Wabeka isigcawu ebhedini yakhe.	Wabeka isigcawu neenqaba ebhedini yakhe.
ezibhokisini	phantsi	Bahlala phantsi badle iicookies.	Bahlala phantsi ezibhokisini badle iicookies.
kwipiddle	ukuba	Basebenzisa iziqwengana zabo ukuba bahambe ngokukhawuleza kwaye bacotha.	Basebenzisa iziqwengana zabo ukuba kwipiddle bahambe ngokukhawuleza kwaye bacotha.
yinja	badlala	Wabona iintaka, imithi, kwaye abantwana badlala.	Wabona iintaka, imithi, kwaye abantwana badlala yinja.
Unyibilikisile	Kodwa	Kodwa ndalibala ukuba ndinayo.	Kodwa Unyibilikisile ndalibala ukuba ndinayo.
Bamenza	kwaye	Irobhothi yawa emhlabeni kwaye yaphuka.	Irobhothi yawa emhlabeni kwaye Bamenza yaphuka.
wabuphalela	Ndiyayithanda	Ndiyayithanda le ncwadi.	Ndiyayithanda wabuphalela le ncwadi.
Bajonga	Yayiluhlaza	Yayiluhlaza kwaye igudile.	Yayiluhlaza Bajonga kwaye igudile.
ngokwenza	baba	Ilori neTim baba ngabahlobo abalungileyo.	Ilori neTim baba ngokwenza ngabahlobo abalungileyo.
I-ANents	kwaye	I-snuck yaphulukana nogqatso kwaye yakhala.	I-snuck yaphulukana nogqatso kwaye I-ANents yakhala.
rhoqo	neecookies	Babenetshokholethi eshushu kunye neecookies nomama wabo.	Babenetshokholethi eshushu kunye neecookies rhoqo nomama wabo.
ukuthobela	I-Tim	I-Tim ifake iphunga naye.	I-Tim ukuthobela ifake iphunga naye.
yanceda	kwaye	UTim wawuphakamisa phantsi kwaye wathabatha iziqwenga.	UTim wawuphakamisa phantsi kwaye yanceda wathabatha iziqwenga.
I-chicky	no	UTim no Sue babebuhlungu.	UTim no I-chicky Sue babebuhlungu.
wayengaqinisekanga	ngaphandle	UTom noLily babedlala ngaphandle kunye neetoni zabo.	UTom noLily babedlala ngaphandle wayengaqinisekanga kunye neetoni zabo.
i-pole	ukonwaba	Ndiyazi ukuba uzama ukonwaba.	Ndiyazi ukuba uzama ukonwaba i-pole.
imini	Wayenekratshi	Wayenekratshi ngaye ngokuzama konke okusemandleni akhe.	Wayenekratshi imini ngaye ngokuzama konke okusemandleni akhe.
isikhephe	Kufutshane	Kufutshane nomfula, kwakuhlala inkwenkwe egama linguTom.	Kufutshane isikhephe nomfula, kwakuhlala inkwenkwe egama linguTom.
ngokuba	kufuneka	Kuya kufuneka wabelane ngeebhloko kwaye udlale kakuhle.	Kuya kufuneka ngokuba wabelane ngeebhloko kwaye udlale kakuhle.
wawungakwazi	ukugawula	Wayengazi ukuba ukugawula amagama bekungalunganga.	Wayengazi ukuba ukugawula wawungakwazi amagama bekungalunganga.
ubuqhetseba	kodwa	Uthanda i-mosquito, kodwa uyathanda uBen.	Uthanda i-mosquito, kodwa ubuqhetseba uyathanda uBen.
ne-lily	kwaye	Wavuya kakhulu kwaye wakhululeka.	Wavuya kakhulu kwaye ne-lily wakhululeka.
inambitheka	bakhala	Balila kwaye bakhala.	Balila kwaye bakhala inambitheka.
Bavula	babo	Bakhomba emithini, kwiithoyi, kunye nabahlobo babo.	Bakhomba emithini, kwiithoyi, kunye nabahlobo babo Bavula.
yavula	nentombazana	Babona nentombazana kunye nenkwenkwe.	Babona nentombazana yavula kunye nenkwenkwe.
abambe	kunye	I-Lily kunye ne-Tom zamangaliswa kakhulu.	I-Lily kunye abambe ne-Tom zamangaliswa kakhulu.
Iinyibiba	ukufumana	Abakwazanga ukufumana i-tie ngasemva.	Abakwazanga ukufumana Iinyibiba i-tie ngasemva.
Ndiyazi	enkulu	Bava ingxolo enkulu.	Bava ingxolo enkulu Ndiyazi.
Banomthi	UTim	UTim wayene-friendzer enkulu ekhitshini lakhe.	UTim Banomthi wayene-friendzer enkulu ekhitshini lakhe.
Balambile	kwaye	Wayivula kwaye wafumana iperiny yeperiny ngaphakathi.	Wayivula kwaye Balambile wafumana iperiny yeperiny ngaphakathi.
ilungu	Uphule	Uphule imoto yam.	Uphule ilungu imoto yam.
ukumgcina	ngokukhawuleza	Ubona amadoda ukuba abaleke ngokukhawuleza ngebhola.	Ubona amadoda ukuba abaleke ngokukhawuleza ukumgcina ngebhola.
esilivere	Wayengazange	Wayengazange abone amanzi amaninzi ngaphambili.	Wayengazange esilivere abone amanzi amaninzi ngaphambili.
yadanisa	idlalwa	Inxalenye ebomvu idlalwa ngeethoyi ezinkulu.	Inxalenye ebomvu idlalwa yadanisa ngeethoyi ezinkulu.
wangasemva	yayinentaka	I-mia yayinentaka yesilwanyana egama lingumbala omnandi.	I-mia yayinentaka wangasemva yesilwanyana egama lingumbala omnandi.
kukwenzakalisa	wamthanda	UAva wamthanda ukutya iavokhado.	UAva wamthanda kukwenzakalisa ukutya iavokhado.
zibulela	Ngenye	Ngenye imini, ikati idibene nenja enkulu.	Ngenye zibulela imini, ikati idibene nenja enkulu.
linguSophie	Wabona	Wabona umthi omde ngentaka kuyo.	Wabona linguSophie umthi omde ngentaka kuyo.
yadanisa	inyibiba	Uzamile ukuyikhonza inyibiba.	Uzamile ukuyikhonza inyibiba yadanisa.
Baqhubeka	asebenze	Ndifuna ukuba asebenze.	Ndifuna ukuba asebenze Baqhubeka.
kwiwebhu	ukuphumelela	Wayesoloko efuna ukuphumelela.	Wayesoloko efuna ukuphumelela kwiwebhu.
yesilwanyana	Unomsindo	Unomsindo kwaye udanile.	Unomsindo yesilwanyana kwaye udanile.
eyenzekileyo	Ufuna	Ufuna ukuchukumisa inkunzi yenkomo.	Ufuna eyenzekileyo ukuchukumisa inkunzi yenkomo.
Ngemini	ezininzi	Wayeneencwadi ezininzi egumbini lakhe.	Wayeneencwadi ezininzi Ngemini egumbini lakhe.
Bayayibulela	basusa	Sisonke, Tim, nabahlobo bakhe basusa i-Wreck.	Sisonke, Tim, nabahlobo bakhe basusa Bayayibulela i-Wreck.
kwizitulo	ayizange	Ikati kunye nenja ayizange ithandane.	Ikati kunye nenja ayizange kwizitulo ithandane.
yayidiniwe	ujonge	Ucinga ukuba nzima kwaye ujonge macala onke.	Ucinga ukuba nzima kwaye ujonge yayidiniwe macala onke.
Bazibuza	ukudlala	I-kitty ithanda ukudlala imini yonke ngemouse yakhe yokudlala.	I-kitty ithanda ukudlala Bazibuza imini yonke ngemouse yakhe yokudlala.
idanga	Abantwana	Abantwana abancinci kunye nenja encinci babebuhlungu kakhulu.	Abantwana idanga abancinci kunye nenja encinci babebuhlungu kakhulu.
Wayefumene	ibhere	Ngesinye isihlandlo, kwabakho ibhere enkulu.	Ngesinye isihlandlo, kwabakho ibhere Wayefumene enkulu.
ukuqhubela	umthi	Iigusha zabona umthi omkhulu onamagqabi amnandi.	Iigusha zabona umthi ukuqhubela omkhulu onamagqabi amnandi.
Wayenegita	kwilali	Lo mthi ufuna ukuba luncedo ngakumbi kwilali.	Lo mthi ufuna ukuba luncedo ngakumbi kwilali Wayenegita.
wayo	egxalabeni	Ngequbuliso, uLizzy waziva empompoleni egxalabeni lakhe.	Ngequbuliso, uLizzy waziva empompoleni egxalabeni wayo lakhe.
osisiyatha	ijusi	Umama kaMama wayithatha ijusi.	Umama kaMama wayithatha ijusi osisiyatha.
nomthombo	iKati	Ngenye imini, iKati elumkileyo egama linguLucy yafumana isokisi.	Ngenye imini, iKati nomthombo elumkileyo egama linguLucy yafumana isokisi.
nothando	uSally	Ngaphakathi kwibhokisi, uSally wafumana igolide!	Ngaphakathi kwibhokisi, uSally nothando wafumana igolide!
I-ANents	yonwabile	Intaka yonwabile kwaye imnandi.	Intaka yonwabile I-ANents kwaye imnandi.
bafumane	kuba	I-max yajika ngomsila wakhe kuba wonwabile.	I-max yajika ngomsila wakhe kuba bafumane wonwabile.
ethethwa	ukudlala	Wayefuna ukudlala ngemoto yakhe yokudlala.	Wayefuna ukudlala ethethwa ngemoto yakhe yokudlala.
bada	ingoma	USam wamamela ingoma waza waqalisa ukudanisa.	USam wamamela ingoma bada waza waqalisa ukudanisa.
azibhabhazi	neencwadi	Bayathanda ukudlala ngeethoyi kunye neencwadi.	Bayathanda ukudlala ngeethoyi kunye neencwadi azibhabhazi.
inoboya	encinci	Emva koko, wabona intombazana encinci ngomnatha.	Emva koko, wabona intombazana encinci inoboya ngomnatha.
i-vase	enkulu	Wayenebhokisi enkulu yeglue.	Wayenebhokisi enkulu i-vase yeglue.
ihlosi	akafuni	Kodwa uTom akafuni ukudlala.	Kodwa uTom akafuni ihlosi ukudlala.
wayenomhlobo	inqwelo-mafutha	UTim noMia batshintshana ukuze baqhube inqwelo-mafutha ebomvu.	UTim noMia batshintshana ukuze baqhube inqwelo-mafutha wayenomhlobo ebomvu.
Wayenesibindi	UTim	UTim wayenebhere yokudlala awayeyithanda kakhulu.	UTim Wayenesibindi wayenebhere yokudlala awayeyithanda kakhulu.
Apho	kwaye	Banoyolo kwaye bakhululwa.	Banoyolo kwaye Apho bakhululwa.
iilekese	wahleka	Wonke umntu wahleka, kwaye enobys wayeziva enekratshi.	Wonke umntu wahleka iilekese, kwaye enobys wayeziva enekratshi.
Wajikeleza	lalibonakala	Ilanga lalibonakala likhanya nangakumbi.	Ilanga lalibonakala Wajikeleza likhanya nangakumbi.
Banika	Babeka	Babeka ibhokisi phantsi kwaye bangene ngaphakathi.	Babeka Banika ibhokisi phantsi kwaye bangene ngaphakathi.
kwindlwane	iTim	USam wabona iTim ijonge kwimpethu enzima.	USam wabona iTim kwindlwane ijonge kwimpethu enzima.
Ben	I-Lily	I-Lily ithathe isigqibo sokupeyinta isakhiwo ngemibala entle.	I-Lily Ben ithathe isigqibo sokupeyinta isakhiwo ngemibala entle.
wayifihla	Bonke	Bonke baya kuyibona le ndoda.	Bonke wayifihla baya kuyibona le ndoda.
nembiza	Watya	Watya abomvu, luhlaza kwaye tyheli.	Watya nembiza abomvu, luhlaza kwaye tyheli.
Wacinga	koko	Kodwa emva koko, kwenzeka into engalindelekanga.	Kodwa emva koko Wacinga, kwenzeka into engalindelekanga.
ucele	adlale	UTim akazange athanda ukubaleka okanye adlale.	UTim akazange athanda ukubaleka okanye adlale ucele.
wothukile	wamnceda	UTim wayelusizi kodwa uSam wamnceda.	UTim wayelusizi kodwa uSam wamnceda wothukile.
inkangelekile	Uyakuvuyela	Uyakuvuyela ukuba nedoli yakhe ngasemva.	Uyakuvuyela inkangelekile ukuba nedoli yakhe ngasemva.
neebhere	walamba	UBob walamba emva kokupeyinta.	UBob walamba neebhere emva kokupeyinta.
eyayiphakamile	ukuba	Ndifuna ukuba athethe.	Ndifuna ukuba eyayiphakamile athethe.
baliva	sakhe	Kodwa kuqala, kwakufuneka afumane isigcina-ntloko sakhe.	Kodwa kuqala, kwakufuneka afumane isigcina-ntloko sakhe baliva.
i-yoghurt	ebomvu	Kwigaraji, ixesha labona ibhola ebomvu enkulu.	Kwigaraji, ixesha labona ibhola ebomvu i-yoghurt enkulu.
athile	ukukhula	Ngelanga elikhanyayo, ingqolowa kaJane yaqala ukukhula.	Ngelanga elikhanyayo, ingqolowa kaJane yaqala ukukhula athile.
ilahlekile	ngesele	Babevuya kakhulu ngesele.	Babevuya kakhulu ngesele ilahlekile.
Umlobi	Kodwa	Kodwa ukubopha kwakunzima kuye.	Kodwa Umlobi ukubopha kwakunzima kuye.
neTim	wagqiba	Ngenye imini, wagqiba kwelokuba aqalise ukukhangela indlu yakhe.	Ngenye imini, wagqiba neTim kwelokuba aqalise ukukhangela indlu yakhe.
i-crab	iyakukhanya	Ebusuku, ipiyano iyakukhanya.	Ebusuku, ipiyano iyakukhanya i-crab.
ipholile	Wayibamba	Wayibamba wayiphosa kwakhona.	Wayibamba ipholile wayiphosa kwakhona.
bakhululwa	ladibana	Endleleni, ixesha ladibana nenja enkulu.	Endleleni, ixesha ladibana bakhululwa nenja enkulu.
igcwele	phezulu	Bafuna ukufikelela phezulu.	Bafuna ukufikelela phezulu igcwele.
iithoyi	ne-toy	UTim wayekuthanda ukudlala kunye ne-toy ye-toy skeleton imini yonke.	UTim wayekuthanda ukudlala kunye ne-toy iithoyi ye-toy skeleton imini yonke.
raft	kwaye	UAnna noBen bayeka ukulwa kwaye bajonga umama wabo.	UAnna noBen bayeka ukulwa kwaye raft bajonga umama wabo.
ikhayithi	lokuba	Babenethemba lokuba akazukukhathazeka kuzo.	Babenethemba lokuba ikhayithi akazukukhathazeka kuzo.
yeqonga	Babetha	Babetha impendu kwaye bonwabile.	Babetha yeqonga impendu kwaye bonwabile.
bonwabe	iibhloko	Bazithatha iibhloko zabo kwaye baqalisa ukwakha.	Bazithatha iibhloko bonwabe zabo kwaye baqalisa ukwakha.
lokuya	ngelori	Wayefuna ukudlala ngelori nayo.	Wayefuna ukudlala ngelori lokuya nayo.
ngoku	I-Sue	I-Sue yaziva ilusizi kodwa ayinikezeli.	I-Sue ngoku yaziva ilusizi kodwa ayinikezeli.
bachukumise	kwishalofini	Babeka iglasi engaziwayo kwishalofini.	Babeka iglasi engaziwayo kwishalofini bachukumise.
Bunny	ngenja	Babengafuni ukudlala ngenja emdaka.	Babengafuni ukudlala ngenja Bunny emdaka.
yanikina	ngokuhlwa	Emva koko ngokuhlwa, utata ka-Ana weza ebaleka egadini.	Emva koko ngokuhlwa yanikina, utata ka-Ana weza ebaleka egadini.
nqanaba	i-Tim	Ngoku, i-Tim yayingakhathali.	Ngoku, i-Tim nqanaba yayingakhathali.
linguJosh	Uthathe	Uthathe isandla sikaLily kwaye wakhokelela indlela.	Uthathe linguJosh isandla sikaLily kwaye wakhokelela indlela.
I-SAT	zakhe	UBella wabalekela kwimfumba kwaye wafumana izinto zakhe.	UBella wabalekela kwimfumba kwaye wafumana izinto zakhe I-SAT.
umntakwabo	idibene	Entsimini, inyibiba idibene ne-rog.	Entsimini, inyibiba idibene umntakwabo ne-rog.
Banuka	lakhe	Igama lakhe yayinguFreddy.	Igama lakhe Banuka yayinguFreddy.
waba	yaqala	Itreyi yaqala ukubhabha emoyeni!	Itreyi yaqala waba ukubhabha emoyeni!
iplate	ukuba	Babengathandi ukuba bashiywe phantsi.	Babengathandi ukuba iplate bashiywe phantsi.
umnqwazi	Kodwa	Kodwa imouse ikhawuleza kwaye ilumke.	Kodwa umnqwazi imouse ikhawuleza kwaye ilumke.
ngokuba	uphumelele	Ekupheleni, uOllie uphumelele umdlalo.	Ekupheleni, uOllie uphumelele ngokuba umdlalo.
Wayenencwadi	uvuyo	Uyakuthanda ukuzisa uvuyo kwigadi.	Uyakuthanda ukuzisa uvuyo Wayenencwadi kwigadi.
ezinye	Ujoyina	Ujoyina iLily nenja.	Ujoyina ezinye iLily nenja.
impuku	le	Abasiqondi ukuba kutheni le paki ivaliwe.	Abasiqondi ukuba kutheni le impuku paki ivaliwe.
ngeMax	Babaxelela	Babaxelela ngeswekile epholileyo.	Babaxelela ngeMax ngeswekile epholileyo.
wayelinenekazi	ngumqamelo	Lo ngumqamelo okhethekileyo.	Lo ngumqamelo wayelinenekazi okhethekileyo.
UJenny	ngelo	Wayenebhongo kakhulu ngelo.	Wayenebhongo kakhulu ngelo UJenny.
i-Snowneman	kakhulu	UTim wayevuya kakhulu.	UTim wayevuya kakhulu i-Snowneman.
ofana	Inkwenkwana	Inkwenkwana yamangaliswa kakhulu.	Inkwenkwana ofana yamangaliswa kakhulu.
wayenexesha	lakhe	Wayephulukene neqanda lakhe.	Wayephulukene neqanda lakhe wayenexesha.
okrelekrele	ngequbuliso	Ukuhamba, uLucy ngequbuliso waziva echukumisa iinzwane zakhe.	Ukuhamba, uLucy ngequbuliso okrelekrele waziva echukumisa iinzwane zakhe.
watya	wavuya	Wonke umntu wavuya, kodwa intliziyo yentombazana yangena.	Wonke umntu wavuya watya, kodwa intliziyo yentombazana yangena.
adlale	Kodwa	Kodwa wayengazi ukuba uza kubhala njani.	Kodwa adlale wayengazi ukuba uza kubhala njani.
Yayikwishalofi	kwaye	Imoto yayibomvu kwaye icwebekile.	Imoto yayibomvu kwaye Yayikwishalofi icwebekile.
elikhanyayo	ezintle	Babona iintyatyambo ezininzi ezintle.	Babona iintyatyambo ezininzi ezintle elikhanyayo.
ombala	ngokuba	I-Lily ihleliwe kwaye yabizwa ngokuba yi-max.	I-Lily ihleliwe kwaye yabizwa ngokuba ombala yi-max.
ekubhaka	Babaleka	Babaleka emva kwentaka.	Babaleka ekubhaka emva kwentaka.
iphiko	koko	Kodwa emva koko, kwenzeka into engalindelekanga.	Kodwa emva koko iphiko, kwenzeka into engalindelekanga.
ukubopha	Wayifaka	Wayifaka umsila wakhe, wakhalela ubuso babo.	Wayifaka ukubopha umsila wakhe, wakhalela ubuso babo.
