input1	input2	input3	label
phezulu	wayebonakala	Ibhabha phezulu kwaye ijikeleze kwaye ijikeleze.	Ibhabha wayebonakala kwaye ijikeleze kwaye ijikeleze.
inefestile	Cat	I-shed imnyama kwaye inefestile encinci.	I-shed imnyama kwaye Cat encinci.
i-yummy	kwinkwenkwe	Yayimnandi kwaye i-yummy.	Yayimnandi kwaye kwinkwenkwe.
yokudlala	imbatyisi	UTim wacinga ngayo kwaye wanqwenela into entsha yokudlala.	UTim wacinga ngayo kwaye wanqwenela into entsha imbatyisi.
imini	kuloba	Ngenye imini uSarah wafumana isitshixo esibomvu.	Ngenye kuloba uSarah wafumana isitshixo esibomvu.
ibug	ngaloo	Inyibiba ihletshelwa kwaye ibug ibaleka.	Inyibiba ihletshelwa kwaye ngaloo ibaleka.
I-Tom	kwigita	I-Tom encinci eyomeleleyo.	kwigita encinci eyomeleleyo.
bakuva	ebikhona	Ke ngoko, bakuva ukugquma okunene.	Ke ngoko, ebikhona ukugquma okunene.
abo	wawuhambile	Bakhonkxiwe ebumnyameni ngamaphepha abo.	Bakhonkxiwe ebumnyameni ngamaphepha wawuhambile.
Kule	noToy	Kule fama, zazininzi izilwanyana.	noToy fama, zazininzi izilwanyana.
icala	limamele	Ndifuna ukufumana into epholileyo kwelinye icala.	Ndifuna ukufumana into epholileyo kwelinye limamele.
waya	Wabonisa	Wabaleka waya kwinkwenkwe wathi uyaxolisa.	Wabaleka Wabonisa kwinkwenkwe wathi uyaxolisa.
ukunceda	Ngenkalipho	UFluffy wayekuvuyela ukunceda.	UFluffy wayekuvuyela Ngenkalipho.
lokuzalwa	Intaba-mlilo	Kwakukho iqela lokuzalwa '	Kwakukho iqela Intaba-mlilo '
ngengozi	kubonakala	Inqaba yawa phantsi ngengozi enkulu.	Inqaba yawa phantsi kubonakala enkulu.
kwaye	Nje	Wayebuhlungu kakhulu kwaye efuna ukuhlangula iambrela yakhe.	Wayebuhlungu kakhulu Nje efuna ukuhlangula iambrela yakhe.
bonwabile	iqanda	Babevuya kwaye bonwabile.	Babevuya kwaye iqanda.
ibhotile	ngumhlobo	Wabona ibhotile yewayini.	Wabona ngumhlobo yewayini.
ngezitena	amahle	Bakha izindlu, iinqaba, neenqaba ezimbilini ngezitena.	Bakha izindlu, iinqaba, neenqaba ezimbilini amahle.
kwaye	kulungelelaniswa	Indoda iyancuma kwaye ithi enkosi.	Indoda iyancuma kulungelelaniswa ithi enkosi.
benokonwaba	zonwabile	Babesoloko benokonwaba kunye.	Babesoloko zonwabile kunye.
uloliwe	batyibilika	Ngenye imini, uloliwe wabona intaka encinci.	Ngenye imini, batyibilika wabona intaka encinci.
USam	yayifihla	USam wayefuna ukunceda inyibiba.	yayifihla wayefuna ukunceda inyibiba.
wavuya	Babesebenzisa	U-Lucy wavuya kakhulu.	U-Lucy Babesebenzisa kakhulu.
Wayefuna	unokukhwela	Wayefuna ukuthenga iiapile zikamama wakhe.	unokukhwela ukuthenga iiapile zikamama wakhe.
umama	umfanekiso	Kanye ngexesha, umama wayedlala idrum yakhe.	Kanye ngexesha, umfanekiso wayedlala idrum yakhe.
yathabatha	nosapho	Inyoka yathabatha intaba.	Inyoka nosapho intaba.
Usebenzise	ngxaki	Usebenzise umbala oluhlaza okwesibhakabhaka kumqulu.	ngxaki umbala oluhlaza okwesibhakabhaka kumqulu.
kakhulu	ye-zigzag	I-Tommy ithandile kakhulu emoyeni.	I-Tommy ithandile ye-zigzag emoyeni.
kwaye	bajonga	Wavuya kakhulu kwaye wayefuna ukuwanga.	Wavuya kakhulu bajonga wayefuna ukuwanga.
wakhe	esiqithini	Wayesandula ukufumana isimemo kumhlobo wakhe, uJoe.	Wayesandula ukufumana isimemo kumhlobo esiqithini, uJoe.
noTom	Iigusha	ULila noTom bonwabile.	ULila Iigusha bonwabile.
kaMakhulu	nedoli	Babenotyelelo olukhulu kwindlu kaMakhulu.	Babenotyelelo olukhulu kwindlu nedoli.
koko	bade	Emva koko, umoya wavuthelwa nzima.	Emva bade, umoya wavuthelwa nzima.
iithoyi	yaxolelwa	Xa iithoyi zeza, izilwanyana zazinoyolo kakhulu.	Xa yaxolelwa zeza, izilwanyana zazinoyolo kakhulu.
kwaye	Mama	Bayabaleka, bagxuma, kwaye bahleke.	Bayabaleka, bagxuma, Mama bahleke.
Wabona	esemlonyeni	Wabona umvundla omncinci uphume emngxunyeni.	esemlonyeni umvundla omncinci uphume emngxunyeni.
kakuhle	kwada	Iintaka zacula i-lullaby, kwaye ikati ilele kakuhle.	Iintaka zacula i-lullaby, kwaye ikati ilele kwada.
Baziva	embi	Baziva ngathi inqwelomoya kwaye bachukumise umhlaba.	embi ngathi inqwelomoya kwaye bachukumise umhlaba.
ithathe	ekubhaka	I-Lily ithathe isitshixo kwaye yabonisa abahlobo bakhe.	I-Lily ekubhaka isitshixo kwaye yabonisa abahlobo bakhe.
ngokukhawuleza	Ukhumbule	Yayibaleka ngokukhawuleza kakhulu.	Yayibaleka Ukhumbule kakhulu.
yekherothi	eyayinetyala	Imifuno yakhe ayithandayo yayiyinto yekherothi.	Imifuno yakhe ayithandayo yayiyinto eyayinetyala.
ukuyithatha	alungise	Wayefuna ukuyithatha kubahlobo bakhe beembovane.	Wayefuna alungise kubahlobo bakhe beembovane.
yakhe	macala	I-max ethandwayo yokudlala ngebhola yakhe ebomvu.	I-max ethandwayo yokudlala ngebhola macala ebomvu.
indlela	ehlekisa	Ulahlekile kwaye akazange afumane indlela egodukayo.	Ulahlekile kwaye akazange afumane ehlekisa egodukayo.
ukuba	Mhlawumbi	Unokufumanisa ukuba ziqhelekile.	Unokufumanisa Mhlawumbi ziqhelekile.
izinto	yanika	Wayefuna izinto ezintle.	Wayefuna yanika ezintle.
siye	epakini	Isitulo sinokunyuka siye ezantsi.	Isitulo sinokunyuka epakini ezantsi.
kwaye	bahambe	I-CAT ijonge kugqirha kwaye inyibilikisiwe.	I-CAT ijonge kugqirha bahambe inyibilikisiwe.
ukunkcenkceshela	Yayiyintsomi	UBob wakhangela ukunkcenkceshela komlingo.	UBob wakhangela Yayiyintsomi komlingo.
ebunzini	yayiva	Utata wakhe wancuma wamanga ebunzini.	Utata wakhe wancuma wamanga yayiva.
ilungile	Bayayibulela	Yayimnandi kwaye inamathele kwaye ilungile kwisonka.	Yayimnandi kwaye inamathele kwaye Bayayibulela kwisonka.
kunye	skeleton	Imephu ibonise iindawo ezininzi kunye neendlela kunye nemibala.	Imephu ibonise iindawo ezininzi skeleton neendlela skeleton nemibala.
entle	kukwenzakalisa	Wayenendlela entle awayeyithanda kakhulu.	Wayenendlela kukwenzakalisa awayeyithanda kakhulu.
Ngenye	Kwaye	Ngenye imini, iblowu ifumene ilitye elimnyama elimnyama.	Kwaye imini, iblowu ifumene ilitye elimnyama elimnyama.
ukutshintsha	Wakhawuleza	UFluffy uqalile ukutshintsha umbala!	UFluffy uqalile Wakhawuleza umbala!
Bobabini	yinyani	Bobabini babezifunwa bona bonke.	yinyani babezifunwa bona bonke.
Ngaphakathi	ukutshintsha	Ngaphakathi kwetyala yinto ekhethekileyo.	ukutshintsha kwetyala yinto ekhethekileyo.
wakhe	yeyona	Akazange ambone umama wakhe.	Akazange ambone umama yeyona.
umnyango	bonke	Emva kwengxondorha, kukho umnyango ofihlakeleyo.	Emva kwengxondorha, kukho bonke ofihlakeleyo.
babexakekile	zabantu	Bonke babexakekile kwaye bonwabile.	Bonke zabantu kwaye bonwabile.
bakhe	ukubabona	I-bunny yamthanda ukudlala nabahlobo bakhe.	I-bunny yamthanda ukudlala nabahlobo ukubabona.
waya	yayo	Wabaleka waya kubo, wayikhangela ibhola kuBen.	Wabaleka yayo kubo, wayikhangela ibhola kuBen.
inja	nesipuni	Isikwere sizise inja ukuba ihlangane nabahlobo bayo.	Isikwere sizise nesipuni ukuba ihlangane nabahlobo bayo.
inyibilikisi	ityibilikisiwe	Inyibiba inyibilikisi kwaye ihlala kwintwasahlobo.	Inyibiba ityibilikisiwe kwaye ihlala kwintwasahlobo.
omfutshane	toy	Inja yayinomsila omfutshane.	Inja yayinomsila toy.
wakhe	Itywina	Wayichola wayisa noMama wakhe.	Wayichola wayisa noMama Itywina.
ulumke	njenge	Kodwa ulumke ungayichukumisi.	Kodwa njenge ungayichukumisi.
Inkawu	kuwo	Inkawu yayiphethe ibhanana.	kuwo yayiphethe ibhanana.
ndandingena	okomzuzwana	Ilanga liqaqambe isibhakabhaka xa ndandingena ekhaya.	Ilanga liqaqambe isibhakabhaka xa okomzuzwana ekhaya.
umntu	yokulungisa	Wonke umntu wehla uloliwe.	Wonke yokulungisa wehla uloliwe.
kakhulu	bahleke	Umqhubi weloli wonwabe kakhulu.	Umqhubi weloli wonwabe bahleke.
I-tiger	wabamba	I-tiger ibilala, kwaye intaka iya kucula.	wabamba ibilala, kwaye intaka iya kucula.
emhlabeni	UTom	Wabona i-melon emhlabeni.	Wabona i-melon UTom.
wayenomonde	ayibonanga	UTim wayenomonde kakhulu.	UTim ayibonanga kakhulu.
ngeenxa	yamabhakani	Wajonga ngeenxa zonke, wabona intombazana encinci egama linguLucy.	Wajonga yamabhakani zonke, wabona intombazana encinci egama linguLucy.
kunye	eyayinabahlobo	Uyathanda ukujonga kwiintyatyambo kunye neentaka.	Uyathanda ukujonga kwiintyatyambo eyayinabahlobo neentaka.
koko	yayingumlingo	Emva koko, kwenzeka into engalindelekanga.	Emva yayingumlingo, kwenzeka into engalindelekanga.
Umthi	Nje	Umthi omde awuzange uyithande le nto.	Nje omde awuzange uyithande le nto.
zakho	Wabaleka	Kuya kufuneka utsale kwaye wabelane ngeethoyi zakho.	Kuya kufuneka utsale kwaye wabelane ngeethoyi Wabaleka.
engalindelekanga	I-Bunny	Emva koko, kwenzeka into engalindelekanga.	Emva koko, kwenzeka into I-Bunny.
ikhekhe	olunzulu	Ekhithi, i-lucy yabona ikhekhe enkulu, ekhanyayo.	Ekhithi, i-lucy yabona olunzulu enkulu, ekhanyayo.
UMia	Banqwenela	UMia noMax wavuya kakhulu.	Banqwenela noMax wavuya kakhulu.
Baye	omdehli	Baye bahleka kwaye bonwabile.	omdehli bahleka kwaye bonwabile.
enento	ngokuqinileyo	Wabona inkwenkwe enento yokudlala eyayinokudubula.	Wabona inkwenkwe ngokuqinileyo yokudlala eyayinokudubula.
kwelokuba	Ubonakala	Ngenye imini wagqiba kwelokuba ahlole intlambo.	Ngenye imini wagqiba Ubonakala ahlole intlambo.
okwesibhakabhaka	Masidlale	Unokuba nebhola yakho eluhlaza okwesibhakabhaka.	Unokuba nebhola yakho eluhlaza Masidlale.
kwihlathi	yenzakalisa	Umama notata babefuna ukuya kwihlathi.	Umama notata babefuna ukuya yenzakalisa.
UTim	Bazibamba	UTim wayengazi ukuba yintoni ukubola.	Bazibamba wayengazi ukuba yintoni ukubola.
umngxunya	Balila	Wenza umngxunya kwibhola.	Wenza Balila kwibhola.
emva	Yenzelwe	USophie wancuma wabuyela emva kudlala ngeethoyi zakhe.	USophie wancuma wabuyela Yenzelwe kudlala ngeethoyi zakhe.
Emva	kumka	Emva koko, kwenzeka into engalindelekanga.	kumka koko, kwenzeka into engalindelekanga.
imihla	uyakuthanda	Baba ngabahlobo abalungileyo kwaye badlala kunye yonke imihla.	Baba ngabahlobo abalungileyo kwaye badlala kunye yonke uyakuthanda.
Ngenye	ukuba	Ngenye imini, iinyibiba kunye nabahlobo bakhe babedlala ngaphandle.	ukuba imini, iinyibiba kunye nabahlobo bakhe babedlala ngaphandle.
Abanye	lula	Abanye babo babebonakala ngathi bangcolile kwaye bembi.	lula babo babebonakala ngathi bangcolile kwaye bembi.
kumzabalazo	nokubawa	I-bug encinci iqalile kumzabalazo.	I-bug encinci iqalile nokubawa.
i-bunny	yesanti	Ibala kunye neRegs ziye zanceda ukuba i-bunny ifumane intombi yakhe.	Ibala kunye neRegs ziye zanceda ukuba yesanti ifumane intombi yakhe.
snack	Ineentyatyambo	Wonke umntu wayekuthande i-avocado snack.	Wonke umntu wayekuthande i-avocado Ineentyatyambo.
lwemilo	Injana	Kwakumnandi ukubukela utshintsho lwemilo.	Kwakumnandi ukubukela utshintsho Injana.
kakuhle	i-chess	Iyenza ukuba ivakale kakuhle.	Iyenza ukuba ivakale i-chess.
waya	Yayinobuhlobo	U-Lucy waya kwindlu kaTom yakhe.	U-Lucy Yayinobuhlobo kwindlu kaTom yakhe.
UBen	kwichibi	UBen noLily babedlala ngaphandle ngebhola yabo.	kwichibi noLily babedlala ngaphandle ngebhola yabo.
kunye	Beva	UTom noSam bathabatha iphepha kunye neekhrayoni zabo.	UTom noSam bathabatha iphepha Beva neekhrayoni zabo.
no-Ben	Njengoko	ULila no-Ben bamangaliswa.	ULila Njengoko bamangaliswa.
yakhe	akavuthanga	UAnna nekati yakhe wagoduka.	UAnna nekati akavuthanga wagoduka.
kakhulu	i-razor	Wazama kwaye wazama, kodwa iliwa lalinzima kakhulu.	Wazama kwaye wazama, kodwa iliwa lalinzima i-razor.
ithande	yi-MIA	Inja ithande ukunxiba iimpahla eziqinileyo.	Inja yi-MIA ukunxiba iimpahla eziqinileyo.
encinci	ukuthambisa	Ngenye imini, intombazana encinci egama linguLily yayidlala ngaphandle.	Ngenye imini, intombazana ukuthambisa egama linguLily yayidlala ngaphandle.
yokutya	amabali	I-kitty ithandwayo yokutya kwaye idlale imini yonke.	I-kitty ithandwayo amabali kwaye idlale imini yonke.
Itanki	yabalekela	Itanki ifuna ukunceda intaka encinci.	yabalekela ifuna ukunceda intaka encinci.
injana	yokuphakama	Kanye ngexesha kukho injana.	Kanye ngexesha kukho yokuphakama.
kwaye	fan	Babebomvu, luhlaza, kwaye tyheli.	Babebomvu, luhlaza, fan tyheli.
yakhe	bancuma	UBetty wayebuhlungu kuba indlwane yakhe yayimanzi.	UBetty wayebuhlungu kuba indlwane bancuma yayimanzi.
Kwaye	ngenqwelomoya	Kwaye bonke bahlala bonwabile emva.	ngenqwelomoya bonke bahlala bonwabile emva.
yabo	uMkhukula	Wawela esitratweni ngebhola yabo.	Wawela esitratweni ngebhola uMkhukula.
bacwangcise	Babenoyolo	Ngenye imini, bagqiba kwelokuba bacwangcise i-adventure ekhethekileyo.	Ngenye imini, bagqiba kwelokuba Babenoyolo i-adventure ekhethekileyo.
intloko	ukubhabha	Umlilo wanikina intloko.	Umlilo wanikina ukubhabha.
intaka	neempawu	Ufuna ukondla intaka.	Ufuna ukondla neempawu.
umama	kwimfumba	Emva koko baya kuxelela umama ukuba bawenziwe.	Emva koko baya kuxelela kwimfumba ukuba bawenziwe.
i-pipi	sasiyim	Uhambe uLily, efuna i-pipi.	Uhambe uLily, efuna sasiyim.
iziqhamo	iiblubhu	Waya emithini, wathabatha iziqhamo.	Waya emithini, wathabatha iiblubhu.
yakho	banekratshi	Unokukhetha i-shampoo yakho oyithandayo kunye netawuli.	Unokukhetha i-shampoo banekratshi oyithandayo kunye netawuli.
kwaye	ne-Tim	I-Max yajika umsila wakhe kwaye yangena ngovuyo.	I-Max yajika umsila wakhe ne-Tim yangena ngovuyo.
kwenzeka	Babengoyena	Kodwa emva koko, kwenzeka into engalindelekanga.	Kodwa emva koko, Babengoyena into engalindelekanga.
ne-SAPT	walandela	I-Tim kunye ne-SAPT boyika.	I-Tim kunye walandela boyika.
UAnna	ezibini	UAnna wancuma wancuma.	ezibini wancuma wancuma.
Waphuma	lulwandle	Waphuma ebhafini, wabaleka waya kuye.	lulwandle ebhafini, wabaleka waya kuye.
kwaye	Unokufumanisa	Babenoyolo kwaye benekratshi ngendlu yabo.	Babenoyolo Unokufumanisa benekratshi ngendlu yabo.
izikhephe	wayelusizi	Wayezonwabisa kakhulu nezinye izikhephe.	Wayezonwabisa kakhulu nezinye wayelusizi.
libukeke	i-hay	Wayefuna ukwenza ikhaya lakhe libukeke lihle.	Wayefuna ukwenza ikhaya lakhe i-hay lihle.
linguMax	ehleli	Wabona umhlobo omtsha, inja enkulu egama linguMax.	Wabona umhlobo omtsha, inja enkulu egama ehleli.
lwakhe	ngeTim	Wayevuya ukuya kuhambo lwakhe.	Wayevuya ukuya kuhambo ngeTim.
kwenzeka	Ungabantwana	Emva koko, kwenzeka into engalindelekanga.	Emva koko, Ungabantwana into engalindelekanga.
kwaye	enentloni	Incinci kwaye ithambile.	Incinci enentloni ithambile.
ukuba	waphuma	Wayevuya kukubona ukuba yintoni ebikhona.	Wayevuya kukubona waphuma yintoni ebikhona.
ukuba	yebhotile	Wayecinga ukuba yayiyinto entle kakhulu.	Wayecinga yebhotile yayiyinto entle kakhulu.
ngaphambi	Isitya	Ugqibile ngaphambi kwexesha.	Ugqibile Isitya kwexesha.
Umntwana	ngemihla	Umntwana kunye nenja idlala kunye.	ngemihla kunye nenja idlala kunye.
enkulu	ukuthintela	Ngequbuliso, uDaisy waqaphela imfumba enkulu yodaka.	Ngequbuliso, uDaisy waqaphela imfumba ukuthintela yodaka.
isuphu	Wayeneencwadi	Bayigqiba isuphu yabo kwaye bacela okungakumbi.	Bayigqiba Wayeneencwadi yabo kwaye bacela okungakumbi.
kakhulu	ayinyuki	Kwakunzima kakhulu kwixesha kuba wayecotha.	Kwakunzima ayinyuki kwixesha kuba wayecotha.
nasemhlabeni	ithole	Bajonga emithini nasemhlabeni.	Bajonga emithini ithole.
kwaye	umfazi	Uyakuthanda ukuyenza ukuba isondeze kwaye ibe yibhotile.	Uyakuthanda ukuyenza ukuba isondeze umfazi ibe yibhotile.
yavuya	neebhloko	I-Lily yavuya kakhulu.	I-Lily neebhloko kakhulu.
ukuba	Baxuba	Wayengazi ukuba ikati inokuthetha.	Wayengazi Baxuba ikati inokuthetha.
into	ukuyibona	Ngenye imini, indawo yabona into yokudlala phantsi.	Ngenye imini, indawo yabona ukuyibona yokudlala phantsi.
nge-strawberry	inikine	Babelana nge-strawberry kunye nabahlobo babo.	Babelana inikine kunye nabahlobo babo.
Ngenye	Wayenombono	Ngenye imini, uAmy waphulukana nesokisi.	Wayenombono imini, uAmy waphulukana nesokisi.
esibhakabhakeni	ukuya	Umoya wenza ikiti bhabha esibhakabhakeni.	Umoya wenza ikiti bhabha ukuya.
i-squirrel	ithandile	UTim wabona i-squirrel kwaye incumile.	UTim wabona ithandile kwaye incumile.
ukutya	kuyibiza	Intombazana yamnika ukutya kunye noBob bonwabile.	Intombazana yamnika kuyibiza kunye noBob bonwabile.
umntakwabo	ngoko	Ke, umntakwabo kaMia, uSam, ungene nedayari.	Ke, ngoko kaMia, uSam, ungene nedayari.
Njengoko	Benza	Njengoko wayekhwele, wabona intaka emthini.	Benza wayekhwele, wabona intaka emthini.
kwaye	esivela	UTim, umama wakhe, kwaye intaka yamangaliswa kakhulu.	UTim, umama wakhe, esivela intaka yamangaliswa kakhulu.
ingxolo	yeyokuqala	Iyenza ingxolo enkulu kwaye ivutha.	Iyenza yeyokuqala enkulu kwaye ivutha.
kuloo	I-Swean	Kwaye bobabini babephumelele kuloo nto!	Kwaye bobabini babephumelele I-Swean nto!
kwaye	Zombini	Bonke babemnandi kwaye baba ngabahlobo.	Bonke babemnandi Zombini baba ngabahlobo.
olunelanga	olujikeleze	Usuku olunye olunelanga, ibhasi mayibe ngaphakathi.	Usuku olunye olujikeleze, ibhasi mayibe ngaphakathi.
Intaka	yewayini	Intaka yaxelela uTimoti ukuba atyhalele umnyango kanzima.	yewayini yaxelela uTimoti ukuba atyhalele umnyango kanzima.
ukufumana	Umnqwazi	Ke, baphanga kunye ukufumana ikhaya likaSam.	Ke, baphanga kunye Umnqwazi ikhaya likaSam.
UTim	ilibale	UTim wabizwa ngokuba ngumhlobo wakhe, sam, ukubona isibane.	ilibale wabizwa ngokuba ngumhlobo wakhe, sam, ukubona isibane.
ukubona	entsha	Bavuya kakhulu ukubona ikati yabo.	Bavuya kakhulu entsha ikati yabo.
UTom	apho	UTom wajonga inqaba yeSara kwaye waziva enomsindo.	apho wajonga inqaba yeSara kwaye waziva enomsindo.
Wonke	unesibindi	Wonke umntu wayenomdla wokuzonwabisa kunye.	unesibindi umntu wayenomdla wokuzonwabisa kunye.
Inja	yayiyi-yummy	Inja yayiyedwa kwaye yayingenabahlobo.	yayiyi-yummy yayiyedwa kwaye yayingenabahlobo.
kwaye	lenzakele	Bonwabile kwaye banekratshi.	Bonwabile lenzakele banekratshi.
uneyona	Ngekhe	Ucinga ukuba uneyona nto ilungileyo yehlabathi.	Ucinga ukuba Ngekhe nto ilungileyo yehlabathi.
Bayathanda	Ubethile	Bayathanda ukudlala epakini.	Ubethile ukudlala epakini.
iswipile	emhlabeni	I-Sue yayine-yummy iswipile ngesandla.	I-Sue yayine-yummy emhlabeni ngesandla.
kunye	ukukunceda	Bonke bathande ukuqaqamba kunye.	Bonke bathande ukuqaqamba ukukunceda.
I-chick	Ngokukhawuleza	I-chick encinci yonwabile.	Ngokukhawuleza encinci yonwabile.
ukuhamba	zazineemvakalelo	Ithayile yaqala ukuhamba!	Ithayile yaqala zazineemvakalelo!
ngaphandle	obulungileyo	I-CAT ijonge ngaphandle kwendlu.	I-CAT ijonge obulungileyo kwendlu.
Wayenxaniwe	Balinda	Wayenxaniwe kakhulu kwaye waqalisa ukusela amanzi.	Balinda kakhulu kwaye waqalisa ukusela amanzi.
iingxowa	ivumelana	UMia ubamba iingxowa ababephethe.	UMia ubamba ivumelana ababephethe.
yintoni	yajongajika	Wayefuna ukwazi ukuba yintoni ebangela ngasemva emnyango.	Wayefuna ukwazi ukuba yajongajika ebangela ngasemva emnyango.
Wabona	zima	Wabona umhle kakhulu, umntwana omncinci obaleka kuye.	zima umhle kakhulu, umntwana omncinci obaleka kuye.
xa	Ungu-Cat	Mamela izihlobo zakho xa zilumkisa.	Mamela izihlobo zakho Ungu-Cat zilumkisa.
kwaye	UPeter	UTim noMama bakhe bahleka kwaye baqhwaba izandla zabo.	UTim noMama bakhe bahleka UPeter baqhwaba izandla zabo.
Wayefuna	eSue	Wayefuna ukuba ngumphathi.	eSue ukuba ngumphathi.
yavuya	Bagqobhoza	IKitty yavuya kuba ingamnceda umhlobo wakhe omtsha.	IKitty Bagqobhoza kuba ingamnceda umhlobo wakhe omtsha.
I-kitty	Dingled	I-kitty yayiyi-CAT eyoyikisayo ehlala inexhala ngayo yonke into.	Dingled yayiyi-CAT eyoyikisayo ehlala inexhala ngayo yonke into.
ngentaka	ukubeka	UFluffy wayefuna ukudlala ngentaka.	UFluffy wayefuna ukudlala ukubeka.
engalindelekanga	ndigule	Kodwa emva koko, kwenzeka into engalindelekanga!	Kodwa emva koko, kwenzeka into ndigule!
i-lily	iapile	Wacela i-lily ukuba angaboleka iwele lakhe.	Wacela iapile ukuba angaboleka iwele lakhe.
Inja	yokuthintela	Inja enkulu yanikina umthi.	yokuthintela enkulu yanikina umthi.
ukudlala	sisibhakabhaka	Ikati encinci ifuna ukudlala nge-oveni.	Ikati encinci ifuna sisibhakabhaka nge-oveni.
ngcono	umlimi	Wayefuna ukuyibona ngcono.	Wayefuna ukuyibona umlimi.
umthi	izihlangu	Epakini, i-lily kunye ne-tom yabona umthi omkhulu.	Epakini, i-lily kunye ne-tom yabona izihlangu omkhulu.
waphulukana	iblouse	Ngenye imini, ngelixa udlala ngaphandle, waphulukana nekepusi yakhe.	Ngenye imini, ngelixa udlala ngaphandle, iblouse nekepusi yakhe.
ukuba	Yayinamandla	Wayecinga ukuba ingamnceda kukhala i-fancy yentsimbi.	Wayecinga Yayinamandla ingamnceda kukhala i-fancy yentsimbi.
encinci	ichukumise	Ngenye imini, intaka encinci yeza kwinqaba.	Ngenye imini, intaka ichukumise yeza kwinqaba.
koko	ekubhaka	Kodwa emva koko, kwenzeka into engalindelekanga.	Kodwa emva ekubhaka, kwenzeka into engalindelekanga.
Ngenye	Uthatha	Ngenye imini, i-fib enkulu yeorenji yayisesibhakabhakeni.	Uthatha imini, i-fib enkulu yeorenji yayisesibhakabhakeni.
Babambe	bengcangcazela	Babambe izandla zikamama.	bengcangcazela izandla zikamama.
igxothiwe	ezimbalwa	Inja igxothiwe ikati.	Inja ezimbalwa ikati.
ngaphandle	ungaya	Wajonga ngaphandle wabona inja yabo, uMax.	Wajonga ungaya wabona inja yabo, uMax.
Inja	ezimnandi	Inja emdaka ithanda ukumba kumdaka.	ezimnandi emdaka ithanda ukumba kumdaka.
Isepha	Ehlotyeni	Isepha senze amaqamza amaninzi.	Ehlotyeni senze amaqamza amaninzi.
epakini	Wayengathethi	USara noBen babedlala epakini.	USara noBen babedlala Wayengathethi.
ekhutshiwe	ngaloo	Wagqobhoza iKitty ekhutshiwe kwaye evukelwe kude.	Wagqobhoza iKitty ngaloo kwaye evukelwe kude.
iqokobhe	i-steak	Ifumene iqokobhe elikhulu kufutshane nolwandle.	Ifumene i-steak elikhulu kufutshane nolwandle.
kwaye	masihambe	Uthathe isaphetha kwaye wenza ngathi iintolo.	Uthathe isaphetha masihambe wenza ngathi iintolo.
Wayekuthanda	elangeni	Wayekuthanda ukudlala echibini.	elangeni ukudlala echibini.
Wabaleka	kumda	Wabaleka waya kuye, wamkela.	kumda waya kuye, wamkela.
benemilenze	YayinguTata	Babemncinci kwaye bazikhawuleze kwaye benemilenze emininzi.	Babemncinci kwaye bazikhawuleze kwaye YayinguTata emininzi.
eliqaqambileyo	uyaziqhenya	Yayililitye elikhulu, eliqaqambileyo.	Yayililitye elikhulu, uyaziqhenya.
Nje	emhlophe	Nje ukuba, kukho ishelf enkulu yeencwadi.	emhlophe ukuba, kukho ishelf enkulu yeencwadi.
de	yeqela	Bahleka badanisa de babediniwe.	Bahleka badanisa yeqela babediniwe.
isifundo	elonwabisayo	ILevord yafunda isifundo esibalulekileyo ngaloo mhla.	ILevord yafunda elonwabisayo esibalulekileyo ngaloo mhla.
ukuba	UAna	Ucinga ukuba bangamaphepha okusika.	Ucinga UAna bangamaphepha okusika.
Ufumene	ne-adventure	Ufumene isithuthuthu sakhe kwaye wagxotha.	ne-adventure isithuthuthu sakhe kwaye wagxotha.
imini	kugqirha	Ngenye imini, ikati kunye nenja babedlala.	Ngenye kugqirha, ikati kunye nenja babedlala.
iLisa	yindlela	Ibala icele iLisa.	Ibala icele yindlela.
bobabini	Ukhabe	Ufuna ukubabukela bobabini.	Ufuna ukubabukela Ukhabe.
kakhulu	USarah	Kunokuba yingozi kakhulu.	Kunokuba yingozi USarah.
ziziqwenga	inyamakazi	Tilly uthathe isigqibo sokuyinxalenye ye-napkin ibe ziziqwenga ezibini.	Tilly uthathe isigqibo sokuyinxalenye ye-napkin ibe inyamakazi ezibini.
UTom	emde	UTom wayefuna ukumnceda.	emde wayefuna ukumnceda.
ethambile	wada	YayinguYummy kwaye ethambile.	YayinguYummy kwaye wada.
yaqala	Waye-orenji	Njengoko baqhuba, i-beep yaqala ukuziva ndidiniwe.	Njengoko baqhuba, i-beep Waye-orenji ukuziva ndidiniwe.
eludakeni	obaphatha	I-max ethandwayo yokudlala eludakeni.	I-max ethandwayo yokudlala obaphatha.
wangena	ichukumise	Umama wakhe wangena ngaphandle waza wamnika.	Umama wakhe ichukumise ngaphandle waza wamnika.
kwiveranda	Kwabenza	Babona intaka kwiveranda.	Babona intaka Kwabenza.
Wayenethemba	yayilindelwe	Wayenethemba lokugcina uSally.	yayilindelwe lokugcina uSally.
Beza	akakwazanga	Beza kunceda intaka.	akakwazanga kunceda intaka.
kwaye	Ifriji	USally wavula imvulophu kwaye wafumana into yokudlala yomlingo.	USally wavula imvulophu Ifriji wafumana into yokudlala yomlingo.
kunye	Babambe	Wenza i-jug ithi molo kunye ne-goodbye.	Wenza i-jug ithi molo Babambe ne-goodbye.
Wayefuna	iinzwane	Wayefuna ukubamba kwangoko.	iinzwane ukubamba kwangoko.
rhoqo	lakhe	UTim wayekuthanda ukucula iingoma ezivakalayo rhoqo kusasa.	UTim wayekuthanda ukucula iingoma ezivakalayo lakhe kusasa.
intaba-mlilo	iti	Ngesinye isihlandlo, kwabakho intaba-mlilo encinci.	Ngesinye isihlandlo, kwabakho iti encinci.
kufutshane	yaba	Babeka kufutshane nomngxunya.	Babeka yaba nomngxunya.
nje	umpheki	Bajonge nje ehlathini.	Bajonge umpheki ehlathini.
isibhakabhaka	inqanawa	Ilanga lalikhanya, kwaye isibhakabhaka sasiluhlaza.	Ilanga lalikhanya, kwaye inqanawa sasiluhlaza.
Ke	ibe	Ke ngoko wasiva isandi esikhulu.	ibe ngoko wasiva isandi esikhulu.
kakhulu	bavuya	U-Lucy wayenesithukuthezi kakhulu ngeethoyi zakhe.	U-Lucy wayenesithukuthezi bavuya ngeethoyi zakhe.
ukuthenga	wayifihla	Umama ufuna ukuthenga iisokisi kubo.	Umama ufuna wayifihla iisokisi kubo.
ibhanti	iphiko	Uthathe ibhanti kwaye wasungula ubisi kunye nalo.	Uthathe iphiko kwaye wasungula ubisi kunye nalo.
kakhulu	i-rat	UTim wayefuna ukuyifumana, kodwa wayesoyika kakhulu.	UTim wayefuna ukuyifumana, kodwa wayesoyika i-rat.
Babevuya	Iintaka	Babevuya kuba uMama wayethenge ezinye iintyatyambo ezingakumbi.	Iintaka kuba uMama wayethenge ezinye iintyatyambo ezingakumbi.
Ngethuba	layo	Ngethuba elithile, bekukho inkwenkwe enguMark.	layo elithile, bekukho inkwenkwe enguMark.
kwaye	wathiya	Yawa phantsi kwaye yaqhekeza iziqwenga ezininzi.	Yawa phantsi wathiya yaqhekeza iziqwenga ezininzi.
into	Ubethile	Wayefuna ukwazi yonke into ngoku.	Wayefuna ukwazi yonke Ubethile ngoku.
mntu	ikhululekile	Akukho mntu wayesepakini.	Akukho ikhululekile wayesepakini.
kunye	amaqanda	U-Lisa kunye noTim bakuvuyela ukufunda ngedrafti.	U-Lisa amaqanda noTim bakuvuyela ukufunda ngedrafti.
Intlanzi	yangcungcutheka	Intlanzi efana nokudlala kunye ne-subrurmarine.	yangcungcutheka efana nokudlala kunye ne-subrurmarine.
Wayengacingi	nomngxunya	Wayengacingi ukuba akayazi.	nomngxunya ukuba akayazi.
izinyuko	Siyayithanda	Wakhwela izinyuko kwaye wajonga phantsi.	Wakhwela Siyayithanda kwaye wajonga phantsi.
iapile	izele	Intombazana yayilambile kwaye yayifuna iapile.	Intombazana yayilambile kwaye yayifuna izele.
amathambo	i-teddy	Kodwa andidli amathambo.	Kodwa andidli i-teddy.
zivulekile	ye-rag	Iblue ithandwa ukubukela iintyatyambo zivulekile.	Iblue ithandwa ukubukela iintyatyambo ye-rag.
kakhulu	Siza	Wayevuya kakhulu kwaye wonke umntu wothukile.	Wayevuya Siza kwaye wonke umntu wothukile.
koko	kuyithenga	Kodwa emva koko, kwenzeka into engalindelekanga.	Kodwa emva kuyithenga, kwenzeka into engalindelekanga.
enemibala	ne-sandbox	Ngoku, imoto enemibala ilungele.	Ngoku, imoto ne-sandbox ilungele.
imini	onokubanceda	Ngenye imini, inja encinci entle yahambahamba.	Ngenye onokubanceda, inja encinci entle yahambahamba.
wayehlala	inqwelo-mafutha	UTimmy wayehlala kumthi omkhulu nosapho lwakhe.	UTimmy inqwelo-mafutha kumthi omkhulu nosapho lwakhe.
ungabi	kwelanga	Ndicela ungabi nomsindo.	Ndicela kwelanga nomsindo.
uphumelele	esikhulu	UTina uphumelele ugqatso!	UTina esikhulu ugqatso!
uvuyo	kwetyholo	Ndiyavuya Undincedile namhlanje, uvuyo.	Ndiyavuya Undincedile namhlanje, kwetyholo.
uJack	ubanga	Yonke indawo uJack wabhala imifanekiso kunye negloves.	Yonke indawo ubanga wabhala imifanekiso kunye negloves.
Ikati	lokuzonwabisa	Ikati enkulu yavuma.	lokuzonwabisa enkulu yavuma.
wadlalwa	awayezityeshelanga	U-Tim wadlalwa nge-sue kwaye waqinisekisa ukuba wonwabile.	U-Tim awayezityeshelanga nge-sue kwaye waqinisekisa ukuba wonwabile.
Ibaleke	ezintle	Ibaleke iyokufumana umntu omtsha.	ezintle iyokufumana umntu omtsha.
ukufumana	wanxiba	Bazama ukufumana indlela yabo ngaphandle kodwa bengakwazanga.	Bazama wanxiba indlela yabo ngaphandle kodwa bengakwazanga.
elikhulu	yayinxiba	Bonke bafuna ibhaso, iqanda elikhulu.	Bonke bafuna ibhaso, iqanda yayinxiba.
ngeethoyi	Bayisusa	Bathanda ukudlala ngeethoyi zabo kwiyadi.	Bathanda ukudlala Bayisusa zabo kwiyadi.
ne-bug	Wagoduka	Bayalibala malunga ne-bug.	Bayalibala malunga Wagoduka.
imini	ngoBen	Ngenye imini, uMax wayedlala epakini.	Ngenye ngoBen, uMax wayedlala epakini.
netafile	Wayebaleka	Abahlobo abaninzi bafika kufutshane netafile mihla le.	Abahlobo abaninzi bafika kufutshane Wayebaleka mihla le.
kunye	ngabo	I-Lily kunye ne-daisy inyuka induli kunye.	I-Lily ngabo ne-daisy inyuka induli ngabo.
anzongonzongo	ungadlala	Ibhola kumanzi anzongonzongo.	Ibhola kumanzi ungadlala.
kukho	Ilithandile	Ixesha elinye, kukho i-rat.	Ixesha elinye, Ilithandile i-rat.
Ke	kwizitulo	Ke, bayivula le bhokisi kunye.	kwizitulo, bayivula le bhokisi kunye.
Kwakukho	Ilithandile	Kwakukho i-ice cream kuyo yonke imibala kunye neencasa.	Ilithandile i-ice cream kuyo yonke imibala kunye neencasa.
encinci	Umnqwazi	Intaka encinci yayidiniwe kwaye ifuna ukuphumla.	Intaka Umnqwazi yayidiniwe kwaye ifuna ukuphumla.
Kodwa	elunxwemeni	Kodwa wayesazi ukuba i-max ilungile.	elunxwemeni wayesazi ukuba i-max ilungile.
Inyosi	wayedlala	Inyosi ayifuni ukuyeka.	wayedlala ayifuni ukuyeka.
nebhanana	ewe	Umama wakhe wamnika iapile kunye nebhanana.	Umama wakhe wamnika iapile kunye ewe.
babona	yaseSally	Njengoko babehamba, babona iintyatyambo ezintle kunye nemithi emikhulu.	Njengoko babehamba, yaseSally iintyatyambo ezintle kunye nemithi emikhulu.
kunangaphambili	siya	Iqela lalimnandi ngakumbi kunangaphambili.	Iqela lalimnandi ngakumbi siya.
ngetosi	ibibambe	Babevuya kakhulu ngetosi yabo entsha.	Babevuya kakhulu ibibambe yabo entsha.
into	igolide	Xa bafika phezulu, babona into engalindelekanga.	Xa bafika phezulu, babona igolide engalindelekanga.
okanye	kwiParade	Akayifuni iruby ukuba ibe lusizi okanye woyike.	Akayifuni iruby ukuba ibe lusizi kwiParade woyike.
Ke	nemivimbo	Ke, ngequbuliso, bafika elunxwemeni.	nemivimbo, ngequbuliso, bafika elunxwemeni.
Ngekhe	ukhuphe	Ngekhe sitshabalale kuwe.	ukhuphe sitshabalale kuwe.
lisondele	wayebande	Wayefuna ukubona ilanga elikhulu, eliqaqambileyo lisondele.	Wayefuna ukubona ilanga elikhulu, eliqaqambileyo wayebande.
ujijekile	Iphelelwe	Umama wabamba isiphatho esinzima kwaye ujijekile.	Umama wabamba isiphatho esinzima kwaye Iphelelwe.
yabo	inxibe	Baphosa ibhola yabo yekhephu kwaye babuyela endlwini.	Baphosa ibhola inxibe yekhephu kwaye babuyela endlwini.
namanzi	ekhayeni	Ke, wakunika ukutya namanzi.	Ke, wakunika ukutya ekhayeni.
uSue	ngeqanda	Xa uSue ufike ekhaya, wafumana uMax nge-lollipop.	Xa ngeqanda ufike ekhaya, wafumana uMax nge-lollipop.
itsiba	yazisola	Inja itsiba kuyo.	Inja yazisola kuyo.
ukukhwela	yokuphuma	Inja ithe yangena esinkini ukukhwela.	Inja ithe yangena esinkini yokuphuma.
ukubatya	ngokwenza	Wayengafuni ukubatya isidlo sangokuhlwa.	Wayengafuni ngokwenza isidlo sangokuhlwa.
kwabakho	babephumelele	Ngesinye isihlandlo, kwabakho ibhere enkulu.	Ngesinye isihlandlo, babephumelele ibhere enkulu.
Ukufika	socingo	Ukufika kwakhe, umama wakhe wayigcama.	socingo kwakhe, umama wakhe wayigcama.
Bacinga	wakuvuyela	Bacinga ukuba uAna wayengaqhelekanga kwaye ephambene.	wakuvuyela ukuba uAna wayengaqhelekanga kwaye ephambene.
Babenokonwaba	emhlabeni	Babenokonwaba kakhulu kunye.	emhlabeni kakhulu kunye.
ukuthetha	eyayinetyala	Ibhodi emnyama yaqala ukuthetha!	Ibhodi emnyama yaqala eyayinetyala!
UAnna	kwayeatsiba	UAnna unomdla kakhulu, kwaye kunjalo nawe.	kwayeatsiba unomdla kakhulu, kwaye kunjalo nawe.
omkhulu	yayiziva	U-Liz wayehlala kumthi omkhulu.	U-Liz wayehlala kumthi yayiziva.
inyibiba	wayentsha	Kodwa emva koko inyibiba ive inyibiba yempumlo yakhe.	Kodwa emva koko wayentsha ive wayentsha yempumlo yakhe.
yakhe	ihambahamba	Uye waguqa ibhere yakhe.	Uye waguqa ibhere ihambahamba.
yayinkulu	Ihelikopta	I-meze yayinkulu kakhulu kuwe.	I-meze Ihelikopta kakhulu kuwe.
bonwabile	otter	UAna noBhen wathi, bonwabile.	UAna noBhen wathi, otter.
ibhotile	badinwa	Bayisusa ibhotile kunye neengubo.	Bayisusa badinwa kunye neengubo.
ngaphandle	uyenzile	Wayekuthanda ukudlala ngaphandle, nokuba imeko yemozulu.	Wayekuthanda ukudlala uyenzile, nokuba imeko yemozulu.
kwaye	I-snuck	Yayinomhlobo, kwaye indiza yayiyonwaba.	Yayinomhlobo, I-snuck indiza yayiyonwaba.
Ngenye	kunangaphambili	Ngenye imini, ixesha lalifuna ukufundisa i-max iqhinga elitsha.	kunangaphambili imini, ixesha lalifuna ukufundisa i-max iqhinga elitsha.
kwaye	Uxubekile	Inja yavuma, kwaye badlala kunye ngovuyo.	Inja yavuma, Uxubekile badlala kunye ngovuyo.
noTom	ziya	I-Lily kunye noTom bonwabile.	I-Lily kunye ziya bonwabile.
ikhuphe	unenkalipho	Ke, i-sue ikhuphe ibhola ukuze idlale nayo.	Ke, i-sue unenkalipho ibhola ukuze idlale nayo.
Bayathanda	ucango	Bayathanda ukudlala epakini.	ucango ukudlala epakini.
wayekuthanda	Wamthanda	UTom wayekuthanda ukudlala amaqhinga kubahlobo bakhe.	UTom Wamthanda ukudlala amaqhinga kubahlobo bakhe.
ukuba	i-hose	Babemoyika kakhulu kwaye bengazi ukuba benze ntoni.	Babemoyika kakhulu kwaye bengazi i-hose benze ntoni.
kwaye	Bayinqumla	Yayipinki, iorenji, kwaye ibomvu.	Yayipinki, iorenji, Bayinqumla ibomvu.
uyathanda	kaxakeka	UBob uyathanda ukubhabha phezulu esibhakabhakeni.	UBob kaxakeka ukubhabha phezulu esibhakabhakeni.
wacela	izikhephe	UTom wacela intombazana encinci.	UTom izikhephe intombazana encinci.
Wayekuthanda	Okwalo	Wayekuthanda ukunxiba iimpahla ezintle.	Okwalo ukunxiba iimpahla ezintle.
wayesoloko	wayingcamla	Kwaye umama wakhe wayesoloko eyazi ukuba kuthetha ntoni.	Kwaye umama wakhe wayingcamla eyazi ukuba kuthetha ntoni.
iibhloko	Bakhawuleza	Akazithandi iibhloko ngomlomo kaBen.	Akazithandi Bakhawuleza ngomlomo kaBen.
Inenekazi	ngephepha	Inenekazi lajongeka lusizi kwaye lililolo.	ngephepha lajongeka lusizi kwaye lililolo.
kakhulu	Ungandinceda	Bobabini banoyolo kakhulu.	Bobabini banoyolo Ungandinceda.
unethamsanqa	Square	UTim waziva unethamsanqa kwaye wonwabile.	UTim waziva Square kwaye wonwabile.
yaqala	sasiyim	Intombazana yajonga kuye yaqala ukuncuma.	Intombazana yajonga kuye sasiyim ukuncuma.
se-tomato	achukumise	Isityalo esincinci se-tomato saziva sonwabile kwaye saqala ukuqhuma.	Isityalo esincinci achukumise saziva sonwabile kwaye saqala ukuqhuma.
yedwa	wenciniba	Ikati ibiyoyika kwaye yedwa.	Ikati ibiyoyika kwaye wenciniba.
ilitye	UFinn	Wabona ilitye elirhabaxa emhlabeni.	Wabona UFinn elirhabaxa emhlabeni.
Bazibeka	nguMama	Bazibeka kwisitya esikhulu kwaye bazikhukhumalayo.	nguMama kwisitya esikhulu kwaye bazikhukhumalayo.
idyasi	no-Ben	Wayenxibe idyasi enkulu yokuhlala efudumele.	Wayenxibe no-Ben enkulu yokuhlala efudumele.
ocingayo	sele	Utata wavuya kuba wayenombono ocingayo.	Utata wavuya kuba wayenombono sele.
Wavuya	ukubuyisa	Wavuya kakhulu kwaye wafumana isigcina-ntloko.	ukubuyisa kakhulu kwaye wafumana isigcina-ntloko.
ingxolo	yabaleka	Weva ingxolo enkulu ngaphandle.	Weva yabaleka enkulu ngaphandle.
Inenekazi	iibhafu	Inenekazi lazisola ngoBen.	iibhafu lazisola ngoBen.
amanzi	wancuma	Wabona amanzi aluhlaza kunye nesanti ethambileyo.	Wabona wancuma aluhlaza kunye nesanti ethambileyo.
lazise	yayinecingo	I-Spot ifake ithambo kwaye lazise i-tim.	I-Spot ifake ithambo kwaye yayinecingo i-tim.
Kodwa	lakhe	Kodwa ke, isibhakabhaka sajika simnyama.	lakhe ke, isibhakabhaka sajika simnyama.
emanzini	Ben	Bathanda ukudlala kunye emanzini.	Bathanda ukudlala kunye Ben.
wancuma	isondeze	Umnumzana cuddle wancuma kwaye wancuma.	Umnumzana cuddle isondeze kwaye isondeze.
nge-adventure	wawunokomelela	Babaxelela nge-adventure yabo.	Babaxelela wawunokomelela yabo.
engalindelekanga	iyamangalisa	Emva koko, kwenzeka into engalindelekanga.	Emva koko, kwenzeka into iyamangalisa.
cat	yabo	UTim wayene-toy cat awayeyithanda kakhulu.	UTim wayene-toy yabo awayeyithanda kakhulu.
Badlale	I-Biggie	Badlale ngethoyi yonke imini yonke.	I-Biggie ngethoyi yonke imini yonke.
Ikati	kuvuma	Ikati yayingeyonto ingaphindi.	kuvuma yayingeyonto ingaphindi.
kwakubanda	Banqwenela	Kodwa kwakubanda kwaye kunomoya.	Kodwa Banqwenela kwaye kunomoya.
ukudlala	uPawulos	Bayathanda ukudlala ngoonodoli kunye neemoto.	Bayathanda uPawulos ngoonodoli kunye neemoto.
noMax	negloves	UTom noMax bonwabile!	UTom negloves bonwabile!
Babenoyolo	babehlala	Babenoyolo kwaye bekhuselekile.	babehlala kwaye bekhuselekile.
Ibhabhathane	wayeziva	Ibhabhathane yayithandwa kakhulu.	wayeziva yayithandwa kakhulu.
wayefuna	wayo	UTim wayefuna ukuthenga isipho sikamama wakhe.	UTim wayo ukuthenga isipho sikamama wakhe.
ukummangalela	ukuthintela	Wayefuna ukummangalela ngesipho.	Wayefuna ukuthintela ngesipho.
wamangaliswa	inkunkuma	UTim wamangaliswa kakhulu.	UTim inkunkuma kakhulu.
linguSue	empompoleni	Babona intombazana encinci egama linguSue.	Babona intombazana encinci egama empompoleni.
Bafumana	Uziva	Bafumana umnqwazi obekiweyo.	Uziva umnqwazi obekiweyo.
lusizi	neRegs	I-squirrel yayijongeka lusizi.	I-squirrel yayijongeka neRegs.
nje	Khokela	Bafuna nje ukuba ngabahlobo abalungileyo.	Bafuna Khokela ukuba ngabahlobo abalungileyo.
Baba	inexhala	Baba ngabahlobo abalungileyo.	inexhala ngabahlobo abalungileyo.
Banqumama	Ngequbuliso	Banqumama umdlalo wabo kwaye basebenze ekhitshini.	Ngequbuliso umdlalo wabo kwaye basebenze ekhitshini.
kunye	wayesebenza	Umvundla kunye nabahlobo bakhe bonwabile.	Umvundla wayesebenza nabahlobo bakhe bonwabile.
badlala	wacela	Besonwabile, kwaye badlala imini yonke.	Besonwabile, kwaye wacela imini yonke.
UBob	yafunda	UBob watsibela kwaye wawufumana.	yafunda watsibela kwaye wawufumana.
imini	iphezulu	Ngenye imini, inqwelomoya encinci yayibhabha esibhakabhakeni.	Ngenye iphezulu, inqwelomoya encinci yayibhabha esibhakabhakeni.
lakhe	ingobozi	Wazisa icebo lakhe elithandayo, imoto eyimodeli.	Wazisa icebo ingobozi elithandayo, imoto eyimodeli.
I-Swean	kwengxondorha	I-Swean ityhile ibhola ngomlomo wayo.	kwengxondorha ityhile ibhola ngomlomo wayo.
ukuba	uqonda	Wayengazi ukuba ukuba traffic yayiyingozi.	Wayengazi uqonda uqonda traffic yayiyingozi.
sangokuhlwa	Isibhakabhaka	Wayengakwazi ukulinda isidlo sangokuhlwa.	Wayengakwazi ukulinda isidlo Isibhakabhaka.
i-Bite	Ingaphakathi	Bathatha i-Bite kwaye kwenzeka into engalindelekanga.	Bathatha Ingaphakathi kwaye kwenzeka into engalindelekanga.
Ngenye	i-sandwich	Ngenye imini, indlovu yafumana umnqwazi oqinileyo.	i-sandwich imini, indlovu yafumana umnqwazi oqinileyo.
Intaka	i-Snowneman	Intaka yayinobunzima kwiphiko layo.	i-Snowneman yayinobunzima kwiphiko layo.
esi	Yayimjonga	Wayengazange asibone esi sidalwa esingaziwayo ngaphambili.	Wayengazange asibone Yayimjonga sidalwa esingaziwayo ngaphambili.
Iqanda	yefowuni	Iqanda laqhekeka emhlabeni.	yefowuni laqhekeka emhlabeni.
kunye	yayiqinisekile	Ikati kunye nenja yayilusizi.	Ikati yayiqinisekile nenja yayilusizi.
kokudlala	Ingathanda	Emva kokudlala, uTom noSue babediniwe.	Emva Ingathanda, uTom noSue babediniwe.
ukuqhekeza	Uyaxoka	Ingcambu enkulu esemlonyeni iqalile ukuqhekeza.	Ingcambu enkulu esemlonyeni iqalile Uyaxoka.
iibhokisi	Akayi	Kwaye sinokusebenzisa iibhokisi zejusi njenge-oyile.	Kwaye sinokusebenzisa Akayi zejusi njenge-oyile.
kakhulu	somlingo	Umvundla ubonakala wonwabile kakhulu.	Umvundla ubonakala wonwabile somlingo.
wadanisa	wabelana	Uye wadlala kakhulu kwaye wadanisa egumbini lakhe.	Uye wadlala kakhulu kwaye wabelana egumbini lakhe.
Umama	waphinda	Umama akavuthanga kwakhona.	waphinda akavuthanga kwakhona.
UBobby	elandelayo	UBobby waqhubeka nokudlala kwaye ekugqibeleni ulibale ngayo.	elandelayo waqhubeka nokudlala kwaye ekugqibeleni ulibale ngayo.
kufutshane	ukuluma	Badlale kunye kufutshane nechibi yonke imihla.	Badlale kunye ukuluma nechibi yonke imihla.
Ngequbuliso	ngokugqibeleleyo	Ngequbuliso, weva ilizwi.	ngokugqibeleleyo, weva ilizwi.
ibhayisekile	ziincinci	Ngenye imini, inkwenkwana egama linguTim yafumana ibhayisekile entsha.	Ngenye imini, inkwenkwana egama linguTim yafumana ziincinci entsha.
igama	Zama	Wazama ukumbonisa indlela yokubhalela igama lakhe.	Wazama ukumbonisa indlela yokubhalela Zama lakhe.
i-acorn	UJen	USam wayithatha i-acorn ekhayeni lakhe emthini.	USam wayithatha UJen ekhayeni lakhe emthini.
enomsindo	i-Eraser	UMia uziva enomsindo.	UMia uziva i-Eraser.
yayisele	bathanda	Kodwa yayisele kudala.	Kodwa bathanda kudala.
bakhe	Baqhubela	Wayefuna ukubonisa i-bug kubahlobo bakhe.	Wayefuna ukubonisa i-bug kubahlobo Baqhubela.
banikina	i-tilly	Ben no-Lily banikina i-cell.	Ben no-Lily i-tilly i-cell.
ngoonodoli	kufike	Wayethanda ukudlala ngoonodoli.	Wayethanda ukudlala kufike.
ubave	elikhulu	Umama ubave kwaye weza kubona ukuba yintoni ingxaki.	Umama elikhulu kwaye weza kubona ukuba yintoni ingxaki.
enkulu	omnyama	Yayiyindawo enkulu ebomvu!	Yayiyindawo omnyama ebomvu!
intaka	Yayiyipepile	Ke, intaka kunye nentaba-mlilo idlale kunye.	Ke, Yayiyipepile kunye nentaba-mlilo idlale kunye.
wakhe	Isitya	I-Froggy ifuna ukunceda umhlobo wakhe.	I-Froggy ifuna ukunceda umhlobo Isitya.
Bahlala	linguBilly	Bahlala bonwabile kwihlathi elikhulu.	linguBilly bonwabile kwihlathi elikhulu.
uncedo	ende	ULeo woyika, kodwa wayesazi ukuba ufuna uncedo.	ULeo woyika, kodwa wayesazi ukuba ufuna ende.
kakhulu	idanga	Kodwa uTom wayenengxolo kakhulu.	Kodwa uTom wayenengxolo idanga.
Baphosa	Ukuhamba	Baphosa iziqwenga emanzini.	Ukuhamba iziqwenga emanzini.
Babuza	entlanjeni	Babuza intombazana eyayibukele.	entlanjeni intombazana eyayibukele.
yonke	bahleka	Xa sele egqibile, uMama wakhuthaza yonke into kunye ngokukhawuleza.	Xa sele egqibile, uMama wakhuthaza bahleka into kunye ngokukhawuleza.
abahlobo	wavuya	I-Lily iqalile ukudanisa, kwaye abahlobo bakhe babukela.	I-Lily iqalile ukudanisa, kwaye wavuya bakhe babukela.
i-cage	ekubhaka	Basebenze kunye ukuvula i-cage.	Basebenze kunye ukuvula ekubhaka.
indawo	inkukhu	Wayefuna ukubona indawo entsha.	Wayefuna ukubona inkukhu entsha.
Isinambuzane	ziluncedo	Isinambuzane sonwabile kwaye siyithembe intaka.	ziluncedo sonwabile kwaye siyithembe intaka.
UTim	ngethoyi	UTim kunye noMnu Robot bahleka kwaye badanisa kunye.	ngethoyi kunye noMnu Robot bahleka kwaye badanisa kunye.
Ngesinye	iinzwane	Ngesinye isihlandlo, kwabakho ikati encinci ye-furry.	iinzwane isihlandlo, kwabakho ikati encinci ye-furry.
Banceda	ukuyifumana	Banceda umama kumgubo, iswekile, kunye nebhotolo.	ukuyifumana umama kumgubo, iswekile, kunye nebhotolo.
ezimbini	Une-doll	Ke, iibhola ezimbini ziqengqeleka kwaye zadlala imini yonke.	Ke, iibhola Une-doll ziqengqeleka kwaye zadlala imini yonke.
kunye	elothusayo	Babhabha badlale kunye esibhakabhakeni.	Babhabha badlale elothusayo esibhakabhakeni.
ikati	wakwenza	Epakini, babona ikati enkulu.	Epakini, babona wakwenza enkulu.
abalungileyo	ngeebhloko	I-Lily kunye ne-Tom yayingabahlobo abalungileyo.	I-Lily kunye ne-Tom yayingabahlobo ngeebhloko.
kunye	eliqaqambileyo	Ubona imifanekiso yezityalo, intlanzi kunye nabantu.	Ubona imifanekiso yezityalo, intlanzi eliqaqambileyo nabantu.
kwaye	i-mama	Yayithambile kwaye imhlophe.	Yayithambile i-mama imhlophe.
Yakhala	balungisa	Yakhala ke kabuhlungu, yaqonda ukuba yayiyedwa.	balungisa ke kabuhlungu, yaqonda ukuba yayiyedwa.
wayelungile	olugudileyo	UFluffy wayelungile kakhulu ekubhaka.	UFluffy olugudileyo kakhulu ekubhaka.
kakhulu	oneentyatyambo	UTim noMia babebuhlungu kakhulu.	UTim noMia babebuhlungu oneentyatyambo.
wamgona	Ibaleke	Umama notata wamgona.	Umama notata Ibaleke.
noJane	imisebenzi	Abantwana kunye noJane bothuka.	Abantwana kunye imisebenzi bothuka.
I-kitten	ingoma	I-kitten yayisonwabile kwaye ikhutshiwe kufutshane ne-lucy.	ingoma yayisonwabile kwaye ikhutshiwe kufutshane ne-lucy.
wakhe	esibhakabhakeni	Wabiza umama wakhe.	Wabiza umama esibhakabhakeni.
ukudlala	amagama	Wayekuthanda ukudlala nabahlobo bakhe.	Wayekuthanda amagama nabahlobo bakhe.
indawo	elandelayo	UMia wajonga yonke indawo ibhola yakhe.	UMia wajonga yonke elandelayo ibhola yakhe.
liza	Lusizi	Unethemba lokuba ixesha liza kukhuseleka.	Unethemba lokuba ixesha Lusizi kukhuseleka.
okokuqala	yamxelela	Waye wabona ukuqhuma okokuqala.	Waye wabona ukuqhuma yamxelela.
Kuvunyelwene	bumnandi	Kuvunyelwene ngenqwelo moya eluhlaza okwesibhakabhaka.	bumnandi ngenqwelo moya eluhlaza okwesibhakabhaka.
Wayeziva	ndicela	Wayeziva zonke izandi ezijikeleze yena.	ndicela zonke izandi ezijikeleze yena.
kunazo	ukukhwela	Ikhula ide kunazo zonke ezinye iimbotyi.	Ikhula ide ukukhwela zonke ezinye iimbotyi.
babe	yamayeza	Babavumela babe babebukela ngokumangalisa.	Babavumela yamayeza babebukela ngokumangalisa.
yokudlala	ikhwele	Babenemilo eyonwabisayo yokudlala ngebhola.	Babenemilo eyonwabisayo ikhwele ngebhola.
Intombazana	wayengasoze	Intombazana encinci yonwabile.	wayengasoze encinci yonwabile.
yokungcola	iphuhlise	Bafika kwinduli enkulu yokungcola.	Bafika kwinduli enkulu iphuhlise.
Bayathanda	baliva	Bayathanda ukudlala ngaphandle.	baliva ukudlala ngaphandle.
ngabahlobo	ezintsha	Ikati kunye nentaka yaba ngabahlobo.	Ikati kunye nentaka yaba ezintsha.
ngokuba	Uyamlandela	Nje ukuba, kukho inja ebizwa ngokuba yindawo.	Nje ukuba, kukho inja ebizwa Uyamlandela yindawo.
iinqaba	kaLucy	Bobabini baqala ukwakha iinqaba zabo.	Bobabini baqala ukwakha kaLucy zabo.
kwenzeka	oneminyaka	Kodwa emva koko, kwenzeka into engalindelekanga.	Kodwa emva koko, oneminyaka into engalindelekanga.
Wayelabaleka	kuphele	Wayelabaleka waya kwincwadi yakhe waza waqalisa ukuzoba.	kuphele waya kwincwadi yakhe waza waqalisa ukuzoba.
kunye	elide	I-Lily kunye ne-Tom zilusizi.	I-Lily elide ne-Tom zilusizi.
Iliwa	yeethoyi	Iliwa lalihamba ngokukhawuleza.	yeethoyi lalihamba ngokukhawuleza.
uTom	itsala	Njengoko ilanga litshona, uTom noJane bathi.	Njengoko ilanga litshona, itsala noJane bathi.
yaphoswa	kaDaisy	Ikati yavuya kwaye yaphoswa nge-paw yakhe.	Ikati yavuya kwaye kaDaisy nge-paw yakhe.
Bayifumana	awayezama	Bayifumana ibhola ngezandla zabo.	awayezama ibhola ngezandla zabo.
kodwa	UMimi	UTim wayeyoyika, kodwa uMax wakhunjulwa ukuba aziphathe.	UTim wayeyoyika, UMimi uMax wakhunjulwa ukuba aziphathe.
wabona	emanzini	Ngelixa ujonge ukutya, uBob wabona umgibe.	Ngelixa ujonge ukutya, uBob emanzini umgibe.
ukuba	ngoncedo	UMax ufunde ukuba abahlobo banokunceda xa unexhala.	UMax ufunde ngoncedo abahlobo banokunceda xa unexhala.
inyibiba	intetho	UTom waphakamisa inyibiba phezulu.	UTom waphakamisa intetho phezulu.
ivile	wasula	Intaba-mlilo ivile i-Tim.	Intaba-mlilo wasula i-Tim.
noSam	Nceda	Emva kweentsuku ezimbalwa, uMax wadibana noSam.	Emva kweentsuku ezimbalwa, uMax wadibana Nceda.
umhlobo	wayekhathazekile	Wayefuna ukuyibonisa umhlobo wakhe, uTom.	Wayefuna ukuyibonisa wayekhathazekile wakhe, uTom.
baba	lubalaseleyo	Ekuqaleni, ngeTim wayeyoyika, kodwa ke baba ngabahlobo.	Ekuqaleni, ngeTim wayeyoyika, kodwa ke lubalaseleyo ngabahlobo.
xesha	imbisekile	Kanye ngelo xesha, ibug encinci iphuma kwintyatyambo.	Kanye ngelo imbisekile, ibug encinci iphuma kwintyatyambo.
owaphukileyo	okwesibhakabhaka	Ingcuka yayinomlenze owaphukileyo!	Ingcuka yayinomlenze okwesibhakabhaka!
Yayiyinto	Ubuyise	Yayiyinto enkulu, ejikelezayo!	Ubuyise enkulu, ejikelezayo!
ukubonisa	uTim	Wayefuna ukubonisa umhlobo wakhe, uSam.	Wayefuna uTim umhlobo wakhe, uSam.
Uzamile	Ababini	Uzamile ukubhabha njengentaka.	Ababini ukubhabha njengentaka.
sue	ikhuphe	Emarikeni, sue wabona umthi omkhulu weCherry.	Emarikeni, ikhuphe wabona umthi omkhulu weCherry.
lokufundela	nezandla	Igumbi lokufundela alisaphindanga.	Igumbi nezandla alisaphindanga.
wakhe	ikhadi	Wayefuna ukuxelela umama wakhe malunga ne-pebble.	Wayefuna ukuxelela umama ikhadi malunga ne-pebble.
kwabo	Pight	Ukufika kwabo kumthi omkhulu, uBella wonwabe kakhulu.	Ukufika Pight kumthi omkhulu, uBella wonwabe kakhulu.
phantsi	banokuthwala	Ubona iintlanzi ezininzi nezityalo phantsi kwamanzi.	Ubona iintlanzi ezininzi nezityalo banokuthwala kwamanzi.
kwakhona	ecaleni	I-bunny yayingekhe iyoyike kwakhona.	I-bunny yayingekhe iyoyike ecaleni.
ubuso	ngendlela	Inja yaphosa umsila wayo kwaye yakhaba ubuso bokumkani.	Inja yaphosa umsila wayo kwaye yakhaba ngendlela bokumkani.
Wayekuthanda	Bayisusa	Wayekuthanda ukonwaba nabahlobo bakhe.	Bayisusa ukonwaba nabahlobo bakhe.
Uyakoyika	yajongajika	Uyakoyika kwaye uyathanda ukukhuselwa.	yajongajika kwaye uyathanda ukukhuselwa.
eliqaqambileyo	emqolo	Ekugqibeleni, u-slinky akakwazanga ukufumana ilitye eliqaqambileyo.	Ekugqibeleni, u-slinky akakwazanga ukufumana ilitye emqolo.
wayenengxowa	ezinkulu	Umama wayenengxowa encinci enemali kuyo.	Umama ezinkulu encinci enemali kuyo.
egama	lihlala	Ngenye imini, inkwenkwana egama linguTim yafumana ibhunga elaphukileyo.	Ngenye imini, inkwenkwana lihlala linguTim yafumana ibhunga elaphukileyo.
Yayikrakra	wayelungile	Yayikrakra kwaye i-yucky.	wayelungile kwaye i-yucky.
beva	Imnyama	Umama notata beva ingxolo.	Umama notata Imnyama ingxolo.
i-tick	zilumkisa	UBobo ungenise i-tick ebukhali emva kwi-Igloo.	UBobo ungenise zilumkisa ebukhali emva kwi-Igloo.
ihleli	ebunzini	Ngenye imini, i-sue ihleli phezulu kumgangatho.	Ngenye imini, i-sue ebunzini phezulu kumgangatho.
kwigumbi	Unobuhlobo	I-Tom ivile i-lily ingena kwigumbi.	I-Tom ivile i-lily ingena Unobuhlobo.
yayingumfana	lalonwabile	Lowo yayingumfana omangalisayo.	Lowo lalonwabile omangalisayo.
zeTim	ancede	Ngenye imini, iithoyi zeTim zaqala ukulwa.	Ngenye imini, iithoyi ancede zaqala ukulwa.
bonke	Square	IKitty noFuddy bamemeza bonke abahlobo babo emcimbini.	IKitty noFuddy bamemeza Square abahlobo babo emcimbini.
uTim	ombi	Babengonwabanga ukuba uTim akazange ancede.	Babengonwabanga ukuba ombi akazange ancede.
wayivula	ilungele	Ke, wayivula ibhokisi.	Ke, ilungele ibhokisi.
ne-tom	wayiphosa	I-Sue kunye ne-tom ayinakufumana indlela egodukayo.	I-Sue kunye wayiphosa ayinakufumana indlela egodukayo.
imanzi	ekutsaleni	I-Tom imanzi kwaye ibanda.	I-Tom ekutsaleni kwaye ibanda.
wazama	ibiluncedo	USam wazama ukuxelela i-max, kodwa uMax akazange aphulaphule.	USam ibiluncedo ukuxelela i-max, kodwa uMax akazange aphulaphule.
yakhe	ogama	Uzamile ukuhambisa i-hoop ngempumlo yakhe.	Uzamile ukuhambisa i-hoop ngempumlo ogama.
Wayekuthanda	Wayefuna	Wayekuthanda ukukhetha iiblueberry.	Wayefuna ukukhetha iiblueberry.
Kodwa	ukusika	Kodwa emva koko, uTom wakhe uTom wayibona ikhekhe.	ukusika emva koko, uTom wakhe uTom wayibona ikhekhe.
U-Lucy	igadi	U-Lucy wayelusizi kakhulu.	igadi wayelusizi kakhulu.
ibanjiwe	ngedrafti	Inja ibanjiwe ikati.	Inja ngedrafti ikati.
wavuya	Utya	Xa wayibona i-imeyile yakhe wavuya kakhulu.	Xa wayibona i-imeyile yakhe Utya kakhulu.
kuba	uTed	Wayenxibe idyasi yakhe enkulu kuba ebabanda ngaphandle.	Wayenxibe idyasi yakhe enkulu uTed ebabanda ngaphandle.
encinci	i-lily	Kuphuma intaka encinci egama linguChirpy.	Kuphuma intaka i-lily egama linguChirpy.
ngaphakathi	waliva	Ityhila into entle ngaphakathi.	Ityhila into entle waliva.
kwaye	avele	U-Ben wayevuya kakhulu kwaye ewe!	U-Ben wayevuya kakhulu avele ewe!
ukunciphisa	kwabenza	USally nomama wakhe baqala ukunciphisa.	USally nomama wakhe baqala kwabenza.
layo	kwanguMelie	Yabona inyibiba ngeqanda layo.	Yabona inyibiba ngeqanda kwanguMelie.
yayinomdla	Icinga	I-Lily yayinomdla kakhulu.	I-Lily Icinga kakhulu.
kuphinda	elumkileyo	Kwaye andisayi kuphinda ndikhethe iintyatyambo.	Kwaye andisayi elumkileyo ndikhethe iintyatyambo.
ibe	wamphulaphule	UFluffy waziva ombi ngokwenza intombazana ibe lusizi.	UFluffy waziva ombi ngokwenza intombazana wamphulaphule lusizi.
iingoma	I-crab	Bacula iingoma kunye kwaye baba ngabahlobo abasenyongweni.	Bacula I-crab kunye kwaye baba ngabahlobo abasenyongweni.
ipirate	Banokuchukumisa	Ngesinye isihlandlo, kwabakho ipirate.	Ngesinye isihlandlo, kwabakho Banokuchukumisa.
enkulu	kubhala	Yayiyindlela enkulu, ebiza kakhulu neemoto ezininzi.	Yayiyindlela kubhala, ebiza kakhulu neemoto ezininzi.
encinci	Babemoyika	Wayehlala kwindlu encinci.	Wayehlala kwindlu Babemoyika.
ngaphandle	Ilitye	Ke, baphuma ngaphandle bafumana iinkuni.	Ke, baphuma Ilitye bafumana iinkuni.
kwigobo	Ithatha	I-Lucy ivele kwigobo.	I-Lucy ivele Ithatha.
wawabelana	walila	Wathabatha iziqhamo kwaye wawabelana nabahlobo bakhe.	Wathabatha iziqhamo kwaye walila nabahlobo bakhe.
lekhaya	Ayifanele	Wayefuna ukwenza iqokobhe lekhaya lakhe.	Wayefuna ukwenza iqokobhe Ayifanele lakhe.
isisidenge	Ehlotyeni	I-Tim yaziva isisidenge.	I-Tim yaziva Ehlotyeni.
Ungoyena	nokugona	Ungoyena mhlobo wam osenyongweni.	nokugona mhlobo wam osenyongweni.
Incede	benemilenze	Incede uTim ecoca igumbi lakhe.	benemilenze uTim ecoca igumbi lakhe.
lokudlala	ukutsiba	Ngenye imini, ixesha laya epakini lokudlala.	Ngenye imini, ixesha laya epakini ukutsiba.
kwaye	uyakuthanda	Zihle kakhulu kwaye zisidenge.	Zihle kakhulu uyakuthanda zisidenge.
intombazana	Uxolo	Inja kunye nekati yaphulaphula intombazana.	Inja kunye nekati yaphulaphula Uxolo.
yakhe	neligwala	UTim wayekuthanda ukurekhoda izinto ngetoyi yakhe ebizayo.	UTim wayekuthanda ukurekhoda izinto ngetoyi neligwala ebizayo.
baba	abanemibala	Babevuya kakhulu kwaye baba ngabahlobo abalungileyo.	Babevuya kakhulu kwaye abanemibala ngabahlobo abalungileyo.
Babengazi	iqalise	Babengazi ukuba bayifumana njani inyaniso.	iqalise ukuba bayifumana njani inyaniso.
kakhulu	umzingeli	Umlimi wavuya kakhulu.	Umlimi wavuya umzingeli.
ilungileyo	ihamba	Uye wathi yeyona fuza ilungileyo.	Uye wathi yeyona fuza ihamba.
inqwelomoya	exakekileyo	Waphosa inqwelomoya phezulu kangangoko wayenako.	Waphosa exakekileyo phezulu kangangoko wayenako.
wabeka	sasilambile	Ke, wabeka ibhola epokothweni yakhe.	Ke, sasilambile ibhola epokothweni yakhe.
inamba	Wafumana	Abantu edolophini basoyika inamba.	Abantu edolophini basoyika Wafumana.
yaphuma	umbala	Emva koko, ibhokisi ivuliwe, kwaye ikiti encinci yaphuma!	Emva koko, ibhokisi ivuliwe, kwaye ikiti encinci umbala!
Banokuchukumisa	laphuma	Banokuchukumisa inkwenkwezi ngoku!	laphuma inkwenkwezi ngoku!
ezintle	Umkhulu	UMax wabona izinto ezininzi ezintle ezixhonywe kwinqwelo.	UMax wabona izinto ezininzi Umkhulu ezixhonywe kwinqwelo.
baqala	Yonke	Ke, baqala ukulandela i-Anyanisi embi.	Ke, Yonke ukulandela i-Anyanisi embi.
ngaphandle	i-bugs	Wonke umntu wayevuya kwaye edlala ngaphandle.	Wonke umntu wayevuya kwaye edlala i-bugs.
ukucoca	inyibiba	Wasebenzisa i-napkin ukucoca izandla zakhe.	Wasebenzisa i-napkin inyibiba izandla zakhe.
kwaye	iikherothi	Wacinga kwaye wacinga.	Wacinga iikherothi wacinga.
wayenomona	ayibalibali	I-Sue yabona i-TAMAITO ebomvu ka-Tim kwaye wayenomona.	I-Sue yabona i-TAMAITO ebomvu ka-Tim kwaye ayibalibali.
yisangqa	agcwele	Kwakukhangeleka ngathi yisangqa kunye neempawu ezingaqhelekanga ngaphakathi.	Kwakukhangeleka ngathi agcwele kunye neempawu ezingaqhelekanga ngaphakathi.
ilitye	amagqabi	Wayecinga ukuba unokukhwela aze abambe ilitye.	Wayecinga ukuba unokukhwela aze abambe amagqabi.
Babebaleka	iibhokisi	Babebaleka bajikeleze umthi omkhulu.	iibhokisi bajikeleze umthi omkhulu.
UBen	babethanda	UBen noLily babedlala epakini.	babethanda noLily babedlala epakini.
wayethanda	Kufuneka	Wonke umntu wayethanda uTom kuba wayenza wonwabe.	Wonke umntu Kufuneka uTom kuba wayenza wonwabe.
kunye	i-vose	Ngenye imini, uSylvia waya kwivenkile kunye nosapho lwakhe.	Ngenye imini, uSylvia waya kwivenkile i-vose nosapho lwakhe.
Wayenelona	wamangaliswa	Wayenelona xesha lilungileyo kwaye wavuya kakhulu.	wamangaliswa xesha lilungileyo kwaye wavuya kakhulu.
ezininzi	babenokonwaba	Babona izinto ezininzi ezinjengeentaka, amafu, kunye nezinye iinqwelomoya.	Babona izinto babenokonwaba ezinjengeentaka, amafu, kunye nezinye iinqwelomoya.
yayitya	elinobubele	Ibhokhwe yayitya i-hay ade azele.	Ibhokhwe elinobubele i-hay ade azele.
I-Monster	ukuzihlela	I-Monster yasukela abantu edolophini.	ukuzihlela yasukela abantu edolophini.
isithuba	wayenomona	Ngequbuliso, isithuba esikhulu sengxolo	Ngequbuliso, wayenomona esikhulu sengxolo
abaninzi	imvula	Bakufika apho, babona abantwana abaninzi abanethoyi.	Bakufika apho, babona abantwana imvula abanethoyi.
ikhekhe	I-max	Yayifuna ukutya ikhekhe.	Yayifuna ukutya I-max.
wacinga	ukusela	UTim wacinga ukuba ibhere ipholile kakhulu.	UTim ukusela ukuba ibhere ipholile kakhulu.
uSara	uMkhukula	Ndinebhongo ngawe, uSara.	Ndinebhongo ngawe, uMkhukula.
yayinamehlo	macala	I-jeep yayinamehlo amakhulu kunye nomlomo omkhulu.	I-jeep macala amakhulu kunye nomlomo omkhulu.
wayo	netosi	I-Max yajika umsila wayo kwaye ithengisiwe, ivumelana neTim.	I-Max yajika umsila netosi kwaye ithengisiwe, ivumelana neTim.
ukuba	kwakho	Wayefuna ukubona ukuba yintoni ekhoyo phaya.	Wayefuna ukubona kwakho yintoni ekhoyo phaya.
ukutya	ukuyiyeka	UTim wayekuthanda ukutya iibhanana.	UTim wayekuthanda ukuyiyeka iibhanana.
babukela	asibone	UBen noBeyim babukela.	UBen noBeyim asibone.
imihla	bebamba	Bacula yonke imihla.	Bacula yonke bebamba.
I-Lily	Greham	I-Lily yayikuvuyela ukufunda ngamadangatye oyinyani.	Greham yayikuvuyela ukufunda ngamadangatye oyinyani.
U-Amy	Wayengafuni	U-Amy wayenesicwangciso esikhulu sokunceda iinkwenkwezi.	Wayengafuni wayenesicwangciso esikhulu sokunceda iinkwenkwezi.
i-ice	Akoyiki	Babesonwabile i-ice cream incede intaka yomntwana.	Babesonwabile Akoyiki cream incede intaka yomntwana.
komthi	sinokusebenzisa	Badlale phantsi komthi kwaye bahleka kunye.	Badlale phantsi sinokusebenzisa kwaye bahleka kunye.
Namhlanje	Uwuthanda	Namhlanje, uSara wayethatha imibuzo.	Uwuthanda, uSara wayethatha imibuzo.
Wabamba	wokwazi	Wabamba uqinile kwaye wayecinga ukuba ibhabha.	wokwazi uqinile kwaye wayecinga ukuba ibhabha.
ukuba	ukubanceda	Wayefuna ukuba njengebhola kwibhodi yebhodi.	Wayefuna ukubanceda njengebhola kwibhodi yebhodi.
badibana	ngomsebenzi	Endleleni yabo, badibana nomhlobo wabo, i-squirrel.	Endleleni yabo, ngomsebenzi nomhlobo wabo, i-squirrel.
ngayo	iwotshi	Wayichola waza wadlala ngayo.	Wayichola waza wadlala iwotshi.
Intaka	ezinjengeengonyama	Intaka encinci yayilusizi.	ezinjengeengonyama encinci yayilusizi.
Injana	ngokuqinileyo	Injana ilahlekile kwaye yoyika.	ngokuqinileyo ilahlekile kwaye yoyika.
I-Lily	yamafutha	I-Lily ithanda i-peanuts.	yamafutha ithanda i-peanuts.
kwaye	esimangalisayo	Iidragoni zayeka ukulwa kwaye zajonga inkosazana.	Iidragoni zayeka ukulwa esimangalisayo zajonga inkosazana.
ukusuka	iyamthanda	Uthatha enye ilamuni ukusuka kwisitya.	Uthatha enye ilamuni iyamthanda kwisitya.
awayezityeshelanga	baqalisa	Abahlobo awayezityeshelanga ngaphambi kokuba ancede.	Abahlobo baqalisa ngaphambi kokuba ancede.
Umjelo	lalinomsila	Umjelo onqabileyo wawatshabalalisile ekuhlaleni.	lalinomsila onqabileyo wawatshabalalisile ekuhlaleni.
Intaka	abaleke	Intaka encinci egama linguTim yayihambahamba ngeenxa zonke.	abaleke encinci egama linguTim yayihambahamba ngeenxa zonke.
enceda	Isiqhamo	UTom wayenentliziyo enkulu kwaye wayesoloko enceda abanye.	UTom wayenentliziyo enkulu kwaye wayesoloko Isiqhamo abanye.
babengabahlobo	laqhekeka	Ngenye imini, ikati kunye nenja babengabahlobo.	Ngenye imini, ikati kunye nenja laqhekeka.
kwaye	Zisondele	I-Lily yayiyoyika kwaye ayizi ukuba makenze ntoni.	I-Lily yayiyoyika Zisondele ayizi ukuba makenze ntoni.
de	bangabahlobo	Watyhala kwaye watyhalela de ekugqibeleni, wavula.	Watyhala kwaye watyhalela bangabahlobo ekugqibeleni, wavula.
kwenzeka	uyeke	Kodwa emva koko, kwenzeka into engalindelekanga.	Kodwa emva koko, uyeke into engalindelekanga.
ukuba	emasimini	Babemoyika kwaye bengazi ukuba benze ntoni.	Babemoyika kwaye bengazi emasimini benze ntoni.
amazwi	laba	Bayayibuza imibuzo kwaye bakufundisa amazwi amatsha.	Bayayibuza imibuzo kwaye bakufundisa laba amatsha.
ukuba	baphila	Bakuvuyela ukuba kunye kwakhona.	Bakuvuyela baphila kunye kwakhona.
ukudlala	i-Bite	Bayathanda ukudlala ngeethoyi ezikukhanyayo.	Bayathanda i-Bite ngeethoyi ezikukhanyayo.
yayisisihlangu	bafike	Kodwa akukho mntu wathi yayisisihlangu sabo.	Kodwa akukho mntu wathi bafike sabo.
Benze	emthembise	Benze isithsaba esihle ngaphandle kwephepha.	emthembise isithsaba esihle ngaphandle kwephepha.
wakhe	Inkomo	Ubiza umama wakhe.	Ubiza umama Inkomo.
Iglasi	izwi	Iglasi yaqhekeza iziqwenga ezininzi.	izwi yaqhekeza iziqwenga ezininzi.
nomama	uthenge	Ngenye imini, waya kwilayibrari nomama wakhe.	Ngenye imini, waya kwilayibrari uthenge wakhe.
isela	I-MAX	Ngenye imini, isela lafika edolophini.	Ngenye imini, I-MAX lafika edolophini.
ukudlala	kwayo	Ngemini enye enelanga, uLucy wayefuna ukudlala ngaphandle nendawo.	Ngemini enye enelanga, uLucy wayefuna kwayo ngaphandle nendawo.
zazininzi	isigqubuthelo	Kwelo fama, zazininzi izilwanyana.	Kwelo fama, isigqubuthelo izilwanyana.
Baya	Kungekudala	Baya epakini kunye noomma babo.	Kungekudala epakini kunye noomma babo.
Wayengasazi	bagqiba	Wayengasazi isizathu sokuba ilizwe lonke lizive enetyala.	bagqiba isizathu sokuba ilizwe lonke lizive enetyala.
I-AMY	ye-cat	I-AMY SHAM ukuya kwisithuba kwaye wajonga uphawu.	ye-cat SHAM ukuya kwisithuba kwaye wajonga uphawu.
isitulo	indlovu	Kodwa isitulo sasingaphezulu ngokwaneleyo.	Kodwa indlovu sasingaphezulu ngokwaneleyo.
etyholweni	isikhafu	I-Tom yathunyelwa yaya etyholweni.	I-Tom yathunyelwa yaya isikhafu.
umama	Iqale	UMia, umama wakhe, kwaye uMax waya epakini.	UMia, Iqale wakhe, kwaye uMax waya epakini.
uxolo	ndinxaniwe	Thetha kakuhle kwaye uthi uxolo xa usenza impazamo.	Thetha kakuhle kwaye uthi ndinxaniwe xa usenza impazamo.
bancuma	Beva	Baye bancuma kwaye bancuma.	Baye Beva kwaye Beva.
afumane	bamncede	UTim wacela umama wakhe ukuba afumane uncedo.	UTim wacela umama wakhe ukuba bamncede uncedo.
kakhulu	ayengenandlela	Ngenye imini, wadlala kakhulu kangangokuba wayeziva ene-dizzy.	Ngenye imini, wadlala ayengenandlela kangangokuba wayeziva ene-dizzy.
entle	yimisebenzi	Ke, ixesha labonisa imifanekiso entle kwifolda.	Ke, ixesha labonisa imifanekiso yimisebenzi kwifolda.
ne-bladder	i-gumpy	Kunye ne-bladder yakho.	Kunye i-gumpy yakho.
kwiqela	iqhosha	Umama wakhe wenza ukutya ukuba banikezele kwiqela.	Umama wakhe wenza ukutya ukuba banikezele iqhosha.
ayo	ncwadi	Kanye ngelo xesha, uMax wayiva umniniyo ayo ebiza igama lakhe.	Kanye ngelo xesha, uMax wayiva umniniyo ncwadi ebiza igama lakhe.
nawe	nguCaptain	Umntwana unethamsanqa lokuba nawe.	Umntwana unethamsanqa lokuba nguCaptain.
uDolly	yabandezeleka	Umfama onobubele weva ingxolo kwaye wafumana uDolly.	Umfama onobubele weva ingxolo kwaye wafumana yabandezeleka.
inomdla	umhlaba	Wayengacingi ukuba inomdla kakhulu.	Wayengacingi ukuba umhlaba kakhulu.
ngomkhombe	wayigcama	Isikhephe sahamba ngomkhombe, kwaye uTim wonwabile.	Isikhephe sahamba wayigcama, kwaye uTim wonwabile.
wakhe	kwisidlo	Wajonga ngaphezulu kwaye wafumana umnqwazi wakhe phantsi kwebhedi yakhe.	Wajonga ngaphezulu kwaye wafumana umnqwazi kwisidlo phantsi kwebhedi yakhe.
yenza	linguTom	Inyibiba inyibilikisiwe kwaye yenza inkawu yakhe isuka kumqamelo.	Inyibiba inyibilikisiwe kwaye linguTom inkawu yakhe isuka kumqamelo.
noBen	bawa	I-Lily kunye noBen.	I-Lily kunye bawa.
yayinoyolo	babenengxabano	Imbovane yobuthathaka yayinoyolo kakhulu.	Imbovane yobuthathaka babenengxabano kakhulu.
I-Lily	Ubeka	I-Lily yacheba intloko.	Ubeka yacheba intloko.
Babenosuku	Wazibamba	Babenosuku olumnandi lokudlala ngekhamera.	Wazibamba olumnandi lokudlala ngekhamera.
namaza	bamba	Emva koko wemka kunye namaza.	Emva koko wemka kunye bamba.
ikati	edlalwe	UBuddy ufihla kwaye udangeni, kwaye ngequbuliso wayifumana ikati!	UBuddy ufihla kwaye udangeni, kwaye ngequbuliso wayifumana edlalwe!
wamnika	sue	Wanikina i-lily wam wamnika olunye udaka.	Wanikina i-lily wam sue olunye udaka.
Yayiyinto	waliguqula	Yayiyinto emnandi enemidlalo, ikhekhe, kunye nabahlobo.	waliguqula emnandi enemidlalo, ikhekhe, kunye nabahlobo.
sikaSara	kwitheko	Uthathe idoli yenkosana evela kwisandla sikaSara.	Uthathe idoli yenkosana evela kwisandla kwitheko.
kwaye	ziimbovane	Uye watsala kwaye watsalela, kodwa akakwazanga ukuyifumana.	Uye watsala ziimbovane watsalela, kodwa akakwazanga ukuyifumana.
Umama	Udlale	Umama uthe asinakuba nobusi ngaphandle kokubuza.	Udlale uthe asinakuba nobusi ngaphandle kokubuza.
imoto	qalisa	I-Tweet ifake imoto kwaye ifuna ukuba ngabahlobo.	I-Tweet ifake qalisa kwaye ifuna ukuba ngabahlobo.
into	Ubambe	Emva koko, kwenzeka into engalindelekanga!	Emva koko, kwenzeka Ubambe engalindelekanga!
waqonda	i-rog	UTim waqonda ukuba liqhinga nje.	UTim i-rog ukuba liqhinga nje.
ivila	udanile	UTom wayengenguye ivila kwakhona.	UTom wayengenguye udanile kwakhona.
ngokwenza	tyala	Baziva kamnandi ngokwenza into elungileyo.	Baziva kamnandi tyala into elungileyo.
kwaye	ayikayithanda	Babelana ngekhekhe kwikhekhe kwaye batya ngolonwabo.	Babelana ngekhekhe kwikhekhe ayikayithanda batya ngolonwabo.
ukuphuma	Ijug	Wayethanda ukuphuma wajonga umhlaba.	Wayethanda Ijug wajonga umhlaba.
ngokudlala	endala	Kungekudala, abahlobo bakaMimi badla ngokudlala.	Kungekudala, abahlobo bakaMimi badla endala.
nofudo	esoyika	Intaka yayiyonwabile kwaye ibulela i-kiki kunye nofudo.	Intaka yayiyonwabile kwaye ibulela i-kiki kunye esoyika.
kwabahlobo	ibonise	Isimilo ayisiyo, musa ukuba izinto ziza phakathi kwabahlobo.	Isimilo ayisiyo, musa ukuba izinto ziza phakathi ibonise.
wonke	kumqondiso	Into enkulu yokuba wonke umntu athandwayo aphukile.	Into enkulu yokuba kumqondiso umntu athandwayo aphukile.
kwaye	nezilwanyana	Uye wathi i-TV elungileyo yayimdala kakhulu kwaye yaphukile.	Uye wathi i-TV elungileyo yayimdala kakhulu nezilwanyana yaphukile.
imini	Uqonda	Ngenye imini, wabona intaka epinki ngaphandle kwefestile yakhe.	Ngenye Uqonda, wabona intaka epinki ngaphandle kwefestile yakhe.
ukuba	Babeza	Kodwa kungekudala, babona ukuba abahlobo babo babebuhlungu.	Kodwa kungekudala, babona Babeza abahlobo babo babebuhlungu.
wakhe	iavokhado	Umama wakhe wathi ewe kwaye intombazana encinci yonwabile.	Umama iavokhado wathi ewe kwaye intombazana encinci yonwabile.
emva	omde	Kwaye bonke bahlala bonwabile emva.	Kwaye bonke bahlala bonwabile omde.
I-EMMA	yayinenwele	I-EMMA kunye noFluffy babebuhlungu.	yayinenwele kunye noFluffy babebuhlungu.
Babelila	ijongeka	Babelila kwaye bengcangcazela.	ijongeka kwaye bengcangcazela.
bedlala	Yayikwidolophu	Babenokonwaba kakhulu bedlala kunye.	Babenokonwaba kakhulu Yayikwidolophu kunye.
inyibiba	Iphelile	Kodwa inyibiba ayiphendulanga.	Kodwa Iphelile ayiphendulanga.
ezibhokisini	wayenepeni	Wabeka zonke iithoyi kunye neempahla zakhe ezibhokisini.	Wabeka zonke iithoyi kunye neempahla zakhe wayenepeni.
eyaphukileyo	web	Wakhala, wayifihla intamo eyaphukileyo phantsi kwebhedi yakhe.	Wakhala, wayifihla intamo web phantsi kwebhedi yakhe.
nengqolowa	neendlela	I-Tom kunye nengqolowa yayinoyolo kakhulu.	I-Tom kunye neendlela yayinoyolo kakhulu.
wagobe	aphendule	Ubambe imoto kwaye wagobe esifubeni sakhe.	Ubambe imoto kwaye aphendule esifubeni sakhe.
kwakhona	wabhala	Babengafuni ukudlala ngebhola kwakhona.	Babengafuni ukudlala ngebhola wabhala.
inkwenkwe	yayininzi	Intaka yabona inkwenkwe phantsi komthi.	Intaka yabona yayininzi phantsi komthi.
elide	wayekhala	Babekwindawo yokuphakama ixesha elide.	Babekwindawo yokuphakama ixesha wayekhala.
ngesandi	i-kangaroo	Bobabini bahleka ngesandi esihlekisayo senziwe.	Bobabini bahleka i-kangaroo esihlekisayo senziwe.
abahlobo	ogqibeleleyo	Kodwa abahlobo bakhe abaziphulaphuli.	Kodwa ogqibeleleyo bakhe abaziphulaphuli.
njengelanga	U-Liz	Imouse yayilusizi kuba ebengenakwazi ukubhabha njengelanga.	Imouse yayilusizi kuba ebengenakwazi ukubhabha U-Liz.
ixesha	yenzakalise	Ngenye imini, ixesha leva indoda esisityebi kwirediyo.	Ngenye imini, yenzakalise leva indoda esisityebi kwirediyo.
Asifuni	lazicocwa	Asifuni kudlala nawe.	lazicocwa kudlala nawe.
wayenosuku	i-razor	UTim wayenosuku olumnandi.	UTim i-razor olumnandi.
i-hockey	iyamphazamisa	UTom noSam badlale i-hockey ixesha elide.	UTom noSam badlale iyamphazamisa ixesha elide.
kukutya	Babenokonwaba	UTim wayethandwa kukutya iisandwich.	UTim wayethandwa Babenokonwaba iisandwich.
egama	naphi	Yayiyi-turtle enkulu, enobuhlobo egama linguTom!	Yayiyi-turtle enkulu, enobuhlobo naphi linguTom!
kwaye	u-Pat	UTom uyekile ukulila kwaye wancuma.	UTom uyekile ukulila u-Pat wancuma.
yayo	yayinamabala	I-CAT iChinga kwaye ihlambe intloko yayo kwisandla sikaSara.	I-CAT iChinga kwaye ihlambe intloko yayinamabala kwisandla sikaSara.
lalinguRude	lwaphuka	Igama lakhe lalinguRude Square.	Igama lakhe lwaphuka Square.
athembekileyo	ukuyizama	USally wabulela indoda endala ngamazwi akhe athembekileyo.	USally wabulela indoda endala ngamazwi akhe ukuyizama.
Yinto	bathi	Yinto nje ye-luna.	bathi nje ye-luna.
ehleka	ngokubaleka	Ujijekile kwaye watsiba, ehleka ngovuyo.	Ujijekile kwaye watsiba, ngokubaleka ngovuyo.
lawa	ukuyisebenzisa	Ikhuselo lawa phantsi kwaye uTim wayeziva engakhululekanga.	Ikhuselo ukuyisebenzisa phantsi kwaye uTim wayeziva engakhululekanga.
imihla	yayivuyisa	Wayekuthanda ukudlala ngefowuni yakhe yonke imihla.	Wayekuthanda ukudlala ngefowuni yakhe yonke yayivuyisa.
i-Tim	wesilwanyana	Isibhakabhaka sasimnyama, kodwa i-Tim ayikhathalelanga.	Isibhakabhaka sasimnyama, kodwa wesilwanyana ayikhathalelanga.
ukuqhuba	ihamba	Uye wangena waqala ukuqhuba indlela.	Uye wangena waqala ihamba indlela.
Umkhulu	ambetha	Umkhulu kwaye womelele.	ambetha kwaye womelele.
Umama	enoncumo	Umama wakhe wambona ejonge ilamuni.	enoncumo wakhe wambona ejonge ilamuni.
ithanda	hayi	I-Lily ithanda loo mbono.	I-Lily hayi loo mbono.
ibhola	uThixo	Ukhabe ibhola kakhulu.	Ukhabe uThixo kakhulu.
I-Ben	batye	I-Ben Badd yaqala ukubala.	batye Badd yaqala ukubala.
ngumhlobo	ububele	UTim wayefuna ukuba ngumhlobo ne-bug.	UTim wayefuna ukuba ububele ne-bug.
abahlobo	emnyama	Ngoku, babenebali elihlekisayo lokuxelela abahlobo babo.	Ngoku, babenebali elihlekisayo lokuxelela emnyama babo.
Bobabini	i-orenji	Bobabini bancumile kwaye badlala ngethoyi yonke imini yonke.	i-orenji bancumile kwaye badlala ngethoyi yonke imini yonke.
kakhulu	lixesha	Yayiyiplate entle kakhulu, enemibala emininzi.	Yayiyiplate entle lixesha, enemibala emininzi.
I-Tim	wabetha	I-Tim ilindelwe ukuba impukane isondele.	wabetha ilindelwe ukuba impukane isondele.
makenze	i-kangaroo	Wambuza ukuba makenze ntoni.	Wambuza ukuba i-kangaroo ntoni.
UTim	kwakumangalisa	UTim waziva engalunganga kwintaka kwaye wayefuna ukunceda.	kwakumangalisa waziva engalunganga kwintaka kwaye wayefuna ukunceda.
I-Lily	Banethamsanqa	I-Lily yabona umhlobo wakhe.	Banethamsanqa yabona umhlobo wakhe.
emdaka	I-Buddy	Ngenye imini, imo emtsalane idlala emdaka.	Ngenye imini, imo emtsalane idlala I-Buddy.
Wayenomdla	azele	Wayenomdla wokwazi kwaye waya kubona ukuba yintoni ngaphakathi.	azele wokwazi kwaye waya kubona ukuba yintoni ngaphakathi.
nekhrayoni	esondela	Uthatha ikhrayoni etyheli kunye nekhrayoni emdaka.	Uthatha ikhrayoni etyheli kunye esondela emdaka.
Bapheke	yayithandwa	Bapheke kunye kwaye bonwabile kwakhona.	yayithandwa kunye kwaye bonwabile kwakhona.
Sifuna	i-Lly	Sifuna ukudlala nendawo.	i-Lly ukudlala nendawo.
ingubo	Unxibe	Babaleka batsiba, bezama ukubamba ingubo.	Babaleka batsiba, bezama ukubamba Unxibe.
kwaye	itoyi	UMia woyika kwaye wabizwa ngokuba nguMama.	UMia woyika itoyi wabizwa ngokuba nguMama.
esifanelekileyo	Uyamangalisa	Yenze isandi esifanelekileyo.	Yenze isandi Uyamangalisa.
kubanda	engayithandi	Uye wabona kakhulu kwaye kubanda.	Uye wabona kakhulu kwaye engayithandi.
bonwabile	sathi	Umama weza ekhaya wabona bonwabile.	Umama weza ekhaya wabona sathi.
sasiyim	uyaxolisa	Isinxibo sasiyim shring!	Isinxibo uyaxolisa shring!
unexhala	igqityiwe	UMia waqalisa ukuziva unexhala ngakumbi.	UMia waqalisa ukuziva igqityiwe ngakumbi.
UTom	imivundla	UTom noSally bamangaliswa kakhulu.	imivundla noSally bamangaliswa kakhulu.
naye	linguGigi	UAnna wayenqwenela ukuba lapho naye.	UAnna wayenqwenela ukuba lapho linguGigi.
ibhotile	yayidikeka	Kodwa babengayiva ibhotile.	Kodwa babengayiva yayidikeka.
ukunceda	ukujonga	I-Lily ifuna ukunceda uTom Fumana ibhola yakhe.	I-Lily ifuna ukujonga uTom Fumana ibhola yakhe.
ukunceda	kaMali	Yayifuna nje ukunceda ukugcina ipaki icocekile.	Yayifuna nje kaMali ukugcina ipaki icocekile.
Ibambekile	ne-toy	Ibambekile kwaye iyenzakalisa jack kunye ne-sue.	ne-toy kwaye iyenzakalisa jack kunye ne-sue.
Bonke	imithetho	Bonke badanisa kunye, behleka kwaye bonwabile.	imithetho badanisa kunye, behleka kwaye bonwabile.
kwaye	Wayinyusa	Wasibona isipili kwaye wabamba inyibiba.	Wasibona isipili Wayinyusa wabamba inyibiba.
Kanye	kwi-monster	Kanye ngeli xesha, kukho imoletho ethobekileyo.	kwi-monster ngeli xesha, kukho imoletho ethobekileyo.
bahlale	nokutsala	Bagqiba kwelokuba bahlale elunxwemeni ixesha elincinci.	Bagqiba kwelokuba nokutsala elunxwemeni ixesha elincinci.
yayifihla	kwisidlo	UTim wayeya kubala, kwaye i-sue yayifihla.	UTim wayeya kubala, kwaye i-sue kwisidlo.
yarn	ukutsiba	Bakhomba kwikati yarn.	Bakhomba kwikati ukutsiba.
kwi-Igloo	Isimilo	Umfana omncinci ogama linguxesha wayehlala kwi-Igloo.	Umfana omncinci ogama linguxesha wayehlala Isimilo.
kwetyholo	bacoca	Kungekudala, uMia wafumana imouse yokudlala phantsi kwetyholo.	Kungekudala, uMia wafumana imouse yokudlala phantsi bacoca.
i-Tom	bakuva	Inkqonkqozile kwaye iphethe i-Tom.	Inkqonkqozile kwaye iphethe bakuva.
Emva	yayikho	Emva koko ubamba ingubo kwaye ubalekela endlwini.	yayikho koko ubamba ingubo kwaye ubalekela endlwini.
Bathanda	wamamela	Bathanda ukudlala kunye.	wamamela ukudlala kunye.
kwinjongo	ne-bug	Zisondele kakhulu kwinjongo.	Zisondele kakhulu ne-bug.
isitampu	uneyona	Wayithoba isitampu kuye, wabaleka.	Wayithoba uneyona kuye, wabaleka.
Wayelindele	inyathelo	Wayelindele ukuba ibe mnandi kwaye sisiqhamo.	inyathelo ukuba ibe mnandi kwaye sisiqhamo.
yayingesosityalo	Sinokuphinda	Kodwa yayingesosityalo somlingo.	Kodwa Sinokuphinda somlingo.
umama	umfana	I-Lily ayizange imamele umama.	I-Lily ayizange imamele umfana.
I-Lily	no-sue	I-Lily yatsho, incumile.	no-sue yatsho, incumile.
emva	Boyika	Bonke babehlala bonwabile emnandi emva.	Bonke babehlala bonwabile emnandi Boyika.
kakuhle	ezintle	Batsho kakuhle kwaye balala.	Batsho ezintle kwaye balala.
wayengayikholelwa	wabizwa	Wayechwayitile, kodwa wayengayikholelwa.	Wayechwayitile, kodwa wabizwa.
inenekazi	Baphosa	Akazange achaze inenekazi elifuna uncedo.	Akazange achaze Baphosa elifuna uncedo.
ukukhathazeka	Bazama	Bave ukukhathazeka komthi.	Bave Bazama komthi.
besiya	Kwavela	Baye babaleka besiya kwisilayidi kwaye bebonwabisa.	Baye babaleka Kwavela kwisilayidi kwaye bebonwabisa.
ijaji	ekwakuhle	Imouse yabuza ijaji ukuze icele uncedo.	Imouse yabuza ekwakuhle ukuze icele uncedo.
kuTom	Wamangaliswa	Ubaleka aye kuTom.	Ubaleka aye Wamangaliswa.
olie	babuthanda	Babesithi, Yiza nathi, olie.	Babesithi, Yiza nathi, babuthanda.
iyoyika	Wayenesithupha	Ikati iyoyika kwaye ibalekile.	Ikati Wayenesithupha kwaye ibalekile.
wayefuna	watshintshelwa	UTom wabona isikhafu kwaye wayefuna ukunceda.	UTom wabona isikhafu kwaye watshintshelwa ukunceda.
uMama	ezimbi	Xa iKitty ifikile ekhaya, uMama wakhe notata babekhona.	Xa iKitty ifikile ekhaya, ezimbi wakhe notata babekhona.
ifuna	yaya	Intaka enkulu ifuna inqwelomoya enkulu.	Intaka enkulu yaya inqwelomoya enkulu.
ukuba	iintaka	Uye wayibuyisela ibhola ukuba ityeshe.	Uye wayibuyisela ibhola iintaka ityeshe.
UAna	enesikhephe	UAna noBen bacinga malunga nento umama noTata.	enesikhephe noBen bacinga malunga nento umama noTata.
ubomi	ejikelezayo	WayenguTom, owayedla ubomi ababehlala kufutshane.	WayenguTom, owayedla ejikelezayo ababehlala kufutshane.
ukudlala	konke	I-kitty ithanda ukudlala ngetoyisi ebomvu.	I-kitty ithanda konke ngetoyisi ebomvu.
UAnna	wayephaphile	UAnna noBen wancuma kwaye banxunguphele kunye ne-birdie.	wayephaphile noBen wancuma kwaye banxunguphele kunye ne-birdie.
ilitye	ukukhala	Upeyintile ilitye ngemibala eqaqambileyo.	Upeyintile ukukhala ngemibala eqaqambileyo.
Ngenye	iyancuma	Ngenye imini, indawo yabona ibhola enkulu eyadini.	iyancuma imini, indawo yabona ibhola enkulu eyadini.
nesikhephe	uphulaphule	Unqwenela ukuba nesikhephe esifana naye.	Unqwenela ukuba uphulaphule esifana naye.
UTim	ilungu	UTim wayekuthanda ukudlala ngemoto yakhe yokudlala.	ilungu wayekuthanda ukudlala ngemoto yakhe yokudlala.
enkulu	kwemvula	UTim wayenengxowa enkulu.	UTim wayenengxowa kwemvula.
Njengoko	Bakhwela	Njengoko wayekhwela, wabona squirrel.	Bakhwela wayekhwela, wabona squirrel.
wada	wakhutshwa	Wabaleka wabaleka wada wadinwa.	Wabaleka wabaleka wakhutshwa wadinwa.
Ezinye	banyikima	Ezinye ii-monster ziluncedo kwaye zinobubele.	banyikima ii-monster ziluncedo kwaye zinobubele.
ngenye	ukubamba	Kodwa ngenye imini, ilanga lishushu kakhulu.	Kodwa ukubamba imini, ilanga lishushu kakhulu.
wenza	ukuyikhulula	Uqonda ukuba wenza impazamo enkulu.	Uqonda ukuba ukuyikhulula impazamo enkulu.
yabona	ekhethekileyo	Ngenye imini, iKitty yabona intaka emthini ephezulu.	Ngenye imini, iKitty ekhethekileyo intaka emthini ephezulu.
ibhokisi	wayelungile	Wabona ibhokisi enkulu.	Wabona wayelungile enkulu.
kuba	wayende	U-Amy wayekhathazekile kuba waphulukana nesithsaba sokudlala.	U-Amy wayekhathazekile wayende waphulukana nesithsaba sokudlala.
okanye	ihleliwe	Ayisiyo yesilivere okanye igolide.	Ayisiyo yesilivere ihleliwe igolide.
uTom	ambone	Kodwa uTom womelele.	Kodwa ambone womelele.
Wayenobuso	neRegs	Wayenobuso obuhle onamagama amakhulu, aqaqambileyo.	neRegs obuhle onamagama amakhulu, aqaqambileyo.
yayibuhlungu	yayidiniwe	Into yokudlala yayibuhlungu kuba yayihlala yedwa.	Into yokudlala yayidiniwe kuba yayihlala yedwa.
ilori	ngasentla	I-Zip ityhala ilori ngaphandle kwe-wreck.	I-Zip ityhala ngasentla ngaphandle kwe-wreck.
yokundwendwela	unokwenza	Yayiyincwadana yokundwendwela uLisa!	Yayiyincwadana unokwenza uLisa!
kogqatso	Wayenethemba	Ekupheleni kogqatso, indawo yaphumelela!	Ekupheleni Wayenethemba, indawo yaphumelela!
ngemipu	ewe	Bafuna nje ukudlala ngemipu yabo yokudlala.	Bafuna nje ukudlala ewe yabo yokudlala.
sasinje	yayisisihlangu	Ilanga laphuma ilanga, kwaye isibhakabhaka sasinje.	Ilanga laphuma ilanga, kwaye isibhakabhaka yayisisihlangu.
Ucinga	ngamazwi	Ucinga ngobuxoki bokuyila.	ngamazwi ngobuxoki bokuyila.
I-Lily	ne-vase	I-Lily kunye noTom bavuya kakhulu.	ne-vase kunye noTom bavuya kakhulu.
ayive	i-Giant	Wayengazange ayive into enje ngaphambili.	Wayengazange i-Giant into enje ngaphambili.
mntu	ekufundeni	Lo mntu wayethanda ukuhamba imini yonke.	Lo ekufundeni wayethanda ukuhamba imini yonke.
uSam	esimhlophe	Baza babona umhlobo wabo, uSam.	Baza babona umhlobo wabo, esimhlophe.
kwenzeka	wekite	Kodwa, kwenzeka into engalindelekanga!	Kodwa, wekite into engalindelekanga!
obuhlekisayo	ngesiquphe	Benza ubuso obuhlekisayo.	Benza ubuso ngesiquphe.
phantsi	Wayeziva	Indoda yawa phantsi.	Indoda yawa Wayeziva.
Ke	yabakhuli	Ke, waya endlwini kaSam notolo.	yabakhuli, waya endlwini kaSam notolo.
kuye	needoli	Wacela uncedo kuye umama wakhe.	Wacela uncedo needoli umama wakhe.
Ifikelele	isinambuzane	Ifikelele kumda wetafile.	isinambuzane kumda wetafile.
esibomvu	ezivakalayo	Igama lakhe yayinguTom kwaye wayenesigebenga esibomvu.	Igama lakhe yayinguTom kwaye wayenesigebenga ezivakalayo.
UFred	uphume	UFred wayehlala kwi-swamp ekufuphi nedolophu.	uphume wayehlala kwi-swamp ekufuphi nedolophu.
wathanda	uLily	Ngeli xesha, wathanda incasa emuncu.	Ngeli xesha, uLily incasa emuncu.
ukudlala	wanyikima	UTim wayekuthanda ukudlala emhlabeni.	UTim wayekuthanda wanyikima emhlabeni.
umjelo	Zip	Bonke abantu nezilwanyana babethanda umjelo.	Bonke abantu nezilwanyana babethanda Zip.
Wayefuna	mayibe	Wayefuna ukutsiba kuyo.	mayibe ukutsiba kuyo.
kumbandela	ebabanda	Babeza kumbandela kude kube lixesha lokulala.	Babeza ebabanda kude kube lixesha lokulala.
emanzini	licoceke	Isikhephe salandela intlanzi enkulu emanzini.	Isikhephe salandela intlanzi enkulu licoceke.
iTim	Iincwadi	Epakini, iTim ihamba nekiti.	Epakini, Iincwadi ihamba nekiti.
ukwakha	oonodoli	Waqala ukwakha inqaba emde kunye neebhloko.	Waqala oonodoli inqaba emde kunye neebhloko.
bakhe	nesipuni	I-Zip iyakuthanda ukuqubha kwaye idlale nabahlobo bakhe.	I-Zip iyakuthanda ukuqubha kwaye idlale nabahlobo nesipuni.
Kodwa	kwifama	Kodwa emva koko, kwenzeka into engalindelekanga.	kwifama emva koko, kwenzeka into engalindelekanga.
zazinosuku	yanamhlanje	Zombini zazinosuku olumnandi kunye neKayak entsha.	Zombini yanamhlanje olumnandi kunye neKayak entsha.
waqalisa	ngokujonga	Unxibe ingubo kwaye waqalisa ukudanisa.	Unxibe ingubo kwaye ngokujonga ukudanisa.
kwi-whisper	wavuthuza	I-Lily icele i-tom kwi-whisper.	I-Lily icele i-tom wavuthuza.
ukuba	bebalelwa	Wayengazi ukuba angathini ukunceda ixesha.	Wayengazi bebalelwa angathini ukunceda ixesha.
inqaba	efana	Iindonga zawa phantsi, kwaye inqaba ihambile.	Iindonga zawa phantsi, kwaye efana ihambile.
USara	inyusi	USara noBen qalisa ukuphikisana.	inyusi noBen qalisa ukuphikisana.
ukudlala	ebelele	Wayefuna ukudlala ngayo.	Wayefuna ebelele ngayo.
kwaye	liqhinga	Wacinga nge-ice cream kwaye ufuna okungakumbi.	Wacinga nge-ice cream liqhinga ufuna okungakumbi.
ngaphandle	namaza	Ngenye imini, kwakushushu kakhulu ngaphandle.	Ngenye imini, kwakushushu kakhulu namaza.
emde	fama	Ke uHarry wamnceda ekwakheni inqaba enkulu, emde.	Ke uHarry wamnceda ekwakheni inqaba enkulu, fama.
babesepakini	ukwabelana	U-Lily noSam babesepakini kunye nomama wabo.	U-Lily noSam ukwabelana kunye nomama wabo.
xesha	iphuhlise	Kanye ngeli xesha, kukho itanki enkulu emnyama.	Kanye ngeli iphuhlise, kukho itanki enkulu emnyama.
enkulu	yokuhlala	Ngequbuliso, kwaviwa ingxolo enkulu!	Ngequbuliso, kwaviwa ingxolo yokuhlala!
Ke	waqonda	Ke, ihobe labhabha laza lahlala kwisebe.	waqonda, ihobe labhabha laza lahlala kwisebe.
bonwabile	wenziwe	Badlale kunye kwaye bonwabile.	Badlale kunye kwaye wenziwe.
ngokukhawuleza	ukuxhasa	Uyifumene ngokubaleka ngokukhawuleza.	Uyifumene ngokubaleka ukuxhasa.
ngalo	ihamba	Ihashe lonwabile ngalo lonke ixesha noJennie.	Ihashe lonwabile ihamba lonke ixesha noJennie.
umama	kakhulu	Ujonga umama wakhe.	Ujonga kakhulu wakhe.
Wayenentshebe	ne-bunny	Wayenentshebe elide kunye nentonga ende.	ne-bunny elide kunye nentonga ende.
kodwa	onamagqabi	Uyitshiyilisile kwaye ayinikile, kodwa akukho nto yenzekayo.	Uyitshiyilisile kwaye ayinikile, onamagqabi akukho nto yenzekayo.
banyuke	Babhiyozelwa	Kwakufuneka banyuke baye kugqirha.	Kwakufuneka Babhiyozelwa baye kugqirha.
engcono	libetha	UTim waziva engcono.	UTim waziva libetha.
ababenenxaxheba	ukubalwa	Baba nabantwana abanoyolo nabasempilweni ababenenxaxheba kwaye bakhathalelwe.	Baba nabantwana abanoyolo nabasempilweni ukubalwa kwaye bakhathalelwe.
emininzi	okunencasi	Yayinemibala emininzi emzimbeni wayo.	Yayinemibala okunencasi emzimbeni wayo.
bakhe	obuninzi	Imouse encinci yeorenji yayikonwabile ukunceda abahlobo bakhe.	Imouse encinci yeorenji yayikonwabile ukunceda abahlobo obuninzi.
yabambelela	Bajikeleza	Ijellyfish yabambelela kumnatha omkhulu.	Ijellyfish Bajikeleza kumnatha omkhulu.
entle	negama	Intombazana entle yeza kunceda.	Intombazana negama yeza kunceda.
babukele	bobabini	Bathanda ukudlala ngeethoyi zabo kwaye babukele umabonwakude.	Bathanda ukudlala ngeethoyi zabo kwaye bobabini umabonwakude.
emhlabeni	wayebuhlungu	Babona umngxunya omkhulu emhlabeni.	Babona umngxunya omkhulu wayebuhlungu.
ukuba	Isandi	Wayengazi ukuba yintoni.	Wayengazi Isandi yintoni.
yabona	ithole	Imbovane encinci yabona inyibiba kwiwebhu.	Imbovane encinci ithole inyibiba kwiwebhu.
bakhe	wambumba	I-Tom kunye nabahlobo bakhe batshintshana i-pole.	I-Tom kunye nabahlobo wambumba batshintshana i-pole.
yesilwanyana	ziza	Ijongeka ngathi yi-paw yesilwanyana esikhulu.	Ijongeka ngathi yi-paw ziza esikhulu.
ukwenza	yayikhuselekile	I-Lizzy iyakuthanda ukwenza.	I-Lizzy iyakuthanda yayikhuselekile.
egadini	Ngubani	Babaleka bajija egadini.	Babaleka bajija Ngubani.
impungutye	Wayengazi	I-peanut yajongajikajikajika yabona impungutye.	I-peanut yajongajikajikajika yabona Wayengazi.
ogama	Ikhekhe	Ngasihlandlo sithile, bekukho umfana othile ogama linguTim.	Ngasihlandlo sithile, bekukho umfana othile Ikhekhe linguTim.
isityalo	omdala	Ngesinye isihlandlo, kwabakho isityalo esincinci.	Ngesinye isihlandlo, kwabakho omdala esincinci.
iphinde	benomsindo	I-Lily iphinde iphinde iphinde ifumeke iiblubhu.	I-Lily benomsindo benomsindo benomsindo ifumeke iiblubhu.
kwaye	isandwich	I-Lily ihleliwe kwaye yadanisa nomhlobo wakhe omtsha.	I-Lily ihleliwe isandwich yadanisa nomhlobo wakhe omtsha.
imini	ngophawu	Ngenye imini, waqhubeka ene-adventure.	Ngenye ngophawu, waqhubeka ene-adventure.
aze	Kwisihlandlo	Uya kusolula aze agobe umzimba ngeendlela ezininzi.	Uya kusolula Kwisihlandlo agobe umzimba ngeendlela ezininzi.
kuqala	Batshintshana	Wadlulisela abahlobo bakhe kwaye wafika kumthi omkhulu kuqala.	Wadlulisela abahlobo bakhe kwaye wafika kumthi omkhulu Batshintshana.
kwelitye	Babenetshokholethi	Bayifumene emva kwelitye elikhulu.	Bayifumene emva Babenetshokholethi elikhulu.
encinci	alizukuvelisa	Intlanzi encinci yayilusizi.	Intlanzi alizukuvelisa yayilusizi.
ukuba	ihlungulu	Wayevuya kakhulu ukubona ukuba isebenze!	Wayevuya kakhulu ukubona ihlungulu isebenze!
ukuba	wayexakekile	Babengazi ukuba benze ntoni.	Babengazi wayexakekile benze ntoni.
yokudlala	notatomkhulu	Into yokudlala yayingumtya welaphu enemibala emininzi.	Into notatomkhulu yayingumtya welaphu enemibala emininzi.
wayefuna	iikati	UBetty wayefuna ukunceda umhlobo wakhe omtsha.	UBetty iikati ukunceda umhlobo wakhe omtsha.
yabona	yayiyi-dizzy	Ngenye imini, ikati yasendle yabona umngxunya omkhulu.	Ngenye imini, ikati yasendle yayiyi-dizzy umngxunya omkhulu.
Babevuya	nezixhobo	Babevuya kakhulu ngemibala yabo emitsha.	nezixhobo kakhulu ngemibala yabo emitsha.
i-acor	i-mama	Ngenye imini, uSam wabona i-acor enkulu emhlabeni.	Ngenye imini, uSam wabona i-mama enkulu emhlabeni.
iphepha	ne-teddy	USue uye wakhangela iphepha.	USue uye wakhangela ne-teddy.
owenze	eSue	Uye wathi kukho ikati owenze le ngxolo.	Uye wathi kukho ikati eSue le ngxolo.
ezifanayo	yayixhalabele	Bafumanisa ukuba banezinto ezininzi ezifanayo.	Bafumanisa ukuba banezinto ezininzi yayixhalabele.
Wagoduka	ikhunjulwe	Wagoduka aye kubonisa abahlobo bakhe.	ikhunjulwe aye kubonisa abahlobo bakhe.
babone	lalinoboya	Babuza abahlobo babo ukuba babone i-lucy.	Babuza abahlobo babo ukuba lalinoboya i-lucy.
babuyela	Ekupheleni	I-Tim kunye ne-oxy babuyela emthini.	I-Tim kunye ne-oxy Ekupheleni emthini.
Iithoyi	neRegs	Iithoyi zazimibala eyahlukileyo kwaye zazinamanani kuzo.	neRegs zazimibala eyahlukileyo kwaye zazinamanani kuzo.
umama	i-strawberry	USuzy waziva ebuhlungu kuba engazange aphulaphule umama wakhe.	USuzy waziva ebuhlungu kuba engazange aphulaphule i-strawberry wakhe.
Babala	Incwadi	Babala ukuba mangaphi amakhadi anayo.	Incwadi ukuba mangaphi amakhadi anayo.
amazinyo	unesibindi	Bagqobhoza amazinyo baza banxiba ii-pajamas zabo.	Bagqobhoza unesibindi baza banxiba ii-pajamas zabo.
Bahleka	ubone	Bahleka kwaye bakonwaba kakhulu.	ubone kwaye bakonwaba kakhulu.
yayilusizi	kubaxolela	I-chicky yayilusizi kodwa yayeka ukucula.	I-chicky kubaxolela kodwa yayeka ukucula.
Wayeyindoda	enombulelo	Wayeyindoda eqatha kakhulu.	enombulelo eqatha kakhulu.
Wayezibuza	enomgwebi	Wayezibuza ukuba yayiyintoni i-teddy yakhe.	enomgwebi ukuba yayiyintoni i-teddy yakhe.
kakhulu	Ukuhleka	Babaleka bahleka, benokonwaba kakhulu.	Babaleka bahleka, benokonwaba Ukuhleka.
baqala	imeme	Abahlobo bakhe baqala ukuhleka.	Abahlobo bakhe imeme ukuhleka.
yancuma	Uyamangaliswa	Ikopi yancuma umva.	Ikopi Uyamangaliswa umva.
wayenomsindo	Wachukumisa	Utata wakhe wayenomsindo kwaye enexhala.	Utata wakhe Wachukumisa kwaye enexhala.
kunye	emthulweni	Kodwa usadlala kunye.	Kodwa usadlala emthulweni.
lizalisekile	Ibrabby	I-ANents ithemba lizalisekile!	I-ANents ithemba Ibrabby!
akazange	Ukujonga	U-Lucy akazange aqonde, kodwa waphulaphula umama wakhe.	U-Lucy Ukujonga aqonde, kodwa waphulaphula umama wakhe.
apho	kumvundla	Bayayibona yonke into eyadiweyo ukuya apho.	Bayayibona yonke into eyadiweyo ukuya kumvundla.
zentloko	owenze	Yenza isandi esonwabileyo kunye neenombolo zentloko.	Yenza isandi esonwabileyo kunye neenombolo owenze.
waya	wayenemini	I-Tim ibibambe umtya wekite kwaye waya kwisilayidi.	I-Tim ibibambe umtya wekite kwaye wayenemini kwisilayidi.
liqengqelwe	I-LIM	Ilitye eligudileyo liqengqelwe ehlathini, likhangela ioksijini.	Ilitye eligudileyo I-LIM ehlathini, likhangela ioksijini.
Hayi	yayiyintloko	Hayi, tom, oko akumnandi.	yayiyintloko, tom, oko akumnandi.
kwaye	ukumnceda	Bathanda ukusika iphepha kwaye benze iimilo.	Bathanda ukusika iphepha ukumnceda benze iimilo.
wakhwaza	Yayinkulu	I-Lily kwaye uMax wakhwaza.	I-Lily kwaye uMax Yayinkulu.
ukuya	yaqhubeka	UTom wayefuna ukuya apho.	UTom wayefuna yaqhubeka apho.
ukudlala	yayingabahlobo	Wayefuna ukudlala ngayo.	Wayefuna yayingabahlobo ngayo.
Amadada	Isitya	Amadada aquack kunye nentlanzi i-splash.	Isitya aquack kunye nentlanzi i-splash.
naye	yayingalunganga	Umlinganiso yayidlala naye nje.	Umlinganiso yayidlala yayingalunganga nje.
engalindelekanga	alale	Kodwa emva koko, kwenzeka into engalindelekanga.	Kodwa emva koko, kwenzeka into alale.
enzima	ethandelwe	Intaka ayikwazanga ukubhabha ngengqekembe enzima.	Intaka ayikwazanga ukubhabha ngengqekembe ethandelwe.
unexhala	wehlosi	Kodwa waqalisa ukuziva unexhala.	Kodwa waqalisa ukuziva wehlosi.
lacocekile	labona	Ngoku, igumbi lakhe lacocekile.	Ngoku, igumbi lakhe labona.
nedoli	Wawela	Ngoku, akakwazanga ukudlala nedoli yakhe ayithandayo.	Ngoku, akakwazanga ukudlala Wawela yakhe ayithandayo.
wavula	nabo	UTom wayimisa ibhasi wavula ucango.	UTom wayimisa ibhasi nabo ucango.
kwaye	Bendingazi	UBobo wavula umsila wakhe kwaye wangena ngovuyo.	UBobo wavula umsila wakhe Bendingazi wangena ngovuyo.
ebumnyameni	owayedla	I-wand iguqula wonke umntu ebumnyameni ukuba acule uncumo olukhulu.	I-wand iguqula wonke umntu owayedla ukuba acule uncumo olukhulu.
Ngaphakathi	wayebaleka	Ngaphakathi kukho amagumbi amabini amakhulu agcwele imihlobiso enemibala.	wayebaleka kukho amagumbi amabini amakhulu agcwele imihlobiso enemibala.
elihlwempuzekileyo	yayinoxolo	I-Spike yayiyi-cactus elihlwempuzekileyo.	I-Spike yayiyi-cactus yayinoxolo.
Wazama	abayeki	Wazama ukubamba intaka, kodwa yabhabha.	abayeki ukubamba intaka, kodwa yabhabha.
wayithatha	yafika	Wayemthanda kakhulu irever kakhulu kwaye wayithatha yonke indawo.	Wayemthanda kakhulu irever kakhulu kwaye yafika yonke indawo.
babona	ngumhlobo	Epakini, babona umthengisi ethengisa amanyala amnandi.	Epakini, ngumhlobo umthengisi ethengisa amanyala amnandi.
Wachukumisa	yayinesilizi	Wachukumisa enye yee-petals.	yayinesilizi enye yee-petals.
inkwenkwe	laliphumile	Balinda de inkwenkwe ihla isilayidi.	Balinda de laliphumile ihla isilayidi.
esikhulu	umbuzo	Uxuba yonke into kwisitya esikhulu.	Uxuba yonke into kwisitya umbuzo.
basondeza	sisibane	Bathanda ukubenza basondeza kwaye baphuke kwaye bebenje.	Bathanda ukubenza sisibane kwaye baphuke kwaye bebenje.
idlale	kukwenzakalisa	I-max kunye neenyibiba idlale kwihlabathi elitsha imini yonke.	I-max kunye neenyibiba kukwenzakalisa kwihlabathi elitsha imini yonke.
yadibana	IKitty	Ibhere yadibana nentaka encinci, enobuhlobo.	Ibhere IKitty nentaka encinci, enobuhlobo.
ukuze	Ivumba	Wayefuna ukubalawula, ukuze abagcine bacocekile.	Wayefuna ukubalawula, Ivumba abagcine bacocekile.
waziva	hlobo	UTom waziva ekhululekile kufutshane ne-vase.	UTom hlobo ekhululekile kufutshane ne-vase.
Yabona	yayinezinto	Yabona umntwana shan ezingalweni zakhe.	yayinezinto umntwana shan ezingalweni zakhe.
Yayifuna	Sisonke	Yayifuna ukuya phambili.	Sisonke ukuya phambili.
kwaye	ngokwenza	Kwakubiza kakhulu kwaye khethekile.	Kwakubiza kakhulu ngokwenza khethekile.
isigcawu	neenqaba	Wabeka isigcawu ebhedini yakhe.	Wabeka neenqaba ebhedini yakhe.
phantsi	ezibhokisini	Bahlala phantsi badle iicookies.	Bahlala ezibhokisini badle iicookies.
ukuba	kwipiddle	Basebenzisa iziqwengana zabo ukuba bahambe ngokukhawuleza kwaye bacotha.	Basebenzisa iziqwengana zabo kwipiddle bahambe ngokukhawuleza kwaye bacotha.
badlala	yinja	Wabona iintaka, imithi, kwaye abantwana badlala.	Wabona iintaka, imithi, kwaye abantwana yinja.
Kodwa	Unyibilikisile	Kodwa ndalibala ukuba ndinayo.	Unyibilikisile ndalibala ukuba ndinayo.
kwaye	Bamenza	Irobhothi yawa emhlabeni kwaye yaphuka.	Irobhothi yawa emhlabeni Bamenza yaphuka.
Ndiyayithanda	wabuphalela	Ndiyayithanda le ncwadi.	wabuphalela le ncwadi.
Yayiluhlaza	Bajonga	Yayiluhlaza kwaye igudile.	Bajonga kwaye igudile.
baba	ngokwenza	Ilori neTim baba ngabahlobo abalungileyo.	Ilori neTim ngokwenza ngabahlobo abalungileyo.
kwaye	I-ANents	I-snuck yaphulukana nogqatso kwaye yakhala.	I-snuck yaphulukana nogqatso I-ANents yakhala.
neecookies	rhoqo	Babenetshokholethi eshushu kunye neecookies nomama wabo.	Babenetshokholethi eshushu kunye rhoqo nomama wabo.
I-Tim	ukuthobela	I-Tim ifake iphunga naye.	ukuthobela ifake iphunga naye.
kwaye	yanceda	UTim wawuphakamisa phantsi kwaye wathabatha iziqwenga.	UTim wawuphakamisa phantsi yanceda wathabatha iziqwenga.
no	I-chicky	UTim no Sue babebuhlungu.	UTim I-chicky Sue babebuhlungu.
ngaphandle	wayengaqinisekanga	UTom noLily babedlala ngaphandle kunye neetoni zabo.	UTom noLily babedlala wayengaqinisekanga kunye neetoni zabo.
ukonwaba	i-pole	Ndiyazi ukuba uzama ukonwaba.	Ndiyazi ukuba uzama i-pole.
Wayenekratshi	imini	Wayenekratshi ngaye ngokuzama konke okusemandleni akhe.	imini ngaye ngokuzama konke okusemandleni akhe.
Kufutshane	isikhephe	Kufutshane nomfula, kwakuhlala inkwenkwe egama linguTom.	isikhephe nomfula, kwakuhlala inkwenkwe egama linguTom.
kufuneka	ngokuba	Kuya kufuneka wabelane ngeebhloko kwaye udlale kakuhle.	Kuya ngokuba wabelane ngeebhloko kwaye udlale kakuhle.
ukugawula	wawungakwazi	Wayengazi ukuba ukugawula amagama bekungalunganga.	Wayengazi ukuba wawungakwazi amagama bekungalunganga.
kodwa	ubuqhetseba	Uthanda i-mosquito, kodwa uyathanda uBen.	Uthanda i-mosquito, ubuqhetseba uyathanda uBen.
kwaye	ne-lily	Wavuya kakhulu kwaye wakhululeka.	Wavuya kakhulu ne-lily wakhululeka.
bakhala	inambitheka	Balila kwaye bakhala.	Balila kwaye inambitheka.
babo	Bavula	Bakhomba emithini, kwiithoyi, kunye nabahlobo babo.	Bakhomba emithini, kwiithoyi, kunye nabahlobo Bavula.
nentombazana	yavula	Babona nentombazana kunye nenkwenkwe.	Babona yavula kunye nenkwenkwe.
kunye	abambe	I-Lily kunye ne-Tom zamangaliswa kakhulu.	I-Lily abambe ne-Tom zamangaliswa kakhulu.
ukufumana	Iinyibiba	Abakwazanga ukufumana i-tie ngasemva.	Abakwazanga Iinyibiba i-tie ngasemva.
enkulu	Ndiyazi	Bava ingxolo enkulu.	Bava ingxolo Ndiyazi.
UTim	Banomthi	UTim wayene-friendzer enkulu ekhitshini lakhe.	Banomthi wayene-friendzer enkulu ekhitshini lakhe.
kwaye	Balambile	Wayivula kwaye wafumana iperiny yeperiny ngaphakathi.	Wayivula Balambile wafumana iperiny yeperiny ngaphakathi.
Uphule	ilungu	Uphule imoto yam.	ilungu imoto yam.
ngokukhawuleza	ukumgcina	Ubona amadoda ukuba abaleke ngokukhawuleza ngebhola.	Ubona amadoda ukuba abaleke ukumgcina ngebhola.
Wayengazange	esilivere	Wayengazange abone amanzi amaninzi ngaphambili.	esilivere abone amanzi amaninzi ngaphambili.
idlalwa	yadanisa	Inxalenye ebomvu idlalwa ngeethoyi ezinkulu.	Inxalenye ebomvu yadanisa ngeethoyi ezinkulu.
yayinentaka	wangasemva	I-mia yayinentaka yesilwanyana egama lingumbala omnandi.	I-mia wangasemva yesilwanyana egama lingumbala omnandi.
wamthanda	kukwenzakalisa	UAva wamthanda ukutya iavokhado.	UAva kukwenzakalisa ukutya iavokhado.
Ngenye	zibulela	Ngenye imini, ikati idibene nenja enkulu.	zibulela imini, ikati idibene nenja enkulu.
Wabona	linguSophie	Wabona umthi omde ngentaka kuyo.	linguSophie umthi omde ngentaka kuyo.
inyibiba	yadanisa	Uzamile ukuyikhonza inyibiba.	Uzamile ukuyikhonza yadanisa.
asebenze	Baqhubeka	Ndifuna ukuba asebenze.	Ndifuna ukuba Baqhubeka.
ukuphumelela	kwiwebhu	Wayesoloko efuna ukuphumelela.	Wayesoloko efuna kwiwebhu.
Unomsindo	yesilwanyana	Unomsindo kwaye udanile.	yesilwanyana kwaye udanile.
Ufuna	eyenzekileyo	Ufuna ukuchukumisa inkunzi yenkomo.	eyenzekileyo ukuchukumisa inkunzi yenkomo.
ezininzi	Ngemini	Wayeneencwadi ezininzi egumbini lakhe.	Wayeneencwadi Ngemini egumbini lakhe.
basusa	Bayayibulela	Sisonke, Tim, nabahlobo bakhe basusa i-Wreck.	Sisonke, Tim, nabahlobo bakhe Bayayibulela i-Wreck.
ayizange	kwizitulo	Ikati kunye nenja ayizange ithandane.	Ikati kunye nenja kwizitulo ithandane.
ujonge	yayidiniwe	Ucinga ukuba nzima kwaye ujonge macala onke.	Ucinga ukuba nzima kwaye yayidiniwe macala onke.
ukudlala	Bazibuza	I-kitty ithanda ukudlala imini yonke ngemouse yakhe yokudlala.	I-kitty ithanda Bazibuza imini yonke ngemouse yakhe yokudlala.
Abantwana	idanga	Abantwana abancinci kunye nenja encinci babebuhlungu kakhulu.	idanga abancinci kunye nenja encinci babebuhlungu kakhulu.
ibhere	Wayefumene	Ngesinye isihlandlo, kwabakho ibhere enkulu.	Ngesinye isihlandlo, kwabakho Wayefumene enkulu.
umthi	ukuqhubela	Iigusha zabona umthi omkhulu onamagqabi amnandi.	Iigusha zabona ukuqhubela omkhulu onamagqabi amnandi.
kwilali	Wayenegita	Lo mthi ufuna ukuba luncedo ngakumbi kwilali.	Lo mthi ufuna ukuba luncedo ngakumbi Wayenegita.
egxalabeni	wayo	Ngequbuliso, uLizzy waziva empompoleni egxalabeni lakhe.	Ngequbuliso, uLizzy waziva empompoleni wayo lakhe.
ijusi	osisiyatha	Umama kaMama wayithatha ijusi.	Umama kaMama wayithatha osisiyatha.
iKati	nomthombo	Ngenye imini, iKati elumkileyo egama linguLucy yafumana isokisi.	Ngenye imini, nomthombo elumkileyo egama linguLucy yafumana isokisi.
uSally	nothando	Ngaphakathi kwibhokisi, uSally wafumana igolide!	Ngaphakathi kwibhokisi, nothando wafumana igolide!
yonwabile	I-ANents	Intaka yonwabile kwaye imnandi.	Intaka I-ANents kwaye imnandi.
kuba	bafumane	I-max yajika ngomsila wakhe kuba wonwabile.	I-max yajika ngomsila wakhe bafumane wonwabile.
ukudlala	ethethwa	Wayefuna ukudlala ngemoto yakhe yokudlala.	Wayefuna ethethwa ngemoto yakhe yokudlala.
ingoma	bada	USam wamamela ingoma waza waqalisa ukudanisa.	USam wamamela bada waza waqalisa ukudanisa.
neencwadi	azibhabhazi	Bayathanda ukudlala ngeethoyi kunye neencwadi.	Bayathanda ukudlala ngeethoyi kunye azibhabhazi.
encinci	inoboya	Emva koko, wabona intombazana encinci ngomnatha.	Emva koko, wabona intombazana inoboya ngomnatha.
enkulu	i-vase	Wayenebhokisi enkulu yeglue.	Wayenebhokisi i-vase yeglue.
akafuni	ihlosi	Kodwa uTom akafuni ukudlala.	Kodwa uTom ihlosi ukudlala.
inqwelo-mafutha	wayenomhlobo	UTim noMia batshintshana ukuze baqhube inqwelo-mafutha ebomvu.	UTim noMia batshintshana ukuze baqhube wayenomhlobo ebomvu.
UTim	Wayenesibindi	UTim wayenebhere yokudlala awayeyithanda kakhulu.	Wayenesibindi wayenebhere yokudlala awayeyithanda kakhulu.
kwaye	Apho	Banoyolo kwaye bakhululwa.	Banoyolo Apho bakhululwa.
wahleka	iilekese	Wonke umntu wahleka, kwaye enobys wayeziva enekratshi.	Wonke umntu iilekese, kwaye enobys wayeziva enekratshi.
lalibonakala	Wajikeleza	Ilanga lalibonakala likhanya nangakumbi.	Ilanga Wajikeleza likhanya nangakumbi.
Babeka	Banika	Babeka ibhokisi phantsi kwaye bangene ngaphakathi.	Banika ibhokisi phantsi kwaye bangene ngaphakathi.
iTim	kwindlwane	USam wabona iTim ijonge kwimpethu enzima.	USam wabona kwindlwane ijonge kwimpethu enzima.
I-Lily	Ben	I-Lily ithathe isigqibo sokupeyinta isakhiwo ngemibala entle.	Ben ithathe isigqibo sokupeyinta isakhiwo ngemibala entle.
Bonke	wayifihla	Bonke baya kuyibona le ndoda.	wayifihla baya kuyibona le ndoda.
Watya	nembiza	Watya abomvu, luhlaza kwaye tyheli.	nembiza abomvu, luhlaza kwaye tyheli.
koko	Wacinga	Kodwa emva koko, kwenzeka into engalindelekanga.	Kodwa emva Wacinga, kwenzeka into engalindelekanga.
adlale	ucele	UTim akazange athanda ukubaleka okanye adlale.	UTim akazange athanda ukubaleka okanye ucele.
wamnceda	wothukile	UTim wayelusizi kodwa uSam wamnceda.	UTim wayelusizi kodwa uSam wothukile.
Uyakuvuyela	inkangelekile	Uyakuvuyela ukuba nedoli yakhe ngasemva.	inkangelekile ukuba nedoli yakhe ngasemva.
walamba	neebhere	UBob walamba emva kokupeyinta.	UBob neebhere emva kokupeyinta.
ukuba	eyayiphakamile	Ndifuna ukuba athethe.	Ndifuna eyayiphakamile athethe.
sakhe	baliva	Kodwa kuqala, kwakufuneka afumane isigcina-ntloko sakhe.	Kodwa kuqala, kwakufuneka afumane isigcina-ntloko baliva.
ebomvu	i-yoghurt	Kwigaraji, ixesha labona ibhola ebomvu enkulu.	Kwigaraji, ixesha labona ibhola i-yoghurt enkulu.
ukukhula	athile	Ngelanga elikhanyayo, ingqolowa kaJane yaqala ukukhula.	Ngelanga elikhanyayo, ingqolowa kaJane yaqala athile.
ngesele	ilahlekile	Babevuya kakhulu ngesele.	Babevuya kakhulu ilahlekile.
Kodwa	Umlobi	Kodwa ukubopha kwakunzima kuye.	Umlobi ukubopha kwakunzima kuye.
wagqiba	neTim	Ngenye imini, wagqiba kwelokuba aqalise ukukhangela indlu yakhe.	Ngenye imini, neTim kwelokuba aqalise ukukhangela indlu yakhe.
iyakukhanya	i-crab	Ebusuku, ipiyano iyakukhanya.	Ebusuku, ipiyano i-crab.
Wayibamba	ipholile	Wayibamba wayiphosa kwakhona.	ipholile wayiphosa kwakhona.
ladibana	bakhululwa	Endleleni, ixesha ladibana nenja enkulu.	Endleleni, ixesha bakhululwa nenja enkulu.
phezulu	igcwele	Bafuna ukufikelela phezulu.	Bafuna ukufikelela igcwele.
ne-toy	iithoyi	UTim wayekuthanda ukudlala kunye ne-toy ye-toy skeleton imini yonke.	UTim wayekuthanda ukudlala kunye iithoyi ye-toy skeleton imini yonke.
kwaye	raft	UAnna noBen bayeka ukulwa kwaye bajonga umama wabo.	UAnna noBen bayeka ukulwa raft bajonga umama wabo.
lokuba	ikhayithi	Babenethemba lokuba akazukukhathazeka kuzo.	Babenethemba ikhayithi akazukukhathazeka kuzo.
Babetha	yeqonga	Babetha impendu kwaye bonwabile.	yeqonga impendu kwaye bonwabile.
iibhloko	bonwabe	Bazithatha iibhloko zabo kwaye baqalisa ukwakha.	Bazithatha bonwabe zabo kwaye baqalisa ukwakha.
ngelori	lokuya	Wayefuna ukudlala ngelori nayo.	Wayefuna ukudlala lokuya nayo.
I-Sue	ngoku	I-Sue yaziva ilusizi kodwa ayinikezeli.	ngoku yaziva ilusizi kodwa ayinikezeli.
kwishalofini	bachukumise	Babeka iglasi engaziwayo kwishalofini.	Babeka iglasi engaziwayo bachukumise.
ngenja	Bunny	Babengafuni ukudlala ngenja emdaka.	Babengafuni ukudlala Bunny emdaka.
ngokuhlwa	yanikina	Emva koko ngokuhlwa, utata ka-Ana weza ebaleka egadini.	Emva koko yanikina, utata ka-Ana weza ebaleka egadini.
i-Tim	nqanaba	Ngoku, i-Tim yayingakhathali.	Ngoku, nqanaba yayingakhathali.
Uthathe	linguJosh	Uthathe isandla sikaLily kwaye wakhokelela indlela.	linguJosh isandla sikaLily kwaye wakhokelela indlela.
zakhe	I-SAT	UBella wabalekela kwimfumba kwaye wafumana izinto zakhe.	UBella wabalekela kwimfumba kwaye wafumana izinto I-SAT.
idibene	umntakwabo	Entsimini, inyibiba idibene ne-rog.	Entsimini, inyibiba umntakwabo ne-rog.
lakhe	Banuka	Igama lakhe yayinguFreddy.	Igama Banuka yayinguFreddy.
yaqala	waba	Itreyi yaqala ukubhabha emoyeni!	Itreyi waba ukubhabha emoyeni!
ukuba	iplate	Babengathandi ukuba bashiywe phantsi.	Babengathandi iplate bashiywe phantsi.
Kodwa	umnqwazi	Kodwa imouse ikhawuleza kwaye ilumke.	umnqwazi imouse ikhawuleza kwaye ilumke.
uphumelele	ngokuba	Ekupheleni, uOllie uphumelele umdlalo.	Ekupheleni, uOllie ngokuba umdlalo.
uvuyo	Wayenencwadi	Uyakuthanda ukuzisa uvuyo kwigadi.	Uyakuthanda ukuzisa Wayenencwadi kwigadi.
Ujoyina	ezinye	Ujoyina iLily nenja.	ezinye iLily nenja.
le	impuku	Abasiqondi ukuba kutheni le paki ivaliwe.	Abasiqondi ukuba kutheni impuku paki ivaliwe.
Babaxelela	ngeMax	Babaxelela ngeswekile epholileyo.	ngeMax ngeswekile epholileyo.
ngumqamelo	wayelinenekazi	Lo ngumqamelo okhethekileyo.	Lo wayelinenekazi okhethekileyo.
ngelo	UJenny	Wayenebhongo kakhulu ngelo.	Wayenebhongo kakhulu UJenny.
kakhulu	i-Snowneman	UTim wayevuya kakhulu.	UTim wayevuya i-Snowneman.
Inkwenkwana	ofana	Inkwenkwana yamangaliswa kakhulu.	ofana yamangaliswa kakhulu.
lakhe	wayenexesha	Wayephulukene neqanda lakhe.	Wayephulukene neqanda wayenexesha.
ngequbuliso	okrelekrele	Ukuhamba, uLucy ngequbuliso waziva echukumisa iinzwane zakhe.	Ukuhamba, uLucy okrelekrele waziva echukumisa iinzwane zakhe.
wavuya	watya	Wonke umntu wavuya, kodwa intliziyo yentombazana yangena.	Wonke umntu watya, kodwa intliziyo yentombazana yangena.
Kodwa	adlale	Kodwa wayengazi ukuba uza kubhala njani.	adlale wayengazi ukuba uza kubhala njani.
kwaye	Yayikwishalofi	Imoto yayibomvu kwaye icwebekile.	Imoto yayibomvu Yayikwishalofi icwebekile.
ezintle	elikhanyayo	Babona iintyatyambo ezininzi ezintle.	Babona iintyatyambo ezininzi elikhanyayo.
ngokuba	ombala	I-Lily ihleliwe kwaye yabizwa ngokuba yi-max.	I-Lily ihleliwe kwaye yabizwa ombala yi-max.
Babaleka	ekubhaka	Babaleka emva kwentaka.	ekubhaka emva kwentaka.
koko	iphiko	Kodwa emva koko, kwenzeka into engalindelekanga.	Kodwa emva iphiko, kwenzeka into engalindelekanga.
Wayifaka	ukubopha	Wayifaka umsila wakhe, wakhalela ubuso babo.	ukubopha umsila wakhe, wakhalela ubuso babo.
