input1	input2	input3	label
phezulu	Ibhabha	Ibhabha phezulu kwaye ijikeleze kwaye ijikeleze.	phezulu Ibhabha kwaye ijikeleze kwaye ijikeleze.
kwaye	inefestile	I-shed imnyama kwaye inefestile encinci.	I-shed imnyama inefestile kwaye encinci.
i-yummy	kwaye	Yayimnandi kwaye i-yummy.	Yayimnandi i-yummy kwaye.
kwaye	ngayo	UTim wacinga ngayo kwaye wanqwenela into entsha yokudlala.	UTim wacinga kwaye ngayo wanqwenela into entsha yokudlala.
imini	esibomvu	Ngenye imini uSarah wafumana isitshixo esibomvu.	Ngenye esibomvu uSarah wafumana isitshixo imini.
kwaye	ibug	Inyibiba ihletshelwa kwaye ibug ibaleka.	Inyibiba ihletshelwa ibug kwaye ibaleka.
eyomeleleyo	I-Tom	I-Tom encinci eyomeleleyo.	eyomeleleyo encinci I-Tom.
Ke	ukugquma	Ke ngoko, bakuva ukugquma okunene.	ukugquma ngoko, bakuva Ke okunene.
ngamaphepha	ebumnyameni	Bakhonkxiwe ebumnyameni ngamaphepha abo.	Bakhonkxiwe ngamaphepha ebumnyameni abo.
izilwanyana	fama	Kule fama, zazininzi izilwanyana.	Kule izilwanyana, zazininzi fama.
kwelinye	epholileyo	Ndifuna ukufumana into epholileyo kwelinye icala.	Ndifuna ukufumana into kwelinye epholileyo icala.
wathi	waya	Wabaleka waya kwinkwenkwe wathi uyaxolisa.	Wabaleka wathi kwinkwenkwe waya uyaxolisa.
ukunceda	UFluffy	UFluffy wayekuvuyela ukunceda.	ukunceda wayekuvuyela UFluffy.
Kwakukho	lokuzalwa	Kwakukho iqela lokuzalwa '	lokuzalwa iqela Kwakukho '
Inqaba	phantsi	Inqaba yawa phantsi ngengozi enkulu.	phantsi yawa Inqaba ngengozi enkulu.
yakhe	iambrela	Wayebuhlungu kakhulu kwaye efuna ukuhlangula iambrela yakhe.	Wayebuhlungu kakhulu kwaye efuna ukuhlangula yakhe iambrela.
kwaye	bonwabile	Babevuya kwaye bonwabile.	Babevuya bonwabile kwaye.
Wabona	yewayini	Wabona ibhotile yewayini.	yewayini ibhotile Wabona.
ezimbilini	ngezitena	Bakha izindlu, iinqaba, neenqaba ezimbilini ngezitena.	Bakha izindlu, iinqaba, neenqaba ngezitena ezimbilini.
kwaye	iyancuma	Indoda iyancuma kwaye ithi enkosi.	Indoda kwaye iyancuma ithi enkosi.
Babesoloko	benokonwaba	Babesoloko benokonwaba kunye.	benokonwaba Babesoloko kunye.
intaka	Ngenye	Ngenye imini, uloliwe wabona intaka encinci.	intaka imini, uloliwe wabona Ngenye encinci.
ukunceda	wayefuna	USam wayefuna ukunceda inyibiba.	USam ukunceda wayefuna inyibiba.
wavuya	kakhulu	U-Lucy wavuya kakhulu.	U-Lucy kakhulu wavuya.
iiapile	ukuthenga	Wayefuna ukuthenga iiapile zikamama wakhe.	Wayefuna iiapile ukuthenga zikamama wakhe.
Kanye	wayedlala	Kanye ngexesha, umama wayedlala idrum yakhe.	wayedlala ngexesha, umama Kanye idrum yakhe.
intaba	Inyoka	Inyoka yathabatha intaba.	intaba yathabatha Inyoka.
kumqulu	umbala	Usebenzise umbala oluhlaza okwesibhakabhaka kumqulu.	Usebenzise kumqulu oluhlaza okwesibhakabhaka umbala.
I-Tommy	ithandile	I-Tommy ithandile kakhulu emoyeni.	ithandile I-Tommy kakhulu emoyeni.
ukuwanga	Wavuya	Wavuya kakhulu kwaye wayefuna ukuwanga.	ukuwanga kakhulu kwaye wayefuna Wavuya.
wakhe	isimemo	Wayesandula ukufumana isimemo kumhlobo wakhe, uJoe.	Wayesandula ukufumana wakhe kumhlobo isimemo, uJoe.
ULila	noTom	ULila noTom bonwabile.	noTom ULila bonwabile.
kwindlu	olukhulu	Babenotyelelo olukhulu kwindlu kaMakhulu.	Babenotyelelo kwindlu olukhulu kaMakhulu.
koko	umoya	Emva koko, umoya wavuthelwa nzima.	Emva umoya, koko wavuthelwa nzima.
izilwanyana	kakhulu	Xa iithoyi zeza, izilwanyana zazinoyolo kakhulu.	Xa iithoyi zeza, kakhulu zazinoyolo izilwanyana.
bahleke	Bayabaleka	Bayabaleka, bagxuma, kwaye bahleke.	bahleke, bagxuma, kwaye Bayabaleka.
uphume	Wabona	Wabona umvundla omncinci uphume emngxunyeni.	uphume umvundla omncinci Wabona emngxunyeni.
kakuhle	kwaye	Iintaka zacula i-lullaby, kwaye ikati ilele kakuhle.	Iintaka zacula i-lullaby, kakuhle ikati ilele kwaye.
bachukumise	umhlaba	Baziva ngathi inqwelomoya kwaye bachukumise umhlaba.	Baziva ngathi inqwelomoya kwaye umhlaba bachukumise.
kwaye	bakhe	I-Lily ithathe isitshixo kwaye yabonisa abahlobo bakhe.	I-Lily ithathe isitshixo bakhe yabonisa abahlobo kwaye.
ngokukhawuleza	Yayibaleka	Yayibaleka ngokukhawuleza kakhulu.	ngokukhawuleza Yayibaleka kakhulu.
ayithandayo	yakhe	Imifuno yakhe ayithandayo yayiyinto yekherothi.	Imifuno ayithandayo yakhe yayiyinto yekherothi.
Wayefuna	ukuyithatha	Wayefuna ukuyithatha kubahlobo bakhe beembovane.	ukuyithatha Wayefuna kubahlobo bakhe beembovane.
yokudlala	ebomvu	I-max ethandwayo yokudlala ngebhola yakhe ebomvu.	I-max ethandwayo ebomvu ngebhola yakhe yokudlala.
indlela	kwaye	Ulahlekile kwaye akazange afumane indlela egodukayo.	Ulahlekile indlela akazange afumane kwaye egodukayo.
ziqhelekile	Unokufumanisa	Unokufumanisa ukuba ziqhelekile.	ziqhelekile ukuba Unokufumanisa.
Wayefuna	izinto	Wayefuna izinto ezintle.	izinto Wayefuna ezintle.
siye	Isitulo	Isitulo sinokunyuka siye ezantsi.	siye sinokunyuka Isitulo ezantsi.
I-CAT	kwaye	I-CAT ijonge kugqirha kwaye inyibilikisiwe.	kwaye ijonge kugqirha I-CAT inyibilikisiwe.
komlingo	UBob	UBob wakhangela ukunkcenkceshela komlingo.	komlingo wakhangela ukunkcenkceshela UBob.
wamanga	ebunzini	Utata wakhe wancuma wamanga ebunzini.	Utata wakhe wancuma ebunzini wamanga.
Yayimnandi	inamathele	Yayimnandi kwaye inamathele kwaye ilungile kwisonka.	inamathele kwaye Yayimnandi kwaye ilungile kwisonka.
neendlela	Imephu	Imephu ibonise iindawo ezininzi kunye neendlela kunye nemibala.	neendlela ibonise iindawo ezininzi kunye Imephu kunye nemibala.
Wayenendlela	kakhulu	Wayenendlela entle awayeyithanda kakhulu.	kakhulu entle awayeyithanda Wayenendlela.
ifumene	imini	Ngenye imini, iblowu ifumene ilitye elimnyama elimnyama.	Ngenye ifumene, iblowu imini ilitye elimnyama elimnyama.
ukutshintsha	UFluffy	UFluffy uqalile ukutshintsha umbala!	ukutshintsha uqalile UFluffy umbala!
Bobabini	bona	Bobabini babezifunwa bona bonke.	bona babezifunwa Bobabini bonke.
yinto	Ngaphakathi	Ngaphakathi kwetyala yinto ekhethekileyo.	yinto kwetyala Ngaphakathi ekhethekileyo.
umama	wakhe	Akazange ambone umama wakhe.	Akazange ambone wakhe umama.
umnyango	kukho	Emva kwengxondorha, kukho umnyango ofihlakeleyo.	Emva kwengxondorha, umnyango kukho ofihlakeleyo.
Bonke	bonwabile	Bonke babexakekile kwaye bonwabile.	bonwabile babexakekile kwaye Bonke.
bakhe	nabahlobo	I-bunny yamthanda ukudlala nabahlobo bakhe.	I-bunny yamthanda ukudlala bakhe nabahlobo.
kuBen	Wabaleka	Wabaleka waya kubo, wayikhangela ibhola kuBen.	kuBen waya kubo, wayikhangela ibhola Wabaleka.
inja	sizise	Isikwere sizise inja ukuba ihlangane nabahlobo bayo.	Isikwere inja sizise ukuba ihlangane nabahlobo bayo.
Inyibiba	kwaye	Inyibiba inyibilikisi kwaye ihlala kwintwasahlobo.	kwaye inyibilikisi Inyibiba ihlala kwintwasahlobo.
omfutshane	yayinomsila	Inja yayinomsila omfutshane.	Inja omfutshane yayinomsila.
wayisa	wakhe	Wayichola wayisa noMama wakhe.	Wayichola wakhe noMama wayisa.
Kodwa	ungayichukumisi	Kodwa ulumke ungayichukumisi.	ungayichukumisi ulumke Kodwa.
yayiphethe	Inkawu	Inkawu yayiphethe ibhanana.	yayiphethe Inkawu ibhanana.
xa	Ilanga	Ilanga liqaqambe isibhakabhaka xa ndandingena ekhaya.	xa liqaqambe isibhakabhaka Ilanga ndandingena ekhaya.
uloliwe	Wonke	Wonke umntu wehla uloliwe.	uloliwe umntu wehla Wonke.
weloli	wonwabe	Umqhubi weloli wonwabe kakhulu.	Umqhubi wonwabe weloli kakhulu.
kwaye	intaka	I-tiger ibilala, kwaye intaka iya kucula.	I-tiger ibilala, intaka kwaye iya kucula.
i-melon	Wabona	Wabona i-melon emhlabeni.	i-melon Wabona emhlabeni.
kakhulu	wayenomonde	UTim wayenomonde kakhulu.	UTim kakhulu wayenomonde.
egama	Wajonga	Wajonga ngeenxa zonke, wabona intombazana encinci egama linguLucy.	egama ngeenxa zonke, wabona intombazana encinci Wajonga linguLucy.
kunye	kwiintyatyambo	Uyathanda ukujonga kwiintyatyambo kunye neentaka.	Uyathanda ukujonga kunye kwiintyatyambo neentaka.
engalindelekanga	kwenzeka	Emva koko, kwenzeka into engalindelekanga.	Emva koko, engalindelekanga into kwenzeka.
nto	uyithande	Umthi omde awuzange uyithande le nto.	Umthi omde awuzange nto le uyithande.
wabelane	utsale	Kuya kufuneka utsale kwaye wabelane ngeethoyi zakho.	Kuya kufuneka wabelane kwaye utsale ngeethoyi zakho.
Emva	koko	Emva koko, kwenzeka into engalindelekanga.	koko Emva, kwenzeka into engalindelekanga.
ikhekhe	i-lucy	Ekhithi, i-lucy yabona ikhekhe enkulu, ekhanyayo.	Ekhithi, ikhekhe yabona i-lucy enkulu, ekhanyayo.
kakhulu	wavuya	UMia noMax wavuya kakhulu.	UMia noMax kakhulu wavuya.
bonwabile	kwaye	Baye bahleka kwaye bonwabile.	Baye bahleka bonwabile kwaye.
inkwenkwe	yokudlala	Wabona inkwenkwe enento yokudlala eyayinokudubula.	Wabona yokudlala enento inkwenkwe eyayinokudubula.
kwelokuba	Ngenye	Ngenye imini wagqiba kwelokuba ahlole intlambo.	kwelokuba imini wagqiba Ngenye ahlole intlambo.
okwesibhakabhaka	nebhola	Unokuba nebhola yakho eluhlaza okwesibhakabhaka.	Unokuba okwesibhakabhaka yakho eluhlaza nebhola.
notata	Umama	Umama notata babefuna ukuya kwihlathi.	notata Umama babefuna ukuya kwihlathi.
ukuba	UTim	UTim wayengazi ukuba yintoni ukubola.	ukuba wayengazi UTim yintoni ukubola.
Wenza	umngxunya	Wenza umngxunya kwibhola.	umngxunya Wenza kwibhola.
wancuma	ngeethoyi	USophie wancuma wabuyela emva kudlala ngeethoyi zakhe.	USophie ngeethoyi wabuyela emva kudlala wancuma zakhe.
Emva	engalindelekanga	Emva koko, kwenzeka into engalindelekanga.	engalindelekanga koko, kwenzeka into Emva.
Baba	ngabahlobo	Baba ngabahlobo abalungileyo kwaye badlala kunye yonke imihla.	ngabahlobo Baba abalungileyo kwaye badlala kunye yonke imihla.
iinyibiba	Ngenye	Ngenye imini, iinyibiba kunye nabahlobo bakhe babedlala ngaphandle.	iinyibiba imini, Ngenye kunye nabahlobo bakhe babedlala ngaphandle.
kwaye	babebonakala	Abanye babo babebonakala ngathi bangcolile kwaye bembi.	Abanye babo kwaye ngathi bangcolile babebonakala bembi.
iqalile	kumzabalazo	I-bug encinci iqalile kumzabalazo.	I-bug encinci kumzabalazo iqalile.
i-bunny	yakhe	Ibala kunye neRegs ziye zanceda ukuba i-bunny ifumane intombi yakhe.	Ibala kunye neRegs ziye zanceda ukuba yakhe ifumane intombi i-bunny.
Wonke	wayekuthande	Wonke umntu wayekuthande i-avocado snack.	wayekuthande umntu Wonke i-avocado snack.
utshintsho	Kwakumnandi	Kwakumnandi ukubukela utshintsho lwemilo.	utshintsho ukubukela Kwakumnandi lwemilo.
ivakale	kakuhle	Iyenza ukuba ivakale kakuhle.	Iyenza ukuba kakuhle ivakale.
kwindlu	U-Lucy	U-Lucy waya kwindlu kaTom yakhe.	kwindlu waya U-Lucy kaTom yakhe.
ngaphandle	UBen	UBen noLily babedlala ngaphandle ngebhola yabo.	ngaphandle noLily babedlala UBen ngebhola yabo.
UTom	bathabatha	UTom noSam bathabatha iphepha kunye neekhrayoni zabo.	bathabatha noSam UTom iphepha kunye neekhrayoni zabo.
bamangaliswa	no-Ben	ULila no-Ben bamangaliswa.	ULila bamangaliswa no-Ben.
UAnna	wagoduka	UAnna nekati yakhe wagoduka.	wagoduka nekati yakhe UAnna.
kwaye	lalinzima	Wazama kwaye wazama, kodwa iliwa lalinzima kakhulu.	Wazama lalinzima wazama, kodwa iliwa kwaye kakhulu.
ithande	ukunxiba	Inja ithande ukunxiba iimpahla eziqinileyo.	Inja ukunxiba ithande iimpahla eziqinileyo.
encinci	egama	Ngenye imini, intombazana encinci egama linguLily yayidlala ngaphandle.	Ngenye imini, intombazana egama encinci linguLily yayidlala ngaphandle.
kwaye	imini	I-kitty ithandwayo yokutya kwaye idlale imini yonke.	I-kitty ithandwayo yokutya imini idlale kwaye yonke.
encinci	ukunceda	Itanki ifuna ukunceda intaka encinci.	Itanki ifuna encinci intaka ukunceda.
kukho	injana	Kanye ngexesha kukho injana.	Kanye ngexesha injana kukho.
Babebomvu	kwaye	Babebomvu, luhlaza, kwaye tyheli.	kwaye, luhlaza, Babebomvu tyheli.
UBetty	yayimanzi	UBetty wayebuhlungu kuba indlwane yakhe yayimanzi.	yayimanzi wayebuhlungu kuba indlwane yakhe UBetty.
bahlala	emva	Kwaye bonke bahlala bonwabile emva.	Kwaye bonke emva bonwabile bahlala.
ngebhola	esitratweni	Wawela esitratweni ngebhola yabo.	Wawela ngebhola esitratweni yabo.
bacwangcise	bagqiba	Ngenye imini, bagqiba kwelokuba bacwangcise i-adventure ekhethekileyo.	Ngenye imini, bacwangcise kwelokuba bagqiba i-adventure ekhethekileyo.
intloko	Umlilo	Umlilo wanikina intloko.	intloko wanikina Umlilo.
intaka	Ufuna	Ufuna ukondla intaka.	intaka ukondla Ufuna.
kuxelela	ukuba	Emva koko baya kuxelela umama ukuba bawenziwe.	Emva koko baya ukuba umama kuxelela bawenziwe.
i-pipi	efuna	Uhambe uLily, efuna i-pipi.	Uhambe uLily, i-pipi efuna.
iziqhamo	emithini	Waya emithini, wathabatha iziqhamo.	Waya iziqhamo, wathabatha emithini.
Unokukhetha	oyithandayo	Unokukhetha i-shampoo yakho oyithandayo kunye netawuli.	oyithandayo i-shampoo yakho Unokukhetha kunye netawuli.
umsila	ngovuyo	I-Max yajika umsila wakhe kwaye yangena ngovuyo.	I-Max yajika ngovuyo wakhe kwaye yangena umsila.
Kodwa	into	Kodwa emva koko, kwenzeka into engalindelekanga.	into emva koko, kwenzeka Kodwa engalindelekanga.
ne-SAPT	boyika	I-Tim kunye ne-SAPT boyika.	I-Tim kunye boyika ne-SAPT.
kuye	ebhafini	Waphuma ebhafini, wabaleka waya kuye.	Waphuma kuye, wabaleka waya ebhafini.
yabo	ngendlu	Babenoyolo kwaye benekratshi ngendlu yabo.	Babenoyolo kwaye benekratshi yabo ngendlu.
Wayezonwabisa	nezinye	Wayezonwabisa kakhulu nezinye izikhephe.	nezinye kakhulu Wayezonwabisa izikhephe.
ukwenza	ikhaya	Wayefuna ukwenza ikhaya lakhe libukeke lihle.	Wayefuna ikhaya ukwenza lakhe libukeke lihle.
inja	Wabona	Wabona umhlobo omtsha, inja enkulu egama linguMax.	inja umhlobo omtsha, Wabona enkulu egama linguMax.
ukuya	lwakhe	Wayevuya ukuya kuhambo lwakhe.	Wayevuya lwakhe kuhambo ukuya.
into	koko	Emva koko, kwenzeka into engalindelekanga.	Emva into, kwenzeka koko engalindelekanga.
kwaye	Incinci	Incinci kwaye ithambile.	kwaye Incinci ithambile.
Wayevuya	kukubona	Wayevuya kukubona ukuba yintoni ebikhona.	kukubona Wayevuya ukuba yintoni ebikhona.
kakhulu	entle	Wayecinga ukuba yayiyinto entle kakhulu.	Wayecinga ukuba yayiyinto kakhulu entle.
Ugqibile	kwexesha	Ugqibile ngaphambi kwexesha.	kwexesha ngaphambi Ugqibile.
Umntwana	nenja	Umntwana kunye nenja idlala kunye.	nenja kunye Umntwana idlala kunye.
uDaisy	enkulu	Ngequbuliso, uDaisy waqaphela imfumba enkulu yodaka.	Ngequbuliso, enkulu waqaphela imfumba uDaisy yodaka.
kwaye	yabo	Bayigqiba isuphu yabo kwaye bacela okungakumbi.	Bayigqiba isuphu kwaye yabo bacela okungakumbi.
kakhulu	Kwakunzima	Kwakunzima kakhulu kwixesha kuba wayecotha.	kakhulu Kwakunzima kwixesha kuba wayecotha.
nasemhlabeni	Bajonga	Bajonga emithini nasemhlabeni.	nasemhlabeni emithini Bajonga.
ibe	kwaye	Uyakuthanda ukuyenza ukuba isondeze kwaye ibe yibhotile.	Uyakuthanda ukuyenza ukuba isondeze ibe kwaye yibhotile.
kakhulu	I-Lily	I-Lily yavuya kakhulu.	kakhulu yavuya I-Lily.
ukuba	Wayengazi	Wayengazi ukuba ikati inokuthetha.	ukuba Wayengazi ikati inokuthetha.
into	yabona	Ngenye imini, indawo yabona into yokudlala phantsi.	Ngenye imini, indawo into yabona yokudlala phantsi.
nge-strawberry	nabahlobo	Babelana nge-strawberry kunye nabahlobo babo.	Babelana nabahlobo kunye nge-strawberry babo.
uAmy	waphulukana	Ngenye imini, uAmy waphulukana nesokisi.	Ngenye imini, waphulukana uAmy nesokisi.
yabona	I-Lily	I-Lily yabona i-bib ye-teddy ye-teddy.	yabona I-Lily i-bib ye-teddy ye-teddy.
esibhakabhakeni	wenza	Umoya wenza ikiti bhabha esibhakabhakeni.	Umoya esibhakabhakeni ikiti bhabha wenza.
UTim	i-squirrel	UTim wabona i-squirrel kwaye incumile.	i-squirrel wabona UTim kwaye incumile.
ukutya	bonwabile	Intombazana yamnika ukutya kunye noBob bonwabile.	Intombazana yamnika bonwabile kunye noBob ukutya.
umntakwabo	nedayari	Ke, umntakwabo kaMia, uSam, ungene nedayari.	Ke, nedayari kaMia, uSam, ungene umntakwabo.
Njengoko	wayekhwele	Njengoko wayekhwele, wabona intaka emthini.	wayekhwele Njengoko, wabona intaka emthini.
yamangaliswa	UTim	UTim, umama wakhe, kwaye intaka yamangaliswa kakhulu.	yamangaliswa, umama wakhe, kwaye intaka UTim kakhulu.
enkulu	kwaye	Iyenza ingxolo enkulu kwaye ivutha.	Iyenza ingxolo kwaye enkulu ivutha.
bobabini	Kwaye	Kwaye bobabini babephumelele kuloo nto!	bobabini Kwaye babephumelele kuloo nto!
babemnandi	baba	Bonke babemnandi kwaye baba ngabahlobo.	Bonke baba kwaye babemnandi ngabahlobo.
olunye	ngaphakathi	Usuku olunye olunelanga, ibhasi mayibe ngaphakathi.	Usuku ngaphakathi olunelanga, ibhasi mayibe olunye.
ukuba	uTimoti	Intaka yaxelela uTimoti ukuba atyhalele umnyango kanzima.	Intaka yaxelela ukuba uTimoti atyhalele umnyango kanzima.
likaSam	Ke	Ke, baphanga kunye ukufumana ikhaya likaSam.	likaSam, baphanga kunye ukufumana ikhaya Ke.
isibane	ukubona	UTim wabizwa ngokuba ngumhlobo wakhe, sam, ukubona isibane.	UTim wabizwa ngokuba ngumhlobo wakhe, sam, isibane ukubona.
ikati	kakhulu	Bavuya kakhulu ukubona ikati yabo.	Bavuya ikati ukubona kakhulu yabo.
wajonga	kwaye	UTom wajonga inqaba yeSara kwaye waziva enomsindo.	UTom kwaye inqaba yeSara wajonga waziva enomsindo.
wayenomdla	kunye	Wonke umntu wayenomdla wokuzonwabisa kunye.	Wonke umntu kunye wokuzonwabisa wayenomdla.
Inja	yayingenabahlobo	Inja yayiyedwa kwaye yayingenabahlobo.	yayingenabahlobo yayiyedwa kwaye Inja.
banekratshi	kwaye	Bonwabile kwaye banekratshi.	Bonwabile banekratshi kwaye.
Ucinga	ukuba	Ucinga ukuba uneyona nto ilungileyo yehlabathi.	ukuba Ucinga uneyona nto ilungileyo yehlabathi.
epakini	ukudlala	Bayathanda ukudlala epakini.	Bayathanda epakini ukudlala.
yayine-yummy	I-Sue	I-Sue yayine-yummy iswipile ngesandla.	yayine-yummy I-Sue iswipile ngesandla.
bathande	Bonke	Bonke bathande ukuqaqamba kunye.	bathande Bonke ukuqaqamba kunye.
yonwabile	encinci	I-chick encinci yonwabile.	I-chick yonwabile encinci.
Ithayile	ukuhamba	Ithayile yaqala ukuhamba!	ukuhamba yaqala Ithayile!
ijonge	ngaphandle	I-CAT ijonge ngaphandle kwendlu.	I-CAT ngaphandle ijonge kwendlu.
waqalisa	Wayenxaniwe	Wayenxaniwe kakhulu kwaye waqalisa ukusela amanzi.	waqalisa kakhulu kwaye Wayenxaniwe ukusela amanzi.
iingxowa	ababephethe	UMia ubamba iingxowa ababephethe.	UMia ubamba ababephethe iingxowa.
ukuba	ngasemva	Wayefuna ukwazi ukuba yintoni ebangela ngasemva emnyango.	Wayefuna ukwazi ngasemva yintoni ebangela ukuba emnyango.
obaleka	Wabona	Wabona umhle kakhulu, umntwana omncinci obaleka kuye.	obaleka umhle kakhulu, umntwana omncinci Wabona kuye.
zakho	izihlobo	Mamela izihlobo zakho xa zilumkisa.	Mamela zakho izihlobo xa zilumkisa.
UTim	izandla	UTim noMama bakhe bahleka kwaye baqhwaba izandla zabo.	izandla noMama bakhe bahleka kwaye baqhwaba UTim zabo.
Wayefuna	ngumphathi	Wayefuna ukuba ngumphathi.	ngumphathi ukuba Wayefuna.
wakhe	umhlobo	IKitty yavuya kuba ingamnceda umhlobo wakhe omtsha.	IKitty yavuya kuba ingamnceda wakhe umhlobo omtsha.
inexhala	yonke	I-kitty yayiyi-CAT eyoyikisayo ehlala inexhala ngayo yonke into.	I-kitty yayiyi-CAT eyoyikisayo ehlala yonke ngayo inexhala into.
UFluffy	wayefuna	UFluffy wayefuna ukudlala ngentaka.	wayefuna UFluffy ukudlala ngentaka.
kwenzeka	into	Kodwa emva koko, kwenzeka into engalindelekanga!	Kodwa emva koko, into kwenzeka engalindelekanga!
ukuba	i-lily	Wacela i-lily ukuba angaboleka iwele lakhe.	Wacela ukuba i-lily angaboleka iwele lakhe.
umthi	Inja	Inja enkulu yanikina umthi.	umthi enkulu yanikina Inja.
ifuna	Ikati	Ikati encinci ifuna ukudlala nge-oveni.	ifuna encinci Ikati ukudlala nge-oveni.
Wayefuna	ukuyibona	Wayefuna ukuyibona ngcono.	ukuyibona Wayefuna ngcono.
ne-tom	yabona	Epakini, i-lily kunye ne-tom yabona umthi omkhulu.	Epakini, i-lily kunye yabona ne-tom umthi omkhulu.
ngaphandle	yakhe	Ngenye imini, ngelixa udlala ngaphandle, waphulukana nekepusi yakhe.	Ngenye imini, ngelixa udlala yakhe, waphulukana nekepusi ngaphandle.
yentsimbi	Wayecinga	Wayecinga ukuba ingamnceda kukhala i-fancy yentsimbi.	yentsimbi ukuba ingamnceda kukhala i-fancy Wayecinga.
Ngenye	intaka	Ngenye imini, intaka encinci yeza kwinqaba.	intaka imini, Ngenye encinci yeza kwinqaba.
Kodwa	koko	Kodwa emva koko, kwenzeka into engalindelekanga.	koko emva Kodwa, kwenzeka into engalindelekanga.
yayisesibhakabhakeni	yeorenji	Ngenye imini, i-fib enkulu yeorenji yayisesibhakabhakeni.	Ngenye imini, i-fib enkulu yayisesibhakabhakeni yeorenji.
Babambe	zikamama	Babambe izandla zikamama.	zikamama izandla Babambe.
ikati	igxothiwe	Inja igxothiwe ikati.	Inja ikati igxothiwe.
ngaphandle	Wajonga	Wajonga ngaphandle wabona inja yabo, uMax.	ngaphandle Wajonga wabona inja yabo, uMax.
kumdaka	ukumba	Inja emdaka ithanda ukumba kumdaka.	Inja emdaka ithanda kumdaka ukumba.
Isepha	amaninzi	Isepha senze amaqamza amaninzi.	amaninzi senze amaqamza Isepha.
USara	babedlala	USara noBen babedlala epakini.	babedlala noBen USara epakini.
kwaye	Wagqobhoza	Wagqobhoza iKitty ekhutshiwe kwaye evukelwe kude.	kwaye iKitty ekhutshiwe Wagqobhoza evukelwe kude.
kufutshane	nolwandle	Ifumene iqokobhe elikhulu kufutshane nolwandle.	Ifumene iqokobhe elikhulu nolwandle kufutshane.
kwaye	isaphetha	Uthathe isaphetha kwaye wenza ngathi iintolo.	Uthathe kwaye isaphetha wenza ngathi iintolo.
echibini	Wayekuthanda	Wayekuthanda ukudlala echibini.	echibini ukudlala Wayekuthanda.
Wabaleka	waya	Wabaleka waya kuye, wamkela.	waya Wabaleka kuye, wamkela.
bazikhawuleze	Babemncinci	Babemncinci kwaye bazikhawuleze kwaye benemilenze emininzi.	bazikhawuleze kwaye Babemncinci kwaye benemilenze emininzi.
elikhulu	Yayililitye	Yayililitye elikhulu, eliqaqambileyo.	elikhulu Yayililitye, eliqaqambileyo.
enkulu	yeencwadi	Nje ukuba, kukho ishelf enkulu yeencwadi.	Nje ukuba, kukho ishelf yeencwadi enkulu.
babediniwe	badanisa	Bahleka badanisa de babediniwe.	Bahleka babediniwe de badanisa.
yafunda	ILevord	ILevord yafunda isifundo esibalulekileyo ngaloo mhla.	yafunda ILevord isifundo esibalulekileyo ngaloo mhla.
okusika	bangamaphepha	Ucinga ukuba bangamaphepha okusika.	Ucinga ukuba okusika bangamaphepha.
wagxotha	isithuthuthu	Ufumene isithuthuthu sakhe kwaye wagxotha.	Ufumene wagxotha sakhe kwaye isithuthuthu.
babedlala	imini	Ngenye imini, ikati kunye nenja babedlala.	Ngenye babedlala, ikati kunye nenja imini.
iLisa	icele	Ibala icele iLisa.	Ibala iLisa icele.
bobabini	Ufuna	Ufuna ukubabukela bobabini.	bobabini ukubabukela Ufuna.
Kunokuba	kakhulu	Kunokuba yingozi kakhulu.	kakhulu yingozi Kunokuba.
ziziqwenga	ibe	Tilly uthathe isigqibo sokuyinxalenye ye-napkin ibe ziziqwenga ezibini.	Tilly uthathe isigqibo sokuyinxalenye ye-napkin ziziqwenga ibe ezibini.
wayefuna	ukumnceda	UTom wayefuna ukumnceda.	UTom ukumnceda wayefuna.
kwaye	YayinguYummy	YayinguYummy kwaye ethambile.	kwaye YayinguYummy ethambile.
ukuziva	yaqala	Njengoko baqhuba, i-beep yaqala ukuziva ndidiniwe.	Njengoko baqhuba, i-beep ukuziva yaqala ndidiniwe.
eludakeni	yokudlala	I-max ethandwayo yokudlala eludakeni.	I-max ethandwayo eludakeni yokudlala.
ngaphandle	waza	Umama wakhe wangena ngaphandle waza wamnika.	Umama wakhe wangena waza ngaphandle wamnika.
kwiveranda	Babona	Babona intaka kwiveranda.	kwiveranda intaka Babona.
Wayenethemba	lokugcina	Wayenethemba lokugcina uSally.	lokugcina Wayenethemba uSally.
intaka	Beza	Beza kunceda intaka.	intaka kunceda Beza.
USally	kwaye	USally wavula imvulophu kwaye wafumana into yokudlala yomlingo.	kwaye wavula imvulophu USally wafumana into yokudlala yomlingo.
ne-goodbye	Wenza	Wenza i-jug ithi molo kunye ne-goodbye.	ne-goodbye i-jug ithi molo kunye Wenza.
kwangoko	ukubamba	Wayefuna ukubamba kwangoko.	Wayefuna kwangoko ukubamba.
kusasa	ukucula	UTim wayekuthanda ukucula iingoma ezivakalayo rhoqo kusasa.	UTim wayekuthanda kusasa iingoma ezivakalayo rhoqo ukucula.
kwabakho	isihlandlo	Ngesinye isihlandlo, kwabakho intaba-mlilo encinci.	Ngesinye kwabakho, isihlandlo intaba-mlilo encinci.
nomngxunya	kufutshane	Babeka kufutshane nomngxunya.	Babeka nomngxunya kufutshane.
Bajonge	ehlathini	Bajonge nje ehlathini.	ehlathini nje Bajonge.
sasiluhlaza	Ilanga	Ilanga lalikhanya, kwaye isibhakabhaka sasiluhlaza.	sasiluhlaza lalikhanya, kwaye isibhakabhaka Ilanga.
ngoko	Ke	Ke ngoko wasiva isandi esikhulu.	ngoko Ke wasiva isandi esikhulu.
ngeethoyi	wayenesithukuthezi	U-Lucy wayenesithukuthezi kakhulu ngeethoyi zakhe.	U-Lucy ngeethoyi kakhulu wayenesithukuthezi zakhe.
kubo	ukuthenga	Umama ufuna ukuthenga iisokisi kubo.	Umama ufuna kubo iisokisi ukuthenga.
Uthathe	ibhanti	Uthathe ibhanti kwaye wasungula ubisi kunye nalo.	ibhanti Uthathe kwaye wasungula ubisi kunye nalo.
kodwa	UTim	UTim wayefuna ukuyifumana, kodwa wayesoyika kakhulu.	kodwa wayefuna ukuyifumana, UTim wayesoyika kakhulu.
kuba	uMama	Babevuya kuba uMama wayethenge ezinye iintyatyambo ezingakumbi.	Babevuya uMama kuba wayethenge ezinye iintyatyambo ezingakumbi.
enguMark	inkwenkwe	Ngethuba elithile, bekukho inkwenkwe enguMark.	Ngethuba elithile, bekukho enguMark inkwenkwe.
kwaye	yaqhekeza	Yawa phantsi kwaye yaqhekeza iziqwenga ezininzi.	Yawa phantsi yaqhekeza kwaye iziqwenga ezininzi.
into	ukwazi	Wayefuna ukwazi yonke into ngoku.	Wayefuna into yonke ukwazi ngoku.
wayesepakini	Akukho	Akukho mntu wayesepakini.	wayesepakini mntu Akukho.
ngedrafti	U-Lisa	U-Lisa kunye noTim bakuvuyela ukufunda ngedrafti.	ngedrafti kunye noTim bakuvuyela ukufunda U-Lisa.
efana	kunye	Intlanzi efana nokudlala kunye ne-subrurmarine.	Intlanzi kunye nokudlala efana ne-subrurmarine.
ukuba	akayazi	Wayengacingi ukuba akayazi.	Wayengacingi akayazi ukuba.
phantsi	Wakhwela	Wakhwela izinyuko kwaye wajonga phantsi.	phantsi izinyuko kwaye wajonga Wakhwela.
kwaye	Intombazana	Intombazana yayilambile kwaye yayifuna iapile.	kwaye yayilambile Intombazana yayifuna iapile.
amathambo	Kodwa	Kodwa andidli amathambo.	amathambo andidli Kodwa.
ukubukela	Iblue	Iblue ithandwa ukubukela iintyatyambo zivulekile.	ukubukela ithandwa Iblue iintyatyambo zivulekile.
umntu	kakhulu	Wayevuya kakhulu kwaye wonke umntu wothukile.	Wayevuya umntu kwaye wonke kakhulu wothukile.
into	engalindelekanga	Kodwa emva koko, kwenzeka into engalindelekanga.	Kodwa emva koko, kwenzeka engalindelekanga into.
Ngoku	enemibala	Ngoku, imoto enemibala ilungele.	enemibala, imoto Ngoku ilungele.
Ngenye	yahambahamba	Ngenye imini, inja encinci entle yahambahamba.	yahambahamba imini, inja encinci entle Ngenye.
nosapho	omkhulu	UTimmy wayehlala kumthi omkhulu nosapho lwakhe.	UTimmy wayehlala kumthi nosapho omkhulu lwakhe.
ungabi	nomsindo	Ndicela ungabi nomsindo.	Ndicela nomsindo ungabi.
UTina	ugqatso	UTina uphumelele ugqatso!	ugqatso uphumelele UTina!
namhlanje	uvuyo	Ndiyavuya Undincedile namhlanje, uvuyo.	Ndiyavuya Undincedile uvuyo, namhlanje.
negloves	Yonke	Yonke indawo uJack wabhala imifanekiso kunye negloves.	negloves indawo uJack wabhala imifanekiso kunye Yonke.
Ikati	enkulu	Ikati enkulu yavuma.	enkulu Ikati yavuma.
wadlalwa	nge-sue	U-Tim wadlalwa nge-sue kwaye waqinisekisa ukuba wonwabile.	U-Tim nge-sue wadlalwa kwaye waqinisekisa ukuba wonwabile.
iyokufumana	Ibaleke	Ibaleke iyokufumana umntu omtsha.	iyokufumana Ibaleke umntu omtsha.
kodwa	indlela	Bazama ukufumana indlela yabo ngaphandle kodwa bengakwazanga.	Bazama ukufumana kodwa yabo ngaphandle indlela bengakwazanga.
iqanda	bafuna	Bonke bafuna ibhaso, iqanda elikhulu.	Bonke iqanda ibhaso, bafuna elikhulu.
zabo	kwiyadi	Bathanda ukudlala ngeethoyi zabo kwiyadi.	Bathanda ukudlala ngeethoyi kwiyadi zabo.
Bayalibala	malunga	Bayalibala malunga ne-bug.	malunga Bayalibala ne-bug.
uMax	imini	Ngenye imini, uMax wayedlala epakini.	Ngenye uMax, imini wayedlala epakini.
kufutshane	bafika	Abahlobo abaninzi bafika kufutshane netafile mihla le.	Abahlobo abaninzi kufutshane bafika netafile mihla le.
induli	I-Lily	I-Lily kunye ne-daisy inyuka induli kunye.	induli kunye ne-daisy inyuka I-Lily kunye.
kumanzi	Ibhola	Ibhola kumanzi anzongonzongo.	kumanzi Ibhola anzongonzongo.
kukho	i-rat	Ixesha elinye, kukho i-rat.	Ixesha elinye, i-rat kukho.
bayivula	bhokisi	Ke, bayivula le bhokisi kunye.	Ke, bhokisi le bayivula kunye.
yonke	kuyo	Kwakukho i-ice cream kuyo yonke imibala kunye neencasa.	Kwakukho i-ice cream yonke kuyo imibala kunye neencasa.
encinci	kwaye	Intaka encinci yayidiniwe kwaye ifuna ukuphumla.	Intaka kwaye yayidiniwe encinci ifuna ukuphumla.
wayesazi	ilungile	Kodwa wayesazi ukuba i-max ilungile.	Kodwa ilungile ukuba i-max wayesazi.
ukuyeka	Inyosi	Inyosi ayifuni ukuyeka.	ukuyeka ayifuni Inyosi.
kunye	iapile	Umama wakhe wamnika iapile kunye nebhanana.	Umama wakhe wamnika kunye iapile nebhanana.
Njengoko	ezintle	Njengoko babehamba, babona iintyatyambo ezintle kunye nemithi emikhulu.	ezintle babehamba, babona iintyatyambo Njengoko kunye nemithi emikhulu.
Iqela	kunangaphambili	Iqela lalimnandi ngakumbi kunangaphambili.	kunangaphambili lalimnandi ngakumbi Iqela.
ngetosi	Babevuya	Babevuya kakhulu ngetosi yabo entsha.	ngetosi kakhulu Babevuya yabo entsha.
Xa	phezulu	Xa bafika phezulu, babona into engalindelekanga.	phezulu bafika Xa, babona into engalindelekanga.
ukuba	woyike	Akayifuni iruby ukuba ibe lusizi okanye woyike.	Akayifuni iruby woyike ibe lusizi okanye ukuba.
Ke	bafika	Ke, ngequbuliso, bafika elunxwemeni.	bafika, ngequbuliso, Ke elunxwemeni.
Ngekhe	sitshabalale	Ngekhe sitshabalale kuwe.	sitshabalale Ngekhe kuwe.
ukubona	eliqaqambileyo	Wayefuna ukubona ilanga elikhulu, eliqaqambileyo lisondele.	Wayefuna eliqaqambileyo ilanga elikhulu, ukubona lisondele.
esinzima	wabamba	Umama wabamba isiphatho esinzima kwaye ujijekile.	Umama esinzima isiphatho wabamba kwaye ujijekile.
kwaye	endlwini	Baphosa ibhola yabo yekhephu kwaye babuyela endlwini.	Baphosa ibhola yabo yekhephu endlwini babuyela kwaye.
Ke	namanzi	Ke, wakunika ukutya namanzi.	namanzi, wakunika ukutya Ke.
ufike	nge-lollipop	Xa uSue ufike ekhaya, wafumana uMax nge-lollipop.	Xa uSue nge-lollipop ekhaya, wafumana uMax ufike.
Inja	itsiba	Inja itsiba kuyo.	itsiba Inja kuyo.
ukukhwela	esinkini	Inja ithe yangena esinkini ukukhwela.	Inja ithe yangena ukukhwela esinkini.
isidlo	sangokuhlwa	Wayengafuni ukubatya isidlo sangokuhlwa.	Wayengafuni ukubatya sangokuhlwa isidlo.
enkulu	kwabakho	Ngesinye isihlandlo, kwabakho ibhere enkulu.	Ngesinye isihlandlo, enkulu ibhere kwabakho.
wakhe	umama	Ukufika kwakhe, umama wakhe wayigcama.	Ukufika kwakhe, wakhe umama wayigcama.
uAna	wayengaqhelekanga	Bacinga ukuba uAna wayengaqhelekanga kwaye ephambene.	Bacinga ukuba wayengaqhelekanga uAna kwaye ephambene.
kunye	Babenokonwaba	Babenokonwaba kakhulu kunye.	kunye kakhulu Babenokonwaba.
yaqala	Ibhodi	Ibhodi emnyama yaqala ukuthetha!	yaqala emnyama Ibhodi ukuthetha!
unomdla	UAnna	UAnna unomdla kakhulu, kwaye kunjalo nawe.	unomdla UAnna kakhulu, kwaye kunjalo nawe.
U-Liz	wayehlala	U-Liz wayehlala kumthi omkhulu.	wayehlala U-Liz kumthi omkhulu.
Kodwa	emva	Kodwa emva koko inyibiba ive inyibiba yempumlo yakhe.	emva Kodwa koko inyibiba ive inyibiba yempumlo yakhe.
Uye	waguqa	Uye waguqa ibhere yakhe.	waguqa Uye ibhere yakhe.
kakhulu	kuwe	I-meze yayinkulu kakhulu kuwe.	I-meze yayinkulu kuwe kakhulu.
UAna	noBhen	UAna noBhen wathi, bonwabile.	noBhen UAna wathi, bonwabile.
kunye	ibhotile	Bayisusa ibhotile kunye neengubo.	Bayisusa kunye ibhotile neengubo.
Wayekuthanda	ukudlala	Wayekuthanda ukudlala ngaphandle, nokuba imeko yemozulu.	ukudlala Wayekuthanda ngaphandle, nokuba imeko yemozulu.
yayiyonwaba	indiza	Yayinomhlobo, kwaye indiza yayiyonwaba.	Yayinomhlobo, kwaye yayiyonwaba indiza.
ukufundisa	elitsha	Ngenye imini, ixesha lalifuna ukufundisa i-max iqhinga elitsha.	Ngenye imini, ixesha lalifuna elitsha i-max iqhinga ukufundisa.
kunye	Inja	Inja yavuma, kwaye badlala kunye ngovuyo.	kunye yavuma, kwaye badlala Inja ngovuyo.
I-Lily	noTom	I-Lily kunye noTom bonwabile.	noTom kunye I-Lily bonwabile.
Ke	ibhola	Ke, i-sue ikhuphe ibhola ukuze idlale nayo.	ibhola, i-sue ikhuphe Ke ukuze idlale nayo.
Bayathanda	ukudlala	Bayathanda ukudlala epakini.	ukudlala Bayathanda epakini.
kubahlobo	amaqhinga	UTom wayekuthanda ukudlala amaqhinga kubahlobo bakhe.	UTom wayekuthanda ukudlala kubahlobo amaqhinga bakhe.
kakhulu	kwaye	Babemoyika kakhulu kwaye bengazi ukuba benze ntoni.	Babemoyika kwaye kakhulu bengazi ukuba benze ntoni.
kwaye	Yayipinki	Yayipinki, iorenji, kwaye ibomvu.	kwaye, iorenji, Yayipinki ibomvu.
uyathanda	UBob	UBob uyathanda ukubhabha phezulu esibhakabhakeni.	uyathanda UBob ukubhabha phezulu esibhakabhakeni.
intombazana	encinci	UTom wacela intombazana encinci.	UTom wacela encinci intombazana.
iimpahla	ezintle	Wayekuthanda ukunxiba iimpahla ezintle.	Wayekuthanda ukunxiba ezintle iimpahla.
Kwaye	eyazi	Kwaye umama wakhe wayesoloko eyazi ukuba kuthetha ntoni.	eyazi umama wakhe wayesoloko Kwaye ukuba kuthetha ntoni.
Akazithandi	ngomlomo	Akazithandi iibhloko ngomlomo kaBen.	ngomlomo iibhloko Akazithandi kaBen.
lajongeka	kwaye	Inenekazi lajongeka lusizi kwaye lililolo.	Inenekazi kwaye lusizi lajongeka lililolo.
banoyolo	kakhulu	Bobabini banoyolo kakhulu.	Bobabini kakhulu banoyolo.
wonwabile	waziva	UTim waziva unethamsanqa kwaye wonwabile.	UTim wonwabile unethamsanqa kwaye waziva.
yajonga	ukuncuma	Intombazana yajonga kuye yaqala ukuncuma.	Intombazana ukuncuma kuye yaqala yajonga.
Isityalo	kwaye	Isityalo esincinci se-tomato saziva sonwabile kwaye saqala ukuqhuma.	kwaye esincinci se-tomato saziva sonwabile Isityalo saqala ukuqhuma.
Ikati	ibiyoyika	Ikati ibiyoyika kwaye yedwa.	ibiyoyika Ikati kwaye yedwa.
ilitye	Wabona	Wabona ilitye elirhabaxa emhlabeni.	ilitye Wabona elirhabaxa emhlabeni.
kwaye	kwisitya	Bazibeka kwisitya esikhulu kwaye bazikhukhumalayo.	Bazibeka kwaye esikhulu kwisitya bazikhukhumalayo.
Wayenxibe	yokuhlala	Wayenxibe idyasi enkulu yokuhlala efudumele.	yokuhlala idyasi enkulu Wayenxibe efudumele.
kuba	Utata	Utata wavuya kuba wayenombono ocingayo.	kuba wavuya Utata wayenombono ocingayo.
kwaye	isigcina-ntloko	Wavuya kakhulu kwaye wafumana isigcina-ntloko.	Wavuya kakhulu isigcina-ntloko wafumana kwaye.
Weva	enkulu	Weva ingxolo enkulu ngaphandle.	enkulu ingxolo Weva ngaphandle.
lazisola	Inenekazi	Inenekazi lazisola ngoBen.	lazisola Inenekazi ngoBen.
aluhlaza	ethambileyo	Wabona amanzi aluhlaza kunye nesanti ethambileyo.	Wabona amanzi ethambileyo kunye nesanti aluhlaza.
i-tim	ifake	I-Spot ifake ithambo kwaye lazise i-tim.	I-Spot i-tim ithambo kwaye lazise ifake.
ke	sajika	Kodwa ke, isibhakabhaka sajika simnyama.	Kodwa sajika, isibhakabhaka ke simnyama.
kunye	ukudlala	Bathanda ukudlala kunye emanzini.	Bathanda kunye ukudlala emanzini.
kwaye	cuddle	Umnumzana cuddle wancuma kwaye wancuma.	Umnumzana kwaye wancuma cuddle wancuma.
yabo	nge-adventure	Babaxelela nge-adventure yabo.	Babaxelela yabo nge-adventure.
into	kwenzeka	Emva koko, kwenzeka into engalindelekanga.	Emva koko, into kwenzeka engalindelekanga.
UTim	wayene-toy	UTim wayene-toy cat awayeyithanda kakhulu.	wayene-toy UTim cat awayeyithanda kakhulu.
Badlale	imini	Badlale ngethoyi yonke imini yonke.	imini ngethoyi yonke Badlale yonke.
Ikati	ingaphindi	Ikati yayingeyonto ingaphindi.	ingaphindi yayingeyonto Ikati.
kwaye	Kodwa	Kodwa kwakubanda kwaye kunomoya.	kwaye kwakubanda Kodwa kunomoya.
ngoonodoli	neemoto	Bayathanda ukudlala ngoonodoli kunye neemoto.	Bayathanda ukudlala neemoto kunye ngoonodoli.
noMax	bonwabile	UTom noMax bonwabile!	UTom bonwabile noMax!
kwaye	bekhuselekile	Babenoyolo kwaye bekhuselekile.	Babenoyolo bekhuselekile kwaye.
yayithandwa	Ibhabhathane	Ibhabhathane yayithandwa kakhulu.	yayithandwa Ibhabhathane kakhulu.
wakhe	sikamama	UTim wayefuna ukuthenga isipho sikamama wakhe.	UTim wayefuna ukuthenga isipho wakhe sikamama.
ngesipho	Wayefuna	Wayefuna ukummangalela ngesipho.	ngesipho ukummangalela Wayefuna.
wamangaliswa	kakhulu	UTim wamangaliswa kakhulu.	UTim kakhulu wamangaliswa.
linguSue	egama	Babona intombazana encinci egama linguSue.	Babona intombazana encinci linguSue egama.
Bafumana	obekiweyo	Bafumana umnqwazi obekiweyo.	obekiweyo umnqwazi Bafumana.
yayijongeka	I-squirrel	I-squirrel yayijongeka lusizi.	yayijongeka I-squirrel lusizi.
nje	abalungileyo	Bafuna nje ukuba ngabahlobo abalungileyo.	Bafuna abalungileyo ukuba ngabahlobo nje.
ngabahlobo	Baba	Baba ngabahlobo abalungileyo.	ngabahlobo Baba abalungileyo.
basebenze	kwaye	Banqumama umdlalo wabo kwaye basebenze ekhitshini.	Banqumama umdlalo wabo basebenze kwaye ekhitshini.
bakhe	nabahlobo	Umvundla kunye nabahlobo bakhe bonwabile.	Umvundla kunye bakhe nabahlobo bonwabile.
badlala	kwaye	Besonwabile, kwaye badlala imini yonke.	Besonwabile, badlala kwaye imini yonke.
kwaye	watsibela	UBob watsibela kwaye wawufumana.	UBob kwaye watsibela wawufumana.
Ngenye	inqwelomoya	Ngenye imini, inqwelomoya encinci yayibhabha esibhakabhakeni.	inqwelomoya imini, Ngenye encinci yayibhabha esibhakabhakeni.
imoto	lakhe	Wazisa icebo lakhe elithandayo, imoto eyimodeli.	Wazisa icebo imoto elithandayo, lakhe eyimodeli.
ngomlomo	wayo	I-Swean ityhile ibhola ngomlomo wayo.	I-Swean ityhile ibhola wayo ngomlomo.
ukulinda	sangokuhlwa	Wayengakwazi ukulinda isidlo sangokuhlwa.	Wayengakwazi sangokuhlwa isidlo ukulinda.
kwaye	i-Bite	Bathatha i-Bite kwaye kwenzeka into engalindelekanga.	Bathatha kwaye i-Bite kwenzeka into engalindelekanga.
Ngenye	indlovu	Ngenye imini, indlovu yafumana umnqwazi oqinileyo.	indlovu imini, Ngenye yafumana umnqwazi oqinileyo.
yayinobunzima	layo	Intaka yayinobunzima kwiphiko layo.	Intaka layo kwiphiko yayinobunzima.
esi	sidalwa	Wayengazange asibone esi sidalwa esingaziwayo ngaphambili.	Wayengazange asibone sidalwa esi esingaziwayo ngaphambili.
Iqanda	laqhekeka	Iqanda laqhekeka emhlabeni.	laqhekeka Iqanda emhlabeni.
nenja	yayilusizi	Ikati kunye nenja yayilusizi.	Ikati kunye yayilusizi nenja.
kokudlala	noSue	Emva kokudlala, uTom noSue babediniwe.	Emva noSue, uTom kokudlala babediniwe.
esemlonyeni	ukuqhekeza	Ingcambu enkulu esemlonyeni iqalile ukuqhekeza.	Ingcambu enkulu ukuqhekeza iqalile esemlonyeni.
njenge-oyile	Kwaye	Kwaye sinokusebenzisa iibhokisi zejusi njenge-oyile.	njenge-oyile sinokusebenzisa iibhokisi zejusi Kwaye.
Umvundla	ubonakala	Umvundla ubonakala wonwabile kakhulu.	ubonakala Umvundla wonwabile kakhulu.
egumbini	kakhulu	Uye wadlala kakhulu kwaye wadanisa egumbini lakhe.	Uye wadlala egumbini kwaye wadanisa kakhulu lakhe.
akavuthanga	Umama	Umama akavuthanga kwakhona.	akavuthanga Umama kwakhona.
ekugqibeleni	UBobby	UBobby waqhubeka nokudlala kwaye ekugqibeleni ulibale ngayo.	ekugqibeleni waqhubeka nokudlala kwaye UBobby ulibale ngayo.
imihla	kufutshane	Badlale kunye kufutshane nechibi yonke imihla.	Badlale kunye imihla nechibi yonke kufutshane.
Ngequbuliso	ilizwi	Ngequbuliso, weva ilizwi.	ilizwi, weva Ngequbuliso.
entsha	egama	Ngenye imini, inkwenkwana egama linguTim yafumana ibhayisekile entsha.	Ngenye imini, inkwenkwana entsha linguTim yafumana ibhayisekile egama.
lakhe	igama	Wazama ukumbonisa indlela yokubhalela igama lakhe.	Wazama ukumbonisa indlela yokubhalela lakhe igama.
emthini	ekhayeni	USam wayithatha i-acorn ekhayeni lakhe emthini.	USam wayithatha i-acorn emthini lakhe ekhayeni.
enomsindo	uziva	UMia uziva enomsindo.	UMia enomsindo uziva.
Kodwa	kudala	Kodwa yayisele kudala.	kudala yayisele Kodwa.
ukubonisa	kubahlobo	Wayefuna ukubonisa i-bug kubahlobo bakhe.	Wayefuna kubahlobo i-bug ukubonisa bakhe.
Ben	banikina	Ben no-Lily banikina i-cell.	banikina no-Lily Ben i-cell.
Wayethanda	ukudlala	Wayethanda ukudlala ngoonodoli.	ukudlala Wayethanda ngoonodoli.
kubona	Umama	Umama ubave kwaye weza kubona ukuba yintoni ingxaki.	kubona ubave kwaye weza Umama ukuba yintoni ingxaki.
Yayiyindawo	enkulu	Yayiyindawo enkulu ebomvu!	enkulu Yayiyindawo ebomvu!
Ke	nentaba-mlilo	Ke, intaka kunye nentaba-mlilo idlale kunye.	nentaba-mlilo, intaka kunye Ke idlale kunye.
ifuna	I-Froggy	I-Froggy ifuna ukunceda umhlobo wakhe.	ifuna I-Froggy ukunceda umhlobo wakhe.
Bahlala	elikhulu	Bahlala bonwabile kwihlathi elikhulu.	elikhulu bonwabile kwihlathi Bahlala.
ukuba	wayesazi	ULeo woyika, kodwa wayesazi ukuba ufuna uncedo.	ULeo woyika, kodwa ukuba wayesazi ufuna uncedo.
Kodwa	kakhulu	Kodwa uTom wayenengxolo kakhulu.	kakhulu uTom wayenengxolo Kodwa.
iziqwenga	emanzini	Baphosa iziqwenga emanzini.	Baphosa emanzini iziqwenga.
intombazana	Babuza	Babuza intombazana eyayibukele.	intombazana Babuza eyayibukele.
egqibile	sele	Xa sele egqibile, uMama wakhuthaza yonke into kunye ngokukhawuleza.	Xa egqibile sele, uMama wakhuthaza yonke into kunye ngokukhawuleza.
kwaye	abahlobo	I-Lily iqalile ukudanisa, kwaye abahlobo bakhe babukela.	I-Lily iqalile ukudanisa, abahlobo kwaye bakhe babukela.
i-cage	kunye	Basebenze kunye ukuvula i-cage.	Basebenze i-cage ukuvula kunye.
entsha	indawo	Wayefuna ukubona indawo entsha.	Wayefuna ukubona entsha indawo.
kwaye	sonwabile	Isinambuzane sonwabile kwaye siyithembe intaka.	Isinambuzane kwaye sonwabile siyithembe intaka.
bahleka	noMnu	UTim kunye noMnu Robot bahleka kwaye badanisa kunye.	UTim kunye bahleka Robot noMnu kwaye badanisa kunye.
ikati	kwabakho	Ngesinye isihlandlo, kwabakho ikati encinci ye-furry.	Ngesinye isihlandlo, ikati kwabakho encinci ye-furry.
nebhotolo	kunye	Banceda umama kumgubo, iswekile, kunye nebhotolo.	Banceda umama kumgubo, iswekile, nebhotolo kunye.
kwaye	yonke	Ke, iibhola ezimbini ziqengqeleka kwaye zadlala imini yonke.	Ke, iibhola ezimbini ziqengqeleka yonke zadlala imini kwaye.
kunye	badlale	Babhabha badlale kunye esibhakabhakeni.	Babhabha kunye badlale esibhakabhakeni.
ikati	babona	Epakini, babona ikati enkulu.	Epakini, ikati babona enkulu.
I-Lily	yayingabahlobo	I-Lily kunye ne-Tom yayingabahlobo abalungileyo.	yayingabahlobo kunye ne-Tom I-Lily abalungileyo.
yezityalo	Ubona	Ubona imifanekiso yezityalo, intlanzi kunye nabantu.	yezityalo imifanekiso Ubona, intlanzi kunye nabantu.
kwaye	imhlophe	Yayithambile kwaye imhlophe.	Yayithambile imhlophe kwaye.
kabuhlungu	yaqonda	Yakhala ke kabuhlungu, yaqonda ukuba yayiyedwa.	Yakhala ke yaqonda, kabuhlungu ukuba yayiyedwa.
wayelungile	ekubhaka	UFluffy wayelungile kakhulu ekubhaka.	UFluffy ekubhaka kakhulu wayelungile.
UTim	kakhulu	UTim noMia babebuhlungu kakhulu.	kakhulu noMia babebuhlungu UTim.
Umama	notata	Umama notata wamgona.	notata Umama wamgona.
bothuka	noJane	Abantwana kunye noJane bothuka.	Abantwana kunye bothuka noJane.
I-kitten	ne-lucy	I-kitten yayisonwabile kwaye ikhutshiwe kufutshane ne-lucy.	ne-lucy yayisonwabile kwaye ikhutshiwe kufutshane I-kitten.
wakhe	Wabiza	Wabiza umama wakhe.	wakhe umama Wabiza.
nabahlobo	bakhe	Wayekuthanda ukudlala nabahlobo bakhe.	Wayekuthanda ukudlala bakhe nabahlobo.
indawo	yonke	UMia wajonga yonke indawo ibhola yakhe.	UMia wajonga indawo yonke ibhola yakhe.
liza	lokuba	Unethemba lokuba ixesha liza kukhuseleka.	Unethemba liza ixesha lokuba kukhuseleka.
Waye	wabona	Waye wabona ukuqhuma okokuqala.	wabona Waye ukuqhuma okokuqala.
Kuvunyelwene	ngenqwelo	Kuvunyelwene ngenqwelo moya eluhlaza okwesibhakabhaka.	ngenqwelo Kuvunyelwene moya eluhlaza okwesibhakabhaka.
izandi	Wayeziva	Wayeziva zonke izandi ezijikeleze yena.	izandi zonke Wayeziva ezijikeleze yena.
iimbotyi	ide	Ikhula ide kunazo zonke ezinye iimbotyi.	Ikhula iimbotyi kunazo zonke ezinye ide.
Babavumela	babebukela	Babavumela babe babebukela ngokumangalisa.	babebukela babe Babavumela ngokumangalisa.
ngebhola	Babenemilo	Babenemilo eyonwabisayo yokudlala ngebhola.	ngebhola eyonwabisayo yokudlala Babenemilo.
Intombazana	yonwabile	Intombazana encinci yonwabile.	yonwabile encinci Intombazana.
Bafika	kwinduli	Bafika kwinduli enkulu yokungcola.	kwinduli Bafika enkulu yokungcola.
ukudlala	ngaphandle	Bayathanda ukudlala ngaphandle.	Bayathanda ngaphandle ukudlala.
nentaka	yaba	Ikati kunye nentaka yaba ngabahlobo.	Ikati kunye yaba nentaka ngabahlobo.
Nje	kukho	Nje ukuba, kukho inja ebizwa ngokuba yindawo.	kukho ukuba, Nje inja ebizwa ngokuba yindawo.
iinqaba	zabo	Bobabini baqala ukwakha iinqaba zabo.	Bobabini baqala ukwakha zabo iinqaba.
emva	into	Kodwa emva koko, kwenzeka into engalindelekanga.	Kodwa into koko, kwenzeka emva engalindelekanga.
kwincwadi	Wayelabaleka	Wayelabaleka waya kwincwadi yakhe waza waqalisa ukuzoba.	kwincwadi waya Wayelabaleka yakhe waza waqalisa ukuzoba.
zilusizi	kunye	I-Lily kunye ne-Tom zilusizi.	I-Lily zilusizi ne-Tom kunye.
Iliwa	lalihamba	Iliwa lalihamba ngokukhawuleza.	lalihamba Iliwa ngokukhawuleza.
noJane	bathi	Njengoko ilanga litshona, uTom noJane bathi.	Njengoko ilanga litshona, uTom bathi noJane.
nge-paw	yaphoswa	Ikati yavuya kwaye yaphoswa nge-paw yakhe.	Ikati yavuya kwaye nge-paw yaphoswa yakhe.
ibhola	ngezandla	Bayifumana ibhola ngezandla zabo.	Bayifumana ngezandla ibhola zabo.
wakhunjulwa	wayeyoyika	UTim wayeyoyika, kodwa uMax wakhunjulwa ukuba aziphathe.	UTim wakhunjulwa, kodwa uMax wayeyoyika ukuba aziphathe.
Ngelixa	uBob	Ngelixa ujonge ukutya, uBob wabona umgibe.	uBob ujonge ukutya, Ngelixa wabona umgibe.
abahlobo	banokunceda	UMax ufunde ukuba abahlobo banokunceda xa unexhala.	UMax ufunde ukuba banokunceda abahlobo xa unexhala.
waphakamisa	UTom	UTom waphakamisa inyibiba phezulu.	waphakamisa UTom inyibiba phezulu.
i-Tim	Intaba-mlilo	Intaba-mlilo ivile i-Tim.	i-Tim ivile Intaba-mlilo.
wadibana	noSam	Emva kweentsuku ezimbalwa, uMax wadibana noSam.	Emva kweentsuku ezimbalwa, uMax noSam wadibana.
Wayefuna	uTom	Wayefuna ukuyibonisa umhlobo wakhe, uTom.	uTom ukuyibonisa umhlobo wakhe, Wayefuna.
kodwa	Ekuqaleni	Ekuqaleni, ngeTim wayeyoyika, kodwa ke baba ngabahlobo.	kodwa, ngeTim wayeyoyika, Ekuqaleni ke baba ngabahlobo.
ngelo	iphuma	Kanye ngelo xesha, ibug encinci iphuma kwintyatyambo.	Kanye iphuma xesha, ibug encinci ngelo kwintyatyambo.
owaphukileyo	yayinomlenze	Ingcuka yayinomlenze owaphukileyo!	Ingcuka owaphukileyo yayinomlenze!
enkulu	ejikelezayo	Yayiyinto enkulu, ejikelezayo!	Yayiyinto ejikelezayo, enkulu!
ukubonisa	Wayefuna	Wayefuna ukubonisa umhlobo wakhe, uSam.	ukubonisa Wayefuna umhlobo wakhe, uSam.
Uzamile	njengentaka	Uzamile ukubhabha njengentaka.	njengentaka ukubhabha Uzamile.
umthi	weCherry	Emarikeni, sue wabona umthi omkhulu weCherry.	Emarikeni, sue wabona weCherry omkhulu umthi.
lokufundela	alisaphindanga	Igumbi lokufundela alisaphindanga.	Igumbi alisaphindanga lokufundela.
Wayefuna	umama	Wayefuna ukuxelela umama wakhe malunga ne-pebble.	umama ukuxelela Wayefuna wakhe malunga ne-pebble.
kumthi	omkhulu	Ukufika kwabo kumthi omkhulu, uBella wonwabe kakhulu.	Ukufika kwabo omkhulu kumthi, uBella wonwabe kakhulu.
nezityalo	iintlanzi	Ubona iintlanzi ezininzi nezityalo phantsi kwamanzi.	Ubona nezityalo ezininzi iintlanzi phantsi kwamanzi.
I-bunny	iyoyike	I-bunny yayingekhe iyoyike kwakhona.	iyoyike yayingekhe I-bunny kwakhona.
kwaye	Inja	Inja yaphosa umsila wayo kwaye yakhaba ubuso bokumkani.	kwaye yaphosa umsila wayo Inja yakhaba ubuso bokumkani.
nabahlobo	bakhe	Wayekuthanda ukonwaba nabahlobo bakhe.	Wayekuthanda ukonwaba bakhe nabahlobo.
Uyakoyika	uyathanda	Uyakoyika kwaye uyathanda ukukhuselwa.	uyathanda kwaye Uyakoyika ukukhuselwa.
Ekugqibeleni	u-slinky	Ekugqibeleni, u-slinky akakwazanga ukufumana ilitye eliqaqambileyo.	u-slinky, Ekugqibeleni akakwazanga ukufumana ilitye eliqaqambileyo.
Umama	enemali	Umama wayenengxowa encinci enemali kuyo.	enemali wayenengxowa encinci Umama kuyo.
inkwenkwana	ibhunga	Ngenye imini, inkwenkwana egama linguTim yafumana ibhunga elaphukileyo.	Ngenye imini, ibhunga egama linguTim yafumana inkwenkwana elaphukileyo.
kwaye	i-yucky	Yayikrakra kwaye i-yucky.	Yayikrakra i-yucky kwaye.
beva	ingxolo	Umama notata beva ingxolo.	Umama notata ingxolo beva.
i-tick	emva	UBobo ungenise i-tick ebukhali emva kwi-Igloo.	UBobo ungenise emva ebukhali i-tick kwi-Igloo.
Ngenye	i-sue	Ngenye imini, i-sue ihleli phezulu kumgangatho.	i-sue imini, Ngenye ihleli phezulu kumgangatho.
i-lily	ivile	I-Tom ivile i-lily ingena kwigumbi.	I-Tom i-lily ivile ingena kwigumbi.
yayingumfana	Lowo	Lowo yayingumfana omangalisayo.	yayingumfana Lowo omangalisayo.
zaqala	Ngenye	Ngenye imini, iithoyi zeTim zaqala ukulwa.	zaqala imini, iithoyi zeTim Ngenye ukulwa.
bonke	emcimbini	IKitty noFuddy bamemeza bonke abahlobo babo emcimbini.	IKitty noFuddy bamemeza emcimbini abahlobo babo bonke.
akazange	ancede	Babengonwabanga ukuba uTim akazange ancede.	Babengonwabanga ukuba uTim ancede akazange.
Ke	wayivula	Ke, wayivula ibhokisi.	wayivula, Ke ibhokisi.
ayinakufumana	egodukayo	I-Sue kunye ne-tom ayinakufumana indlela egodukayo.	I-Sue kunye ne-tom egodukayo indlela ayinakufumana.
imanzi	ibanda	I-Tom imanzi kwaye ibanda.	I-Tom ibanda kwaye imanzi.
kodwa	wazama	USam wazama ukuxelela i-max, kodwa uMax akazange aphulaphule.	USam kodwa ukuxelela i-max, wazama uMax akazange aphulaphule.
i-hoop	ukuhambisa	Uzamile ukuhambisa i-hoop ngempumlo yakhe.	Uzamile i-hoop ukuhambisa ngempumlo yakhe.
Wayekuthanda	ukukhetha	Wayekuthanda ukukhetha iiblueberry.	ukukhetha Wayekuthanda iiblueberry.
wakhe	emva	Kodwa emva koko, uTom wakhe uTom wayibona ikhekhe.	Kodwa wakhe koko, uTom emva uTom wayibona ikhekhe.
wayelusizi	U-Lucy	U-Lucy wayelusizi kakhulu.	wayelusizi U-Lucy kakhulu.
Inja	ikati	Inja ibanjiwe ikati.	ikati ibanjiwe Inja.
wavuya	wayibona	Xa wayibona i-imeyile yakhe wavuya kakhulu.	Xa wavuya i-imeyile yakhe wayibona kakhulu.
yakhe	idyasi	Wayenxibe idyasi yakhe enkulu kuba ebabanda ngaphandle.	Wayenxibe yakhe idyasi enkulu kuba ebabanda ngaphandle.
egama	encinci	Kuphuma intaka encinci egama linguChirpy.	Kuphuma intaka egama encinci linguChirpy.
ngaphakathi	into	Ityhila into entle ngaphakathi.	Ityhila ngaphakathi entle into.
wayevuya	U-Ben	U-Ben wayevuya kakhulu kwaye ewe!	wayevuya U-Ben kakhulu kwaye ewe!
nomama	USally	USally nomama wakhe baqala ukunciphisa.	nomama USally wakhe baqala ukunciphisa.
Yabona	inyibiba	Yabona inyibiba ngeqanda layo.	inyibiba Yabona ngeqanda layo.
kakhulu	yayinomdla	I-Lily yayinomdla kakhulu.	I-Lily kakhulu yayinomdla.
kuphinda	iintyatyambo	Kwaye andisayi kuphinda ndikhethe iintyatyambo.	Kwaye andisayi iintyatyambo ndikhethe kuphinda.
waziva	ombi	UFluffy waziva ombi ngokwenza intombazana ibe lusizi.	UFluffy ombi waziva ngokwenza intombazana ibe lusizi.
abasenyongweni	baba	Bacula iingoma kunye kwaye baba ngabahlobo abasenyongweni.	Bacula iingoma kunye kwaye abasenyongweni ngabahlobo baba.
ipirate	isihlandlo	Ngesinye isihlandlo, kwabakho ipirate.	Ngesinye ipirate, kwabakho isihlandlo.
Yayiyindlela	enkulu	Yayiyindlela enkulu, ebiza kakhulu neemoto ezininzi.	enkulu Yayiyindlela, ebiza kakhulu neemoto ezininzi.
Wayehlala	kwindlu	Wayehlala kwindlu encinci.	kwindlu Wayehlala encinci.
Ke	baphuma	Ke, baphuma ngaphandle bafumana iinkuni.	baphuma, Ke ngaphandle bafumana iinkuni.
I-Lucy	kwigobo	I-Lucy ivele kwigobo.	kwigobo ivele I-Lucy.
Wathabatha	kwaye	Wathabatha iziqhamo kwaye wawabelana nabahlobo bakhe.	kwaye iziqhamo Wathabatha wawabelana nabahlobo bakhe.
lekhaya	lakhe	Wayefuna ukwenza iqokobhe lekhaya lakhe.	Wayefuna ukwenza iqokobhe lakhe lekhaya.
yaziva	isisidenge	I-Tim yaziva isisidenge.	I-Tim isisidenge yaziva.
wam	mhlobo	Ungoyena mhlobo wam osenyongweni.	Ungoyena wam mhlobo osenyongweni.
Incede	lakhe	Incede uTim ecoca igumbi lakhe.	lakhe uTim ecoca igumbi Incede.
epakini	ixesha	Ngenye imini, ixesha laya epakini lokudlala.	Ngenye imini, epakini laya ixesha lokudlala.
kwaye	Zihle	Zihle kakhulu kwaye zisidenge.	kwaye kakhulu Zihle zisidenge.
Inja	kunye	Inja kunye nekati yaphulaphula intombazana.	kunye Inja nekati yaphulaphula intombazana.
ebizayo	ngetoyi	UTim wayekuthanda ukurekhoda izinto ngetoyi yakhe ebizayo.	UTim wayekuthanda ukurekhoda izinto ebizayo yakhe ngetoyi.
ngabahlobo	Babevuya	Babevuya kakhulu kwaye baba ngabahlobo abalungileyo.	ngabahlobo kakhulu kwaye baba Babevuya abalungileyo.
njani	ukuba	Babengazi ukuba bayifumana njani inyaniso.	Babengazi njani bayifumana ukuba inyaniso.
Umlimi	wavuya	Umlimi wavuya kakhulu.	wavuya Umlimi kakhulu.
wathi	ilungileyo	Uye wathi yeyona fuza ilungileyo.	Uye ilungileyo yeyona fuza wathi.
wayenako	Waphosa	Waphosa inqwelomoya phezulu kangangoko wayenako.	wayenako inqwelomoya phezulu kangangoko Waphosa.
ibhola	yakhe	Ke, wabeka ibhola epokothweni yakhe.	Ke, wabeka yakhe epokothweni ibhola.
inamba	Abantu	Abantu edolophini basoyika inamba.	inamba edolophini basoyika Abantu.
ivuliwe	Emva	Emva koko, ibhokisi ivuliwe, kwaye ikiti encinci yaphuma!	ivuliwe koko, ibhokisi Emva, kwaye ikiti encinci yaphuma!
inkwenkwezi	ngoku	Banokuchukumisa inkwenkwezi ngoku!	Banokuchukumisa ngoku inkwenkwezi!
izinto	kwinqwelo	UMax wabona izinto ezininzi ezintle ezixhonywe kwinqwelo.	UMax wabona kwinqwelo ezininzi ezintle ezixhonywe izinto.
baqala	ukulandela	Ke, baqala ukulandela i-Anyanisi embi.	Ke, ukulandela baqala i-Anyanisi embi.
wayevuya	edlala	Wonke umntu wayevuya kwaye edlala ngaphandle.	Wonke umntu edlala kwaye wayevuya ngaphandle.
izandla	Wasebenzisa	Wasebenzisa i-napkin ukucoca izandla zakhe.	izandla i-napkin ukucoca Wasebenzisa zakhe.
wacinga	kwaye	Wacinga kwaye wacinga.	Wacinga wacinga kwaye.
ebomvu	yabona	I-Sue yabona i-TAMAITO ebomvu ka-Tim kwaye wayenomona.	I-Sue ebomvu i-TAMAITO yabona ka-Tim kwaye wayenomona.
kunye	yisangqa	Kwakukhangeleka ngathi yisangqa kunye neempawu ezingaqhelekanga ngaphakathi.	Kwakukhangeleka ngathi kunye yisangqa neempawu ezingaqhelekanga ngaphakathi.
abambe	aze	Wayecinga ukuba unokukhwela aze abambe ilitye.	Wayecinga ukuba unokukhwela abambe aze ilitye.
bajikeleze	umthi	Babebaleka bajikeleze umthi omkhulu.	Babebaleka umthi bajikeleze omkhulu.
epakini	noLily	UBen noLily babedlala epakini.	UBen epakini babedlala noLily.
umntu	wayenza	Wonke umntu wayethanda uTom kuba wayenza wonwabe.	Wonke wayenza wayethanda uTom kuba umntu wonwabe.
kunye	lwakhe	Ngenye imini, uSylvia waya kwivenkile kunye nosapho lwakhe.	Ngenye imini, uSylvia waya kwivenkile lwakhe nosapho kunye.
xesha	lilungileyo	Wayenelona xesha lilungileyo kwaye wavuya kakhulu.	Wayenelona lilungileyo xesha kwaye wavuya kakhulu.
ezininzi	Babona	Babona izinto ezininzi ezinjengeentaka, amafu, kunye nezinye iinqwelomoya.	ezininzi izinto Babona ezinjengeentaka, amafu, kunye nezinye iinqwelomoya.
azele	Ibhokhwe	Ibhokhwe yayitya i-hay ade azele.	azele yayitya i-hay ade Ibhokhwe.
I-Monster	yasukela	I-Monster yasukela abantu edolophini.	yasukela I-Monster abantu edolophini.
esikhulu	isithuba	Ngequbuliso, isithuba esikhulu sengxolo	Ngequbuliso, esikhulu isithuba sengxolo
Bakufika	abantwana	Bakufika apho, babona abantwana abaninzi abanethoyi.	abantwana apho, babona Bakufika abaninzi abanethoyi.
ukutya	ikhekhe	Yayifuna ukutya ikhekhe.	Yayifuna ikhekhe ukutya.
ibhere	wacinga	UTim wacinga ukuba ibhere ipholile kakhulu.	UTim ibhere ukuba wacinga ipholile kakhulu.
uSara	Ndinebhongo	Ndinebhongo ngawe, uSara.	uSara ngawe, Ndinebhongo.
nomlomo	I-jeep	I-jeep yayinamehlo amakhulu kunye nomlomo omkhulu.	nomlomo yayinamehlo amakhulu kunye I-jeep omkhulu.
wayo	neTim	I-Max yajika umsila wayo kwaye ithengisiwe, ivumelana neTim.	I-Max yajika umsila neTim kwaye ithengisiwe, ivumelana wayo.
phaya	Wayefuna	Wayefuna ukubona ukuba yintoni ekhoyo phaya.	phaya ukubona ukuba yintoni ekhoyo Wayefuna.
wayekuthanda	UTim	UTim wayekuthanda ukutya iibhanana.	wayekuthanda UTim ukutya iibhanana.
babukela	UBen	UBen noBeyim babukela.	babukela noBeyim UBen.
Bacula	imihla	Bacula yonke imihla.	imihla yonke Bacula.
yayikuvuyela	I-Lily	I-Lily yayikuvuyela ukufunda ngamadangatye oyinyani.	yayikuvuyela I-Lily ukufunda ngamadangatye oyinyani.
iinkwenkwezi	wayenesicwangciso	U-Amy wayenesicwangciso esikhulu sokunceda iinkwenkwezi.	U-Amy iinkwenkwezi esikhulu sokunceda wayenesicwangciso.
Babesonwabile	intaka	Babesonwabile i-ice cream incede intaka yomntwana.	intaka i-ice cream incede Babesonwabile yomntwana.
kunye	bahleka	Badlale phantsi komthi kwaye bahleka kunye.	Badlale phantsi komthi kwaye kunye bahleka.
Namhlanje	uSara	Namhlanje, uSara wayethatha imibuzo.	uSara, Namhlanje wayethatha imibuzo.
ukuba	Wabamba	Wabamba uqinile kwaye wayecinga ukuba ibhabha.	ukuba uqinile kwaye wayecinga Wabamba ibhabha.
Wayefuna	kwibhodi	Wayefuna ukuba njengebhola kwibhodi yebhodi.	kwibhodi ukuba njengebhola Wayefuna yebhodi.
nomhlobo	Endleleni	Endleleni yabo, badibana nomhlobo wabo, i-squirrel.	nomhlobo yabo, badibana Endleleni wabo, i-squirrel.
yabaleka	umsila	Inja ivuke umsila wayo kwaye yabaleka.	Inja ivuke yabaleka wayo kwaye umsila.
Wayichola	wadlala	Wayichola waza wadlala ngayo.	wadlala waza Wayichola ngayo.
yayilusizi	encinci	Intaka encinci yayilusizi.	Intaka yayilusizi encinci.
ilahlekile	yoyika	Injana ilahlekile kwaye yoyika.	Injana yoyika kwaye ilahlekile.
i-peanuts	I-Lily	I-Lily ithanda i-peanuts.	i-peanuts ithanda I-Lily.
kwaye	zajonga	Iidragoni zayeka ukulwa kwaye zajonga inkosazana.	Iidragoni zayeka ukulwa zajonga kwaye inkosazana.
ilamuni	ukusuka	Uthatha enye ilamuni ukusuka kwisitya.	Uthatha enye ukusuka ilamuni kwisitya.
awayezityeshelanga	kokuba	Abahlobo awayezityeshelanga ngaphambi kokuba ancede.	Abahlobo kokuba ngaphambi awayezityeshelanga ancede.
ekuhlaleni	wawatshabalalisile	Umjelo onqabileyo wawatshabalalisile ekuhlaleni.	Umjelo onqabileyo ekuhlaleni wawatshabalalisile.
yayihambahamba	ngeenxa	Intaka encinci egama linguTim yayihambahamba ngeenxa zonke.	Intaka encinci egama linguTim ngeenxa yayihambahamba zonke.
enceda	enkulu	UTom wayenentliziyo enkulu kwaye wayesoloko enceda abanye.	UTom wayenentliziyo enceda kwaye wayesoloko enkulu abanye.
Ngenye	ikati	Ngenye imini, ikati kunye nenja babengabahlobo.	ikati imini, Ngenye kunye nenja babengabahlobo.
makenze	I-Lily	I-Lily yayiyoyika kwaye ayizi ukuba makenze ntoni.	makenze yayiyoyika kwaye ayizi ukuba I-Lily ntoni.
kwaye	ekugqibeleni	Watyhala kwaye watyhalela de ekugqibeleni, wavula.	Watyhala ekugqibeleni watyhalela de kwaye, wavula.
kwenzeka	emva	Kodwa emva koko, kwenzeka into engalindelekanga.	Kodwa kwenzeka koko, emva into engalindelekanga.
bengazi	ukuba	Babemoyika kwaye bengazi ukuba benze ntoni.	Babemoyika kwaye ukuba bengazi benze ntoni.
imibuzo	amazwi	Bayayibuza imibuzo kwaye bakufundisa amazwi amatsha.	Bayayibuza amazwi kwaye bakufundisa imibuzo amatsha.
Bakuvuyela	kunye	Bakuvuyela ukuba kunye kwakhona.	kunye ukuba Bakuvuyela kwakhona.
ukudlala	Bayathanda	Bayathanda ukudlala ngeethoyi ezikukhanyayo.	ukudlala Bayathanda ngeethoyi ezikukhanyayo.
yayisisihlangu	Kodwa	Kodwa akukho mntu wathi yayisisihlangu sabo.	yayisisihlangu akukho mntu wathi Kodwa sabo.
ngaphandle	esihle	Benze isithsaba esihle ngaphandle kwephepha.	Benze isithsaba ngaphandle esihle kwephepha.
Ubiza	wakhe	Ubiza umama wakhe.	wakhe umama Ubiza.
ezininzi	Iglasi	Iglasi yaqhekeza iziqwenga ezininzi.	ezininzi yaqhekeza iziqwenga Iglasi.
imini	nomama	Ngenye imini, waya kwilayibrari nomama wakhe.	Ngenye nomama, waya kwilayibrari imini wakhe.
lafika	imini	Ngenye imini, isela lafika edolophini.	Ngenye lafika, isela imini edolophini.
enelanga	ukudlala	Ngemini enye enelanga, uLucy wayefuna ukudlala ngaphandle nendawo.	Ngemini enye ukudlala, uLucy wayefuna enelanga ngaphandle nendawo.
izilwanyana	Kwelo	Kwelo fama, zazininzi izilwanyana.	izilwanyana fama, zazininzi Kwelo.
noomma	epakini	Baya epakini kunye noomma babo.	Baya noomma kunye epakini babo.
lonke	enetyala	Wayengasazi isizathu sokuba ilizwe lonke lizive enetyala.	Wayengasazi isizathu sokuba ilizwe enetyala lizive lonke.
uphawu	wajonga	I-AMY SHAM ukuya kwisithuba kwaye wajonga uphawu.	I-AMY SHAM ukuya kwisithuba kwaye uphawu wajonga.
isitulo	sasingaphezulu	Kodwa isitulo sasingaphezulu ngokwaneleyo.	Kodwa sasingaphezulu isitulo ngokwaneleyo.
yaya	etyholweni	I-Tom yathunyelwa yaya etyholweni.	I-Tom yathunyelwa etyholweni yaya.
kwaye	uMax	UMia, umama wakhe, kwaye uMax waya epakini.	UMia, umama wakhe, uMax kwaye waya epakini.
Baye	kwaye	Baye bancuma kwaye bancuma.	kwaye bancuma Baye bancuma.
uncedo	wacela	UTim wacela umama wakhe ukuba afumane uncedo.	UTim uncedo umama wakhe ukuba afumane wacela.
kangangokuba	Ngenye	Ngenye imini, wadlala kakhulu kangangokuba wayeziva ene-dizzy.	kangangokuba imini, wadlala kakhulu Ngenye wayeziva ene-dizzy.
labonisa	entle	Ke, ixesha labonisa imifanekiso entle kwifolda.	Ke, ixesha entle imifanekiso labonisa kwifolda.
yakho	Kunye	Kunye ne-bladder yakho.	yakho ne-bladder Kunye.
wakhe	wenza	Umama wakhe wenza ukutya ukuba banikezele kwiqela.	Umama wenza wakhe ukutya ukuba banikezele kwiqela.
ebiza	uMax	Kanye ngelo xesha, uMax wayiva umniniyo ayo ebiza igama lakhe.	Kanye ngelo xesha, ebiza wayiva umniniyo ayo uMax igama lakhe.
Umntwana	unethamsanqa	Umntwana unethamsanqa lokuba nawe.	unethamsanqa Umntwana lokuba nawe.
kwaye	wafumana	Umfama onobubele weva ingxolo kwaye wafumana uDolly.	Umfama onobubele weva ingxolo wafumana kwaye uDolly.
kakhulu	Wayengacingi	Wayengacingi ukuba inomdla kakhulu.	kakhulu ukuba inomdla Wayengacingi.
sahamba	ngomkhombe	Isikhephe sahamba ngomkhombe, kwaye uTim wonwabile.	Isikhephe ngomkhombe sahamba, kwaye uTim wonwabile.
wakhe	ngaphezulu	Wajonga ngaphezulu kwaye wafumana umnqwazi wakhe phantsi kwebhedi yakhe.	Wajonga wakhe kwaye wafumana umnqwazi ngaphezulu phantsi kwebhedi yakhe.
inkawu	yakhe	Inyibiba inyibilikisiwe kwaye yenza inkawu yakhe isuka kumqamelo.	Inyibiba inyibilikisiwe kwaye yenza yakhe inkawu isuka kumqamelo.
I-Lily	noBen	I-Lily kunye noBen.	noBen kunye I-Lily.
yobuthathaka	yayinoyolo	Imbovane yobuthathaka yayinoyolo kakhulu.	Imbovane yayinoyolo yobuthathaka kakhulu.
I-Lily	intloko	I-Lily yacheba intloko.	intloko yacheba I-Lily.
ngekhamera	Babenosuku	Babenosuku olumnandi lokudlala ngekhamera.	ngekhamera olumnandi lokudlala Babenosuku.
koko	namaza	Emva koko wemka kunye namaza.	Emva namaza wemka kunye koko.
udangeni	ufihla	UBuddy ufihla kwaye udangeni, kwaye ngequbuliso wayifumana ikati!	UBuddy udangeni kwaye ufihla, kwaye ngequbuliso wayifumana ikati!
udaka	Wanikina	Wanikina i-lily wam wamnika olunye udaka.	udaka i-lily wam wamnika olunye Wanikina.
kunye	ikhekhe	Yayiyinto emnandi enemidlalo, ikhekhe, kunye nabahlobo.	Yayiyinto emnandi enemidlalo, kunye, ikhekhe nabahlobo.
evela	sikaSara	Uthathe idoli yenkosana evela kwisandla sikaSara.	Uthathe idoli yenkosana sikaSara kwisandla evela.
kwaye	Uye	Uye watsala kwaye watsalela, kodwa akakwazanga ukuyifumana.	kwaye watsala Uye watsalela, kodwa akakwazanga ukuyifumana.
nobusi	Umama	Umama uthe asinakuba nobusi ngaphandle kokubuza.	nobusi uthe asinakuba Umama ngaphandle kokubuza.
ukuba	kwaye	I-Tweet ifake imoto kwaye ifuna ukuba ngabahlobo.	I-Tweet ifake imoto ukuba ifuna kwaye ngabahlobo.
kwenzeka	koko	Emva koko, kwenzeka into engalindelekanga!	Emva kwenzeka, koko into engalindelekanga!
nje	liqhinga	UTim waqonda ukuba liqhinga nje.	UTim waqonda ukuba nje liqhinga.
kwakhona	UTom	UTom wayengenguye ivila kwakhona.	kwakhona wayengenguye ivila UTom.
ngokwenza	elungileyo	Baziva kamnandi ngokwenza into elungileyo.	Baziva kamnandi elungileyo into ngokwenza.
Babelana	ngolonwabo	Babelana ngekhekhe kwikhekhe kwaye batya ngolonwabo.	ngolonwabo ngekhekhe kwikhekhe kwaye batya Babelana.
wajonga	umhlaba	Wayethanda ukuphuma wajonga umhlaba.	Wayethanda ukuphuma umhlaba wajonga.
ngokudlala	Kungekudala	Kungekudala, abahlobo bakaMimi badla ngokudlala.	ngokudlala, abahlobo bakaMimi badla Kungekudala.
kunye	i-kiki	Intaka yayiyonwabile kwaye ibulela i-kiki kunye nofudo.	Intaka yayiyonwabile kwaye ibulela kunye i-kiki nofudo.
musa	ayisiyo	Isimilo ayisiyo, musa ukuba izinto ziza phakathi kwabahlobo.	Isimilo musa, ayisiyo ukuba izinto ziza phakathi kwabahlobo.
yokuba	Into	Into enkulu yokuba wonke umntu athandwayo aphukile.	yokuba enkulu Into wonke umntu athandwayo aphukile.
Uye	yaphukile	Uye wathi i-TV elungileyo yayimdala kakhulu kwaye yaphukile.	yaphukile wathi i-TV elungileyo yayimdala kakhulu kwaye Uye.
intaka	Ngenye	Ngenye imini, wabona intaka epinki ngaphandle kwefestile yakhe.	intaka imini, wabona Ngenye epinki ngaphandle kwefestile yakhe.
ukuba	babo	Kodwa kungekudala, babona ukuba abahlobo babo babebuhlungu.	Kodwa kungekudala, babona babo abahlobo ukuba babebuhlungu.
encinci	intombazana	Umama wakhe wathi ewe kwaye intombazana encinci yonwabile.	Umama wakhe wathi ewe kwaye encinci intombazana yonwabile.
bonke	emva	Kwaye bonke bahlala bonwabile emva.	Kwaye emva bahlala bonwabile bonke.
I-EMMA	noFluffy	I-EMMA kunye noFluffy babebuhlungu.	noFluffy kunye I-EMMA babebuhlungu.
bengcangcazela	kwaye	Babelila kwaye bengcangcazela.	Babelila bengcangcazela kwaye.
bedlala	Babenokonwaba	Babenokonwaba kakhulu bedlala kunye.	bedlala kakhulu Babenokonwaba kunye.
ayiphendulanga	inyibiba	Kodwa inyibiba ayiphendulanga.	Kodwa ayiphendulanga inyibiba.
Wabeka	iithoyi	Wabeka zonke iithoyi kunye neempahla zakhe ezibhokisini.	iithoyi zonke Wabeka kunye neempahla zakhe ezibhokisini.
kwebhedi	eyaphukileyo	Wakhala, wayifihla intamo eyaphukileyo phantsi kwebhedi yakhe.	Wakhala, wayifihla intamo kwebhedi phantsi eyaphukileyo yakhe.
nengqolowa	kakhulu	I-Tom kunye nengqolowa yayinoyolo kakhulu.	I-Tom kunye kakhulu yayinoyolo nengqolowa.
imoto	esifubeni	Ubambe imoto kwaye wagobe esifubeni sakhe.	Ubambe esifubeni kwaye wagobe imoto sakhe.
ngebhola	kwakhona	Babengafuni ukudlala ngebhola kwakhona.	Babengafuni ukudlala kwakhona ngebhola.
yabona	inkwenkwe	Intaka yabona inkwenkwe phantsi komthi.	Intaka inkwenkwe yabona phantsi komthi.
yokuphakama	elide	Babekwindawo yokuphakama ixesha elide.	Babekwindawo elide ixesha yokuphakama.
ngesandi	bahleka	Bobabini bahleka ngesandi esihlekisayo senziwe.	Bobabini ngesandi bahleka esihlekisayo senziwe.
abaziphulaphuli	abahlobo	Kodwa abahlobo bakhe abaziphulaphuli.	Kodwa abaziphulaphuli bakhe abahlobo.
kuba	njengelanga	Imouse yayilusizi kuba ebengenakwazi ukubhabha njengelanga.	Imouse yayilusizi njengelanga ebengenakwazi ukubhabha kuba.
leva	kwirediyo	Ngenye imini, ixesha leva indoda esisityebi kwirediyo.	Ngenye imini, ixesha kwirediyo indoda esisityebi leva.
Asifuni	kudlala	Asifuni kudlala nawe.	kudlala Asifuni nawe.
UTim	olumnandi	UTim wayenosuku olumnandi.	olumnandi wayenosuku UTim.
elide	badlale	UTom noSam badlale i-hockey ixesha elide.	UTom noSam elide i-hockey ixesha badlale.
kukutya	iisandwich	UTim wayethandwa kukutya iisandwich.	UTim wayethandwa iisandwich kukutya.
Yayiyi-turtle	enobuhlobo	Yayiyi-turtle enkulu, enobuhlobo egama linguTom!	enobuhlobo enkulu, Yayiyi-turtle egama linguTom!
uyekile	wancuma	UTom uyekile ukulila kwaye wancuma.	UTom wancuma ukulila kwaye uyekile.
sikaSara	kwaye	I-CAT iChinga kwaye ihlambe intloko yayo kwisandla sikaSara.	I-CAT iChinga sikaSara ihlambe intloko yayo kwisandla kwaye.
lalinguRude	Igama	Igama lakhe lalinguRude Square.	lalinguRude lakhe Igama Square.
indoda	ngamazwi	USally wabulela indoda endala ngamazwi akhe athembekileyo.	USally wabulela ngamazwi endala indoda akhe athembekileyo.
Yinto	nje	Yinto nje ye-luna.	nje Yinto ye-luna.
ngovuyo	ehleka	Ujijekile kwaye watsiba, ehleka ngovuyo.	Ujijekile kwaye watsiba, ngovuyo ehleka.
lawa	Ikhuselo	Ikhuselo lawa phantsi kwaye uTim wayeziva engakhululekanga.	lawa Ikhuselo phantsi kwaye uTim wayeziva engakhululekanga.
Wayekuthanda	ukudlala	Wayekuthanda ukudlala ngefowuni yakhe yonke imihla.	ukudlala Wayekuthanda ngefowuni yakhe yonke imihla.
i-Tim	ayikhathalelanga	Isibhakabhaka sasimnyama, kodwa i-Tim ayikhathalelanga.	Isibhakabhaka sasimnyama, kodwa ayikhathalelanga i-Tim.
indlela	Uye	Uye wangena waqala ukuqhuba indlela.	indlela wangena waqala ukuqhuba Uye.
womelele	kwaye	Umkhulu kwaye womelele.	Umkhulu womelele kwaye.
ejonge	Umama	Umama wakhe wambona ejonge ilamuni.	ejonge wakhe wambona Umama ilamuni.
mbono	loo	I-Lily ithanda loo mbono.	I-Lily ithanda mbono loo.
Ukhabe	kakhulu	Ukhabe ibhola kakhulu.	kakhulu ibhola Ukhabe.
Badd	ukubala	I-Ben Badd yaqala ukubala.	I-Ben ukubala yaqala Badd.
ne-bug	UTim	UTim wayefuna ukuba ngumhlobo ne-bug.	ne-bug wayefuna ukuba ngumhlobo UTim.
elihlekisayo	babo	Ngoku, babenebali elihlekisayo lokuxelela abahlobo babo.	Ngoku, babenebali babo lokuxelela abahlobo elihlekisayo.
kwaye	badlala	Bobabini bancumile kwaye badlala ngethoyi yonke imini yonke.	Bobabini bancumile badlala kwaye ngethoyi yonke imini yonke.
emininzi	entle	Yayiyiplate entle kakhulu, enemibala emininzi.	Yayiyiplate emininzi kakhulu, enemibala entle.
isondele	I-Tim	I-Tim ilindelwe ukuba impukane isondele.	isondele ilindelwe ukuba impukane I-Tim.
makenze	ukuba	Wambuza ukuba makenze ntoni.	Wambuza makenze ukuba ntoni.
UTim	ukunceda	UTim waziva engalunganga kwintaka kwaye wayefuna ukunceda.	ukunceda waziva engalunganga kwintaka kwaye wayefuna UTim.
I-Lily	wakhe	I-Lily yabona umhlobo wakhe.	wakhe yabona umhlobo I-Lily.
imo	emtsalane	Ngenye imini, imo emtsalane idlala emdaka.	Ngenye imini, emtsalane imo idlala emdaka.
yintoni	waya	Wayenomdla wokwazi kwaye waya kubona ukuba yintoni ngaphakathi.	Wayenomdla wokwazi kwaye yintoni kubona ukuba waya ngaphakathi.
kunye	nekhrayoni	Uthatha ikhrayoni etyheli kunye nekhrayoni emdaka.	Uthatha ikhrayoni etyheli nekhrayoni kunye emdaka.
kunye	Bapheke	Bapheke kunye kwaye bonwabile kwakhona.	kunye Bapheke kwaye bonwabile kwakhona.
Sifuna	nendawo	Sifuna ukudlala nendawo.	nendawo ukudlala Sifuna.
batsiba	ukubamba	Babaleka batsiba, bezama ukubamba ingubo.	Babaleka ukubamba, bezama batsiba ingubo.
kwaye	wabizwa	UMia woyika kwaye wabizwa ngokuba nguMama.	UMia woyika wabizwa kwaye ngokuba nguMama.
esifanelekileyo	Yenze	Yenze isandi esifanelekileyo.	esifanelekileyo isandi Yenze.
wabona	Uye	Uye wabona kakhulu kwaye kubanda.	wabona Uye kakhulu kwaye kubanda.
Umama	wabona	Umama weza ekhaya wabona bonwabile.	wabona weza ekhaya Umama bonwabile.
shring	sasiyim	Isinxibo sasiyim shring!	Isinxibo shring sasiyim!
ngakumbi	unexhala	UMia waqalisa ukuziva unexhala ngakumbi.	UMia waqalisa ukuziva ngakumbi unexhala.
bamangaliswa	noSally	UTom noSally bamangaliswa kakhulu.	UTom bamangaliswa noSally kakhulu.
ukuba	UAnna	UAnna wayenqwenela ukuba lapho naye.	ukuba wayenqwenela UAnna lapho naye.
ibhotile	babengayiva	Kodwa babengayiva ibhotile.	Kodwa ibhotile babengayiva.
yakhe	I-Lily	I-Lily ifuna ukunceda uTom Fumana ibhola yakhe.	yakhe ifuna ukunceda uTom Fumana ibhola I-Lily.
icocekile	ipaki	Yayifuna nje ukunceda ukugcina ipaki icocekile.	Yayifuna nje ukunceda ukugcina icocekile ipaki.
kunye	Ibambekile	Ibambekile kwaye iyenzakalisa jack kunye ne-sue.	kunye kwaye iyenzakalisa jack Ibambekile ne-sue.
kwaye	Bonke	Bonke badanisa kunye, behleka kwaye bonwabile.	kwaye badanisa kunye, behleka Bonke bonwabile.
kwaye	wabamba	Wasibona isipili kwaye wabamba inyibiba.	Wasibona isipili wabamba kwaye inyibiba.
kukho	ethobekileyo	Kanye ngeli xesha, kukho imoletho ethobekileyo.	Kanye ngeli xesha, ethobekileyo imoletho kukho.
elunxwemeni	kwelokuba	Bagqiba kwelokuba bahlale elunxwemeni ixesha elincinci.	Bagqiba elunxwemeni bahlale kwelokuba ixesha elincinci.
i-sue	kwaye	UTim wayeya kubala, kwaye i-sue yayifihla.	UTim wayeya kubala, i-sue kwaye yayifihla.
kwikati	yarn	Bakhomba kwikati yarn.	Bakhomba yarn kwikati.
kwi-Igloo	omncinci	Umfana omncinci ogama linguxesha wayehlala kwi-Igloo.	Umfana kwi-Igloo ogama linguxesha wayehlala omncinci.
Kungekudala	imouse	Kungekudala, uMia wafumana imouse yokudlala phantsi kwetyholo.	imouse, uMia wafumana Kungekudala yokudlala phantsi kwetyholo.
Inkqonkqozile	kwaye	Inkqonkqozile kwaye iphethe i-Tom.	kwaye Inkqonkqozile iphethe i-Tom.
ingubo	Emva	Emva koko ubamba ingubo kwaye ubalekela endlwini.	ingubo koko ubamba Emva kwaye ubalekela endlwini.
ukudlala	Bathanda	Bathanda ukudlala kunye.	ukudlala Bathanda kunye.
kakhulu	Zisondele	Zisondele kakhulu kwinjongo.	kakhulu Zisondele kwinjongo.
wabaleka	Wayithoba	Wayithoba isitampu kuye, wabaleka.	wabaleka isitampu kuye, Wayithoba.
mnandi	Wayelindele	Wayelindele ukuba ibe mnandi kwaye sisiqhamo.	mnandi ukuba ibe Wayelindele kwaye sisiqhamo.
yayingesosityalo	Kodwa	Kodwa yayingesosityalo somlingo.	yayingesosityalo Kodwa somlingo.
ayizange	imamele	I-Lily ayizange imamele umama.	I-Lily imamele ayizange umama.
yatsho	incumile	I-Lily yatsho, incumile.	I-Lily incumile, yatsho.
emva	emnandi	Bonke babehlala bonwabile emnandi emva.	Bonke babehlala bonwabile emva emnandi.
kwaye	Batsho	Batsho kakuhle kwaye balala.	kwaye kakuhle Batsho balala.
kodwa	wayengayikholelwa	Wayechwayitile, kodwa wayengayikholelwa.	Wayechwayitile, wayengayikholelwa kodwa.
achaze	Akazange	Akazange achaze inenekazi elifuna uncedo.	achaze Akazange inenekazi elifuna uncedo.
Bave	ukukhathazeka	Bave ukukhathazeka komthi.	ukukhathazeka Bave komthi.
besiya	kwaye	Baye babaleka besiya kwisilayidi kwaye bebonwabisa.	Baye babaleka kwaye kwisilayidi besiya bebonwabisa.
yabuza	Imouse	Imouse yabuza ijaji ukuze icele uncedo.	yabuza Imouse ijaji ukuze icele uncedo.
aye	kuTom	Ubaleka aye kuTom.	Ubaleka kuTom aye.
olie	nathi	Babesithi, Yiza nathi, olie.	Babesithi, Yiza olie, nathi.
ibalekile	kwaye	Ikati iyoyika kwaye ibalekile.	Ikati iyoyika ibalekile kwaye.
kwaye	ukunceda	UTom wabona isikhafu kwaye wayefuna ukunceda.	UTom wabona isikhafu ukunceda wayefuna kwaye.
wakhe	notata	Xa iKitty ifikile ekhaya, uMama wakhe notata babekhona.	Xa iKitty ifikile ekhaya, uMama notata wakhe babekhona.
ifuna	Intaka	Intaka enkulu ifuna inqwelomoya enkulu.	ifuna enkulu Intaka inqwelomoya enkulu.
ibhola	Uye	Uye wayibuyisela ibhola ukuba ityeshe.	ibhola wayibuyisela Uye ukuba ityeshe.
bacinga	nento	UAna noBen bacinga malunga nento umama noTata.	UAna noBen nento malunga bacinga umama noTata.
ubomi	ababehlala	WayenguTom, owayedla ubomi ababehlala kufutshane.	WayenguTom, owayedla ababehlala ubomi kufutshane.
I-kitty	ukudlala	I-kitty ithanda ukudlala ngetoyisi ebomvu.	ukudlala ithanda I-kitty ngetoyisi ebomvu.
banxunguphele	UAnna	UAnna noBen wancuma kwaye banxunguphele kunye ne-birdie.	banxunguphele noBen wancuma kwaye UAnna kunye ne-birdie.
ngemibala	ilitye	Upeyintile ilitye ngemibala eqaqambileyo.	Upeyintile ngemibala ilitye eqaqambileyo.
indawo	Ngenye	Ngenye imini, indawo yabona ibhola enkulu eyadini.	indawo imini, Ngenye yabona ibhola enkulu eyadini.
ukuba	nesikhephe	Unqwenela ukuba nesikhephe esifana naye.	Unqwenela nesikhephe ukuba esifana naye.
wayekuthanda	yakhe	UTim wayekuthanda ukudlala ngemoto yakhe yokudlala.	UTim yakhe ukudlala ngemoto wayekuthanda yokudlala.
UTim	wayenengxowa	UTim wayenengxowa enkulu.	wayenengxowa UTim enkulu.
Njengoko	wayekhwela	Njengoko wayekhwela, wabona squirrel.	wayekhwela Njengoko, wabona squirrel.
wada	wabaleka	Wabaleka wabaleka wada wadinwa.	Wabaleka wada wabaleka wadinwa.
Ezinye	ii-monster	Ezinye ii-monster ziluncedo kwaye zinobubele.	ii-monster Ezinye ziluncedo kwaye zinobubele.
Kodwa	lishushu	Kodwa ngenye imini, ilanga lishushu kakhulu.	lishushu ngenye imini, ilanga Kodwa kakhulu.
impazamo	enkulu	Uqonda ukuba wenza impazamo enkulu.	Uqonda ukuba wenza enkulu impazamo.
ephezulu	Ngenye	Ngenye imini, iKitty yabona intaka emthini ephezulu.	ephezulu imini, iKitty yabona intaka emthini Ngenye.
enkulu	ibhokisi	Wabona ibhokisi enkulu.	Wabona enkulu ibhokisi.
sokudlala	wayekhathazekile	U-Amy wayekhathazekile kuba waphulukana nesithsaba sokudlala.	U-Amy sokudlala kuba waphulukana nesithsaba wayekhathazekile.
igolide	okanye	Ayisiyo yesilivere okanye igolide.	Ayisiyo yesilivere igolide okanye.
Kodwa	womelele	Kodwa uTom womelele.	womelele uTom Kodwa.
aqaqambileyo	obuhle	Wayenobuso obuhle onamagama amakhulu, aqaqambileyo.	Wayenobuso aqaqambileyo onamagama amakhulu, obuhle.
yedwa	yayihlala	Into yokudlala yayibuhlungu kuba yayihlala yedwa.	Into yokudlala yayibuhlungu kuba yedwa yayihlala.
ityhala	kwe-wreck	I-Zip ityhala ilori ngaphandle kwe-wreck.	I-Zip kwe-wreck ilori ngaphandle ityhala.
Yayiyincwadana	yokundwendwela	Yayiyincwadana yokundwendwela uLisa!	yokundwendwela Yayiyincwadana uLisa!
indawo	Ekupheleni	Ekupheleni kogqatso, indawo yaphumelela!	indawo kogqatso, Ekupheleni yaphumelela!
Bafuna	ukudlala	Bafuna nje ukudlala ngemipu yabo yokudlala.	ukudlala nje Bafuna ngemipu yabo yokudlala.
Ilanga	isibhakabhaka	Ilanga laphuma ilanga, kwaye isibhakabhaka sasinje.	isibhakabhaka laphuma ilanga, kwaye Ilanga sasinje.
bokuyila	Ucinga	Ucinga ngobuxoki bokuyila.	bokuyila ngobuxoki Ucinga.
kakhulu	noTom	I-Lily kunye noTom bavuya kakhulu.	I-Lily kunye kakhulu bavuya noTom.
ayive	Wayengazange	Wayengazange ayive into enje ngaphambili.	ayive Wayengazange into enje ngaphambili.
wayethanda	yonke	Lo mntu wayethanda ukuhamba imini yonke.	Lo mntu yonke ukuhamba imini wayethanda.
babona	umhlobo	Baza babona umhlobo wabo, uSam.	Baza umhlobo babona wabo, uSam.
into	engalindelekanga	Kodwa, kwenzeka into engalindelekanga!	Kodwa, kwenzeka engalindelekanga into!
obuhlekisayo	Benza	Benza ubuso obuhlekisayo.	obuhlekisayo ubuso Benza.
yawa	phantsi	Indoda yawa phantsi.	Indoda phantsi yawa.
kaSam	Ke	Ke, waya endlwini kaSam notolo.	kaSam, waya endlwini Ke notolo.
Wacela	kuye	Wacela uncedo kuye umama wakhe.	kuye uncedo Wacela umama wakhe.
Ifikelele	wetafile	Ifikelele kumda wetafile.	wetafile kumda Ifikelele.
Igama	wayenesigebenga	Igama lakhe yayinguTom kwaye wayenesigebenga esibomvu.	wayenesigebenga lakhe yayinguTom kwaye Igama esibomvu.
ekufuphi	wayehlala	UFred wayehlala kwi-swamp ekufuphi nedolophu.	UFred ekufuphi kwi-swamp wayehlala nedolophu.
emuncu	wathanda	Ngeli xesha, wathanda incasa emuncu.	Ngeli xesha, emuncu incasa wathanda.
emhlabeni	wayekuthanda	UTim wayekuthanda ukudlala emhlabeni.	UTim emhlabeni ukudlala wayekuthanda.
umjelo	abantu	Bonke abantu nezilwanyana babethanda umjelo.	Bonke umjelo nezilwanyana babethanda abantu.
kuyo	ukutsiba	Wayefuna ukutsiba kuyo.	Wayefuna kuyo ukutsiba.
kude	lixesha	Babeza kumbandela kude kube lixesha lokulala.	Babeza kumbandela lixesha kube kude lokulala.
Isikhephe	enkulu	Isikhephe salandela intlanzi enkulu emanzini.	enkulu salandela intlanzi Isikhephe emanzini.
ihamba	Epakini	Epakini, iTim ihamba nekiti.	ihamba, iTim Epakini nekiti.
neebhloko	Waqala	Waqala ukwakha inqaba emde kunye neebhloko.	neebhloko ukwakha inqaba emde kunye Waqala.
ukuqubha	I-Zip	I-Zip iyakuthanda ukuqubha kwaye idlale nabahlobo bakhe.	ukuqubha iyakuthanda I-Zip kwaye idlale nabahlobo bakhe.
kwenzeka	engalindelekanga	Kodwa emva koko, kwenzeka into engalindelekanga.	Kodwa emva koko, engalindelekanga into kwenzeka.
olumnandi	zazinosuku	Zombini zazinosuku olumnandi kunye neKayak entsha.	Zombini olumnandi zazinosuku kunye neKayak entsha.
ukudanisa	Unxibe	Unxibe ingubo kwaye waqalisa ukudanisa.	ukudanisa ingubo kwaye waqalisa Unxibe.
kwi-whisper	I-Lily	I-Lily icele i-tom kwi-whisper.	kwi-whisper icele i-tom I-Lily.
ukunceda	ukuba	Wayengazi ukuba angathini ukunceda ixesha.	Wayengazi ukunceda angathini ukuba ixesha.
ihambile	inqaba	Iindonga zawa phantsi, kwaye inqaba ihambile.	Iindonga zawa phantsi, kwaye ihambile inqaba.
ukuphikisana	qalisa	USara noBen qalisa ukuphikisana.	USara noBen ukuphikisana qalisa.
ngayo	Wayefuna	Wayefuna ukudlala ngayo.	ngayo ukudlala Wayefuna.
Wacinga	kwaye	Wacinga nge-ice cream kwaye ufuna okungakumbi.	kwaye nge-ice cream Wacinga ufuna okungakumbi.
kakhulu	ngaphandle	Ngenye imini, kwakushushu kakhulu ngaphandle.	Ngenye imini, kwakushushu ngaphandle kakhulu.
uHarry	emde	Ke uHarry wamnceda ekwakheni inqaba enkulu, emde.	Ke emde wamnceda ekwakheni inqaba enkulu, uHarry.
wabo	babesepakini	U-Lily noSam babesepakini kunye nomama wabo.	U-Lily noSam wabo kunye nomama babesepakini.
ngeli	kukho	Kanye ngeli xesha, kukho itanki enkulu emnyama.	Kanye kukho xesha, ngeli itanki enkulu emnyama.
ingxolo	kwaviwa	Ngequbuliso, kwaviwa ingxolo enkulu!	Ngequbuliso, ingxolo kwaviwa enkulu!
labhabha	laza	Ke, ihobe labhabha laza lahlala kwisebe.	Ke, ihobe laza labhabha lahlala kwisebe.
bonwabile	kwaye	Badlale kunye kwaye bonwabile.	Badlale kunye bonwabile kwaye.
ngokukhawuleza	ngokubaleka	Uyifumene ngokubaleka ngokukhawuleza.	Uyifumene ngokukhawuleza ngokubaleka.
noJennie	Ihashe	Ihashe lonwabile ngalo lonke ixesha noJennie.	noJennie lonwabile ngalo lonke ixesha Ihashe.
umama	Ujonga	Ujonga umama wakhe.	umama Ujonga wakhe.
Wayenentshebe	elide	Wayenentshebe elide kunye nentonga ende.	elide Wayenentshebe kunye nentonga ende.
yenzekayo	kodwa	Uyitshiyilisile kwaye ayinikile, kodwa akukho nto yenzekayo.	Uyitshiyilisile kwaye ayinikile, yenzekayo akukho nto kodwa.
Kwakufuneka	kugqirha	Kwakufuneka banyuke baye kugqirha.	kugqirha banyuke baye Kwakufuneka.
engcono	UTim	UTim waziva engcono.	engcono waziva UTim.
ababenenxaxheba	nabasempilweni	Baba nabantwana abanoyolo nabasempilweni ababenenxaxheba kwaye bakhathalelwe.	Baba nabantwana abanoyolo ababenenxaxheba nabasempilweni kwaye bakhathalelwe.
Yayinemibala	emininzi	Yayinemibala emininzi emzimbeni wayo.	emininzi Yayinemibala emzimbeni wayo.
encinci	Imouse	Imouse encinci yeorenji yayikonwabile ukunceda abahlobo bakhe.	encinci Imouse yeorenji yayikonwabile ukunceda abahlobo bakhe.
yabambelela	kumnatha	Ijellyfish yabambelela kumnatha omkhulu.	Ijellyfish kumnatha yabambelela omkhulu.
yeza	entle	Intombazana entle yeza kunceda.	Intombazana yeza entle kunceda.
umabonwakude	Bathanda	Bathanda ukudlala ngeethoyi zabo kwaye babukele umabonwakude.	umabonwakude ukudlala ngeethoyi zabo kwaye babukele Bathanda.
omkhulu	Babona	Babona umngxunya omkhulu emhlabeni.	omkhulu umngxunya Babona emhlabeni.
Wayengazi	yintoni	Wayengazi ukuba yintoni.	yintoni ukuba Wayengazi.
encinci	yabona	Imbovane encinci yabona inyibiba kwiwebhu.	Imbovane yabona encinci inyibiba kwiwebhu.
batshintshana	kunye	I-Tom kunye nabahlobo bakhe batshintshana i-pole.	I-Tom batshintshana nabahlobo bakhe kunye i-pole.
esikhulu	yi-paw	Ijongeka ngathi yi-paw yesilwanyana esikhulu.	Ijongeka ngathi esikhulu yesilwanyana yi-paw.
iyakuthanda	I-Lizzy	I-Lizzy iyakuthanda ukwenza.	iyakuthanda I-Lizzy ukwenza.
egadini	Babaleka	Babaleka bajija egadini.	egadini bajija Babaleka.
impungutye	yabona	I-peanut yajongajikajikajika yabona impungutye.	I-peanut yajongajikajikajika impungutye yabona.
linguTim	sithile	Ngasihlandlo sithile, bekukho umfana othile ogama linguTim.	Ngasihlandlo linguTim, bekukho umfana othile ogama sithile.
isityalo	esincinci	Ngesinye isihlandlo, kwabakho isityalo esincinci.	Ngesinye isihlandlo, kwabakho esincinci isityalo.
ifumeke	I-Lily	I-Lily iphinde iphinde iphinde ifumeke iiblubhu.	ifumeke iphinde iphinde iphinde I-Lily iiblubhu.
omtsha	nomhlobo	I-Lily ihleliwe kwaye yadanisa nomhlobo wakhe omtsha.	I-Lily ihleliwe kwaye yadanisa omtsha wakhe nomhlobo.
waqhubeka	imini	Ngenye imini, waqhubeka ene-adventure.	Ngenye waqhubeka, imini ene-adventure.
ezininzi	Uya	Uya kusolula aze agobe umzimba ngeendlela ezininzi.	ezininzi kusolula aze agobe umzimba ngeendlela Uya.
abahlobo	kuqala	Wadlulisela abahlobo bakhe kwaye wafika kumthi omkhulu kuqala.	Wadlulisela kuqala bakhe kwaye wafika kumthi omkhulu abahlobo.
Bayifumene	kwelitye	Bayifumene emva kwelitye elikhulu.	kwelitye emva Bayifumene elikhulu.
Intlanzi	encinci	Intlanzi encinci yayilusizi.	encinci Intlanzi yayilusizi.
kakhulu	ukuba	Wayevuya kakhulu ukubona ukuba isebenze!	Wayevuya ukuba ukubona kakhulu isebenze!
ukuba	benze	Babengazi ukuba benze ntoni.	Babengazi benze ukuba ntoni.
Into	emininzi	Into yokudlala yayingumtya welaphu enemibala emininzi.	emininzi yokudlala yayingumtya welaphu enemibala Into.
omtsha	wayefuna	UBetty wayefuna ukunceda umhlobo wakhe omtsha.	UBetty omtsha ukunceda umhlobo wakhe wayefuna.
Ngenye	yasendle	Ngenye imini, ikati yasendle yabona umngxunya omkhulu.	yasendle imini, ikati Ngenye yabona umngxunya omkhulu.
Babevuya	ngemibala	Babevuya kakhulu ngemibala yabo emitsha.	ngemibala kakhulu Babevuya yabo emitsha.
i-acor	uSam	Ngenye imini, uSam wabona i-acor enkulu emhlabeni.	Ngenye imini, i-acor wabona uSam enkulu emhlabeni.
uye	USue	USue uye wakhangela iphepha.	uye USue wakhangela iphepha.
ikati	kukho	Uye wathi kukho ikati owenze le ngxolo.	Uye wathi ikati kukho owenze le ngxolo.
ezifanayo	ukuba	Bafumanisa ukuba banezinto ezininzi ezifanayo.	Bafumanisa ezifanayo banezinto ezininzi ukuba.
aye	abahlobo	Wagoduka aye kubonisa abahlobo bakhe.	Wagoduka abahlobo kubonisa aye bakhe.
babone	abahlobo	Babuza abahlobo babo ukuba babone i-lucy.	Babuza babone babo ukuba abahlobo i-lucy.
kunye	emthini	I-Tim kunye ne-oxy babuyela emthini.	I-Tim emthini ne-oxy babuyela kunye.
kuzo	kwaye	Iithoyi zazimibala eyahlukileyo kwaye zazinamanani kuzo.	Iithoyi zazimibala eyahlukileyo kuzo zazinamanani kwaye.
waziva	wakhe	USuzy waziva ebuhlungu kuba engazange aphulaphule umama wakhe.	USuzy wakhe ebuhlungu kuba engazange aphulaphule umama waziva.
anayo	ukuba	Babala ukuba mangaphi amakhadi anayo.	Babala anayo mangaphi amakhadi ukuba.
ii-pajamas	baza	Bagqobhoza amazinyo baza banxiba ii-pajamas zabo.	Bagqobhoza amazinyo ii-pajamas banxiba baza zabo.
kwaye	kakhulu	Bahleka kwaye bakonwaba kakhulu.	Bahleka kakhulu bakonwaba kwaye.
ukucula	kodwa	I-chicky yayilusizi kodwa yayeka ukucula.	I-chicky yayilusizi ukucula yayeka kodwa.
eqatha	Wayeyindoda	Wayeyindoda eqatha kakhulu.	eqatha Wayeyindoda kakhulu.
yayiyintoni	i-teddy	Wayezibuza ukuba yayiyintoni i-teddy yakhe.	Wayezibuza ukuba i-teddy yayiyintoni yakhe.
kakhulu	bahleka	Babaleka bahleka, benokonwaba kakhulu.	Babaleka kakhulu, benokonwaba bahleka.
ukuhleka	bakhe	Abahlobo bakhe baqala ukuhleka.	Abahlobo ukuhleka baqala bakhe.
yancuma	Ikopi	Ikopi yancuma umva.	yancuma Ikopi umva.
kwaye	wakhe	Utata wakhe wayenomsindo kwaye enexhala.	Utata kwaye wayenomsindo wakhe enexhala.
Kodwa	usadlala	Kodwa usadlala kunye.	usadlala Kodwa kunye.
lizalisekile	I-ANents	I-ANents ithemba lizalisekile!	lizalisekile ithemba I-ANents!
aqonde	U-Lucy	U-Lucy akazange aqonde, kodwa waphulaphula umama wakhe.	aqonde akazange U-Lucy, kodwa waphulaphula umama wakhe.
apho	ukuya	Bayayibona yonke into eyadiweyo ukuya apho.	Bayayibona yonke into eyadiweyo apho ukuya.
zentloko	isandi	Yenza isandi esonwabileyo kunye neenombolo zentloko.	Yenza zentloko esonwabileyo kunye neenombolo isandi.
wekite	kwaye	I-Tim ibibambe umtya wekite kwaye waya kwisilayidi.	I-Tim ibibambe umtya kwaye wekite waya kwisilayidi.
liqengqelwe	Ilitye	Ilitye eligudileyo liqengqelwe ehlathini, likhangela ioksijini.	liqengqelwe eligudileyo Ilitye ehlathini, likhangela ioksijini.
akumnandi	tom	Hayi, tom, oko akumnandi.	Hayi, akumnandi, oko tom.
iphepha	ukusika	Bathanda ukusika iphepha kwaye benze iimilo.	Bathanda iphepha ukusika kwaye benze iimilo.
uMax	I-Lily	I-Lily kwaye uMax wakhwaza.	uMax kwaye I-Lily wakhwaza.
UTom	ukuya	UTom wayefuna ukuya apho.	ukuya wayefuna UTom apho.
Wayefuna	ukudlala	Wayefuna ukudlala ngayo.	ukudlala Wayefuna ngayo.
nentlanzi	i-splash	Amadada aquack kunye nentlanzi i-splash.	Amadada aquack kunye i-splash nentlanzi.
naye	yayidlala	Umlinganiso yayidlala naye nje.	Umlinganiso naye yayidlala nje.
engalindelekanga	emva	Kodwa emva koko, kwenzeka into engalindelekanga.	Kodwa engalindelekanga koko, kwenzeka into emva.
ngengqekembe	ayikwazanga	Intaka ayikwazanga ukubhabha ngengqekembe enzima.	Intaka ngengqekembe ukubhabha ayikwazanga enzima.
ukuziva	Kodwa	Kodwa waqalisa ukuziva unexhala.	ukuziva waqalisa Kodwa unexhala.
lakhe	lacocekile	Ngoku, igumbi lakhe lacocekile.	Ngoku, igumbi lacocekile lakhe.
yakhe	akakwazanga	Ngoku, akakwazanga ukudlala nedoli yakhe ayithandayo.	Ngoku, yakhe ukudlala nedoli akakwazanga ayithandayo.
UTom	wavula	UTom wayimisa ibhasi wavula ucango.	wavula wayimisa ibhasi UTom ucango.
ngovuyo	wangena	UBobo wavula umsila wakhe kwaye wangena ngovuyo.	UBobo wavula umsila wakhe kwaye ngovuyo wangena.
I-wand	ukuba	I-wand iguqula wonke umntu ebumnyameni ukuba acule uncumo olukhulu.	ukuba iguqula wonke umntu ebumnyameni I-wand acule uncumo olukhulu.
enemibala	kukho	Ngaphakathi kukho amagumbi amabini amakhulu agcwele imihlobiso enemibala.	Ngaphakathi enemibala amagumbi amabini amakhulu agcwele imihlobiso kukho.
elihlwempuzekileyo	yayiyi-cactus	I-Spike yayiyi-cactus elihlwempuzekileyo.	I-Spike elihlwempuzekileyo yayiyi-cactus.
yabhabha	kodwa	Wazama ukubamba intaka, kodwa yabhabha.	Wazama ukubamba intaka, yabhabha kodwa.
yonke	Wayemthanda	Wayemthanda kakhulu irever kakhulu kwaye wayithatha yonke indawo.	yonke kakhulu irever kakhulu kwaye wayithatha Wayemthanda indawo.
amanyala	Epakini	Epakini, babona umthengisi ethengisa amanyala amnandi.	amanyala, babona umthengisi ethengisa Epakini amnandi.
enye	yee-petals	Wachukumisa enye yee-petals.	Wachukumisa yee-petals enye.
inkwenkwe	isilayidi	Balinda de inkwenkwe ihla isilayidi.	Balinda de isilayidi ihla inkwenkwe.
yonke	kwisitya	Uxuba yonke into kwisitya esikhulu.	Uxuba kwisitya into yonke esikhulu.
Bathanda	ukubenza	Bathanda ukubenza basondeza kwaye baphuke kwaye bebenje.	ukubenza Bathanda basondeza kwaye baphuke kwaye bebenje.
yonke	idlale	I-max kunye neenyibiba idlale kwihlabathi elitsha imini yonke.	I-max kunye neenyibiba yonke kwihlabathi elitsha imini idlale.
nentaka	enobuhlobo	Ibhere yadibana nentaka encinci, enobuhlobo.	Ibhere yadibana enobuhlobo encinci, nentaka.
Wayefuna	bacocekile	Wayefuna ukubalawula, ukuze abagcine bacocekile.	bacocekile ukubalawula, ukuze abagcine Wayefuna.
waziva	UTom	UTom waziva ekhululekile kufutshane ne-vase.	waziva UTom ekhululekile kufutshane ne-vase.
Yabona	zakhe	Yabona umntwana shan ezingalweni zakhe.	zakhe umntwana shan ezingalweni Yabona.
Yayifuna	phambili	Yayifuna ukuya phambili.	phambili ukuya Yayifuna.
kwaye	Kwakubiza	Kwakubiza kakhulu kwaye khethekile.	kwaye kakhulu Kwakubiza khethekile.
ebhedini	Wabeka	Wabeka isigcawu ebhedini yakhe.	ebhedini isigcawu Wabeka yakhe.
badle	Bahlala	Bahlala phantsi badle iicookies.	badle phantsi Bahlala iicookies.
ukuba	Basebenzisa	Basebenzisa iziqwengana zabo ukuba bahambe ngokukhawuleza kwaye bacotha.	ukuba iziqwengana zabo Basebenzisa bahambe ngokukhawuleza kwaye bacotha.
imithi	iintaka	Wabona iintaka, imithi, kwaye abantwana badlala.	Wabona imithi, iintaka, kwaye abantwana badlala.
ndinayo	ndalibala	Kodwa ndalibala ukuba ndinayo.	Kodwa ndinayo ukuba ndalibala.
yawa	Irobhothi	Irobhothi yawa emhlabeni kwaye yaphuka.	yawa Irobhothi emhlabeni kwaye yaphuka.
le	Ndiyayithanda	Ndiyayithanda le ncwadi.	le Ndiyayithanda ncwadi.
Yayiluhlaza	kwaye	Yayiluhlaza kwaye igudile.	kwaye Yayiluhlaza igudile.
abalungileyo	Ilori	Ilori neTim baba ngabahlobo abalungileyo.	abalungileyo neTim baba ngabahlobo Ilori.
yakhala	nogqatso	I-snuck yaphulukana nogqatso kwaye yakhala.	I-snuck yaphulukana yakhala kwaye nogqatso.
kunye	eshushu	Babenetshokholethi eshushu kunye neecookies nomama wabo.	Babenetshokholethi kunye eshushu neecookies nomama wabo.
I-Tim	iphunga	I-Tim ifake iphunga naye.	iphunga ifake I-Tim naye.
wathabatha	UTim	UTim wawuphakamisa phantsi kwaye wathabatha iziqwenga.	wathabatha wawuphakamisa phantsi kwaye UTim iziqwenga.
babebuhlungu	Sue	UTim no Sue babebuhlungu.	UTim no babebuhlungu Sue.
babedlala	ngaphandle	UTom noLily babedlala ngaphandle kunye neetoni zabo.	UTom noLily ngaphandle babedlala kunye neetoni zabo.
Ndiyazi	ukonwaba	Ndiyazi ukuba uzama ukonwaba.	ukonwaba ukuba uzama Ndiyazi.
okusemandleni	konke	Wayenekratshi ngaye ngokuzama konke okusemandleni akhe.	Wayenekratshi ngaye ngokuzama okusemandleni konke akhe.
inkwenkwe	linguTom	Kufutshane nomfula, kwakuhlala inkwenkwe egama linguTom.	Kufutshane nomfula, kwakuhlala linguTom egama inkwenkwe.
Kuya	wabelane	Kuya kufuneka wabelane ngeebhloko kwaye udlale kakuhle.	wabelane kufuneka Kuya ngeebhloko kwaye udlale kakuhle.
amagama	bekungalunganga	Wayengazi ukuba ukugawula amagama bekungalunganga.	Wayengazi ukuba ukugawula bekungalunganga amagama.
kodwa	uBen	Uthanda i-mosquito, kodwa uyathanda uBen.	Uthanda i-mosquito, uBen uyathanda kodwa.
Wavuya	wakhululeka	Wavuya kakhulu kwaye wakhululeka.	wakhululeka kakhulu kwaye Wavuya.
bakhala	kwaye	Balila kwaye bakhala.	Balila bakhala kwaye.
kwiithoyi	kunye	Bakhomba emithini, kwiithoyi, kunye nabahlobo babo.	Bakhomba emithini, kunye, kwiithoyi nabahlobo babo.
Babona	nentombazana	Babona nentombazana kunye nenkwenkwe.	nentombazana Babona kunye nenkwenkwe.
ne-Tom	kunye	I-Lily kunye ne-Tom zamangaliswa kakhulu.	I-Lily ne-Tom kunye zamangaliswa kakhulu.
Abakwazanga	ukufumana	Abakwazanga ukufumana i-tie ngasemva.	ukufumana Abakwazanga i-tie ngasemva.
Bava	enkulu	Bava ingxolo enkulu.	enkulu ingxolo Bava.
UTim	wayene-friendzer	UTim wayene-friendzer enkulu ekhitshini lakhe.	wayene-friendzer UTim enkulu ekhitshini lakhe.
kwaye	wafumana	Wayivula kwaye wafumana iperiny yeperiny ngaphakathi.	Wayivula wafumana kwaye iperiny yeperiny ngaphakathi.
imoto	yam	Uphule imoto yam.	Uphule yam imoto.
ngokukhawuleza	amadoda	Ubona amadoda ukuba abaleke ngokukhawuleza ngebhola.	Ubona ngokukhawuleza ukuba abaleke amadoda ngebhola.
amanzi	amaninzi	Wayengazange abone amanzi amaninzi ngaphambili.	Wayengazange abone amaninzi amanzi ngaphambili.
ngeethoyi	Inxalenye	Inxalenye ebomvu idlalwa ngeethoyi ezinkulu.	ngeethoyi ebomvu idlalwa Inxalenye ezinkulu.
omnandi	lingumbala	I-mia yayinentaka yesilwanyana egama lingumbala omnandi.	I-mia yayinentaka yesilwanyana egama omnandi lingumbala.
UAva	wamthanda	UAva wamthanda ukutya iavokhado.	wamthanda UAva ukutya iavokhado.
Ngenye	ikati	Ngenye imini, ikati idibene nenja enkulu.	ikati imini, Ngenye idibene nenja enkulu.
ngentaka	omde	Wabona umthi omde ngentaka kuyo.	Wabona umthi ngentaka omde kuyo.
Uzamile	ukuyikhonza	Uzamile ukuyikhonza inyibiba.	ukuyikhonza Uzamile inyibiba.
ukuba	Ndifuna	Ndifuna ukuba asebenze.	ukuba Ndifuna asebenze.
ukuphumelela	efuna	Wayesoloko efuna ukuphumelela.	Wayesoloko ukuphumelela efuna.
kwaye	Unomsindo	Unomsindo kwaye udanile.	kwaye Unomsindo udanile.
ukuchukumisa	inkunzi	Ufuna ukuchukumisa inkunzi yenkomo.	Ufuna inkunzi ukuchukumisa yenkomo.
lakhe	Wayeneencwadi	Wayeneencwadi ezininzi egumbini lakhe.	lakhe ezininzi egumbini Wayeneencwadi.
Tim	basusa	Sisonke, Tim, nabahlobo bakhe basusa i-Wreck.	Sisonke, basusa, nabahlobo bakhe Tim i-Wreck.
ayizange	Ikati	Ikati kunye nenja ayizange ithandane.	ayizange kunye nenja Ikati ithandane.
ujonge	nzima	Ucinga ukuba nzima kwaye ujonge macala onke.	Ucinga ukuba ujonge kwaye nzima macala onke.
yokudlala	yakhe	I-kitty ithanda ukudlala imini yonke ngemouse yakhe yokudlala.	I-kitty ithanda ukudlala imini yonke ngemouse yokudlala yakhe.
kunye	kakhulu	Abantwana abancinci kunye nenja encinci babebuhlungu kakhulu.	Abantwana abancinci kakhulu nenja encinci babebuhlungu kunye.
enkulu	Ngesinye	Ngesinye isihlandlo, kwabakho ibhere enkulu.	enkulu isihlandlo, kwabakho ibhere Ngesinye.
onamagqabi	umthi	Iigusha zabona umthi omkhulu onamagqabi amnandi.	Iigusha zabona onamagqabi omkhulu umthi amnandi.
ukuba	ufuna	Lo mthi ufuna ukuba luncedo ngakumbi kwilali.	Lo mthi ukuba ufuna luncedo ngakumbi kwilali.
uLizzy	lakhe	Ngequbuliso, uLizzy waziva empompoleni egxalabeni lakhe.	Ngequbuliso, lakhe waziva empompoleni egxalabeni uLizzy.
kaMama	ijusi	Umama kaMama wayithatha ijusi.	Umama ijusi wayithatha kaMama.
linguLucy	iKati	Ngenye imini, iKati elumkileyo egama linguLucy yafumana isokisi.	Ngenye imini, linguLucy elumkileyo egama iKati yafumana isokisi.
nengxowa	omkhulu	Wayenomdla omkhulu malunga nengxowa yengxowa.	Wayenomdla nengxowa malunga omkhulu yengxowa.
imnandi	kwaye	Intaka yonwabile kwaye imnandi.	Intaka yonwabile imnandi kwaye.
ngomsila	wakhe	I-max yajika ngomsila wakhe kuba wonwabile.	I-max yajika wakhe ngomsila kuba wonwabile.
yokudlala	ukudlala	Wayefuna ukudlala ngemoto yakhe yokudlala.	Wayefuna yokudlala ngemoto yakhe ukudlala.
waza	ingoma	USam wamamela ingoma waza waqalisa ukudanisa.	USam wamamela waza ingoma waqalisa ukudanisa.
kunye	ukudlala	Bayathanda ukudlala ngeethoyi kunye neencwadi.	Bayathanda kunye ngeethoyi ukudlala neencwadi.
ngomnatha	encinci	Emva koko, wabona intombazana encinci ngomnatha.	Emva koko, wabona intombazana ngomnatha encinci.
yeglue	Wayenebhokisi	Wayenebhokisi enkulu yeglue.	yeglue enkulu Wayenebhokisi.
ukudlala	Kodwa	Kodwa uTom akafuni ukudlala.	ukudlala uTom akafuni Kodwa.
baqhube	inqwelo-mafutha	UTim noMia batshintshana ukuze baqhube inqwelo-mafutha ebomvu.	UTim noMia batshintshana ukuze inqwelo-mafutha baqhube ebomvu.
yokudlala	awayeyithanda	UTim wayenebhere yokudlala awayeyithanda kakhulu.	UTim wayenebhere awayeyithanda yokudlala kakhulu.
Banoyolo	bakhululwa	Banoyolo kwaye bakhululwa.	bakhululwa kwaye Banoyolo.
enobys	kwaye	Wonke umntu wahleka, kwaye enobys wayeziva enekratshi.	Wonke umntu wahleka, enobys kwaye wayeziva enekratshi.
lalibonakala	nangakumbi	Ilanga lalibonakala likhanya nangakumbi.	Ilanga nangakumbi likhanya lalibonakala.
ibhokisi	Babeka	Babeka ibhokisi phantsi kwaye bangene ngaphakathi.	ibhokisi Babeka phantsi kwaye bangene ngaphakathi.
enzima	wabona	USam wabona iTim ijonge kwimpethu enzima.	USam enzima iTim ijonge kwimpethu wabona.
sokupeyinta	entle	I-Lily ithathe isigqibo sokupeyinta isakhiwo ngemibala entle.	I-Lily ithathe isigqibo entle isakhiwo ngemibala sokupeyinta.
le	Bonke	Bonke baya kuyibona le ndoda.	le baya kuyibona Bonke ndoda.
tyheli	kwaye	Watya abomvu, luhlaza kwaye tyheli.	Watya abomvu, luhlaza tyheli kwaye.
into	kwenzeka	Kodwa emva koko, kwenzeka into engalindelekanga.	Kodwa emva koko, into kwenzeka engalindelekanga.
ukubaleka	athanda	UTim akazange athanda ukubaleka okanye adlale.	UTim akazange ukubaleka athanda okanye adlale.
UTim	wayelusizi	UTim wayelusizi kodwa uSam wamnceda.	wayelusizi UTim kodwa uSam wamnceda.
nedoli	ngasemva	Uyakuvuyela ukuba nedoli yakhe ngasemva.	Uyakuvuyela ukuba ngasemva yakhe nedoli.
kokupeyinta	walamba	UBob walamba emva kokupeyinta.	UBob kokupeyinta emva walamba.
athethe	ukuba	Ndifuna ukuba athethe.	Ndifuna athethe ukuba.
sakhe	Kodwa	Kodwa kuqala, kwakufuneka afumane isigcina-ntloko sakhe.	sakhe kuqala, kwakufuneka afumane isigcina-ntloko Kodwa.
Kwigaraji	labona	Kwigaraji, ixesha labona ibhola ebomvu enkulu.	labona, ixesha Kwigaraji ibhola ebomvu enkulu.
Ngelanga	ukukhula	Ngelanga elikhanyayo, ingqolowa kaJane yaqala ukukhula.	ukukhula elikhanyayo, ingqolowa kaJane yaqala Ngelanga.
kakhulu	Babevuya	Babevuya kakhulu ngesele.	kakhulu Babevuya ngesele.
Kodwa	ukubopha	Kodwa ukubopha kwakunzima kuye.	ukubopha Kodwa kwakunzima kuye.
kwelokuba	Ngenye	Ngenye imini, wagqiba kwelokuba aqalise ukukhangela indlu yakhe.	kwelokuba imini, wagqiba Ngenye aqalise ukukhangela indlu yakhe.
ipiyano	Ebusuku	Ebusuku, ipiyano iyakukhanya.	ipiyano, Ebusuku iyakukhanya.
wayiphosa	Wayibamba	Wayibamba wayiphosa kwakhona.	wayiphosa Wayibamba kwakhona.
ixesha	enkulu	Endleleni, ixesha ladibana nenja enkulu.	Endleleni, enkulu ladibana nenja ixesha.
ukufikelela	Bafuna	Bafuna ukufikelela phezulu.	ukufikelela Bafuna phezulu.
kunye	ne-toy	UTim wayekuthanda ukudlala kunye ne-toy ye-toy skeleton imini yonke.	UTim wayekuthanda ukudlala ne-toy kunye ye-toy skeleton imini yonke.
wabo	umama	UAnna noBen bayeka ukulwa kwaye bajonga umama wabo.	UAnna noBen bayeka ukulwa kwaye bajonga wabo umama.
akazukukhathazeka	kuzo	Babenethemba lokuba akazukukhathazeka kuzo.	Babenethemba lokuba kuzo akazukukhathazeka.
bonwabile	Babetha	Babetha impendu kwaye bonwabile.	bonwabile impendu kwaye Babetha.
zabo	kwaye	Bazithatha iibhloko zabo kwaye baqalisa ukwakha.	Bazithatha iibhloko kwaye zabo baqalisa ukwakha.
nayo	ngelori	Wayefuna ukudlala ngelori nayo.	Wayefuna ukudlala nayo ngelori.
ilusizi	kodwa	I-Sue yaziva ilusizi kodwa ayinikezeli.	I-Sue yaziva kodwa ilusizi ayinikezeli.
iglasi	Babeka	Babeka iglasi engaziwayo kwishalofini.	iglasi Babeka engaziwayo kwishalofini.
emdaka	Babengafuni	Babengafuni ukudlala ngenja emdaka.	emdaka ukudlala ngenja Babengafuni.
ka-Ana	ngokuhlwa	Emva koko ngokuhlwa, utata ka-Ana weza ebaleka egadini.	Emva koko ka-Ana, utata ngokuhlwa weza ebaleka egadini.
yayingakhathali	Ngoku	Ngoku, i-Tim yayingakhathali.	yayingakhathali, i-Tim Ngoku.
indlela	wakhokelela	Uthathe isandla sikaLily kwaye wakhokelela indlela.	Uthathe isandla sikaLily kwaye indlela wakhokelela.
wabalekela	UBella	UBella wabalekela kwimfumba kwaye wafumana izinto zakhe.	wabalekela UBella kwimfumba kwaye wafumana izinto zakhe.
idibene	inyibiba	Entsimini, inyibiba idibene ne-rog.	Entsimini, idibene inyibiba ne-rog.
lakhe	yayinguFreddy	Igama lakhe yayinguFreddy.	Igama yayinguFreddy lakhe.
emoyeni	ukubhabha	Itreyi yaqala ukubhabha emoyeni!	Itreyi yaqala emoyeni ukubhabha!
bashiywe	Babengathandi	Babengathandi ukuba bashiywe phantsi.	bashiywe ukuba Babengathandi phantsi.
imouse	ilumke	Kodwa imouse ikhawuleza kwaye ilumke.	Kodwa ilumke ikhawuleza kwaye imouse.
umdlalo	Ekupheleni	Ekupheleni, uOllie uphumelele umdlalo.	umdlalo, uOllie uphumelele Ekupheleni.
uvuyo	Uyakuthanda	Uyakuthanda ukuzisa uvuyo kwigadi.	uvuyo ukuzisa Uyakuthanda kwigadi.
iLily	Ujoyina	Ujoyina iLily nenja.	iLily Ujoyina nenja.
ukuba	Abasiqondi	Abasiqondi ukuba kutheni le paki ivaliwe.	ukuba Abasiqondi kutheni le paki ivaliwe.
Babaxelela	epholileyo	Babaxelela ngeswekile epholileyo.	epholileyo ngeswekile Babaxelela.
ngumqamelo	okhethekileyo	Lo ngumqamelo okhethekileyo.	Lo okhethekileyo ngumqamelo.
ngelo	Wayenebhongo	Wayenebhongo kakhulu ngelo.	ngelo kakhulu Wayenebhongo.
wayevuya	UTim	UTim wayevuya kakhulu.	wayevuya UTim kakhulu.
kakhulu	yamangaliswa	Inkwenkwana yamangaliswa kakhulu.	Inkwenkwana kakhulu yamangaliswa.
neqanda	Wayephulukene	Wayephulukene neqanda lakhe.	neqanda Wayephulukene lakhe.
zakhe	ngequbuliso	Ukuhamba, uLucy ngequbuliso waziva echukumisa iinzwane zakhe.	Ukuhamba, uLucy zakhe waziva echukumisa iinzwane ngequbuliso.
yangena	umntu	Wonke umntu wavuya, kodwa intliziyo yentombazana yangena.	Wonke yangena wavuya, kodwa intliziyo yentombazana umntu.
kubhala	uza	Kodwa wayengazi ukuba uza kubhala njani.	Kodwa wayengazi ukuba kubhala uza njani.
Imoto	icwebekile	Imoto yayibomvu kwaye icwebekile.	icwebekile yayibomvu kwaye Imoto.
iintyatyambo	Babona	Babona iintyatyambo ezininzi ezintle.	iintyatyambo Babona ezininzi ezintle.
ihleliwe	ngokuba	I-Lily ihleliwe kwaye yabizwa ngokuba yi-max.	I-Lily ngokuba kwaye yabizwa ihleliwe yi-max.
Babaleka	emva	Babaleka emva kwentaka.	emva Babaleka kwentaka.
koko	into	Kodwa emva koko, kwenzeka into engalindelekanga.	Kodwa emva into, kwenzeka koko engalindelekanga.
wakhe	babo	Wayifaka umsila wakhe, wakhalela ubuso babo.	Wayifaka umsila babo, wakhalela ubuso wakhe.
