input1	input2	input3	label
tut	gemein	Sei nicht gemein.	Sei nicht gemein tut.
Blütenblätter	nach	Aber bald war es Zeit, nach Hause zu gehen.	Aber bald war es Zeit, nach Blütenblätter Hause zu gehen.
folgt	eine	Dann hatte er eine Idee.	Dann hatte er eine folgt Idee.
ankamen	und	Buddy schnüffelte und schnüffelte, und plötzlich fand er die Katze!	Buddy schnüffelte und ankamen schnüffelte, und ankamen plötzlich fand er die Katze!
ebenfalls	ihren	Sie wollte ihren Freunden zeigen, wie großartig es war.	Sie wollte ihren ebenfalls Freunden zeigen, wie großartig es war.
intelligente	die	Zusammen sahen sich der Raben und die Katze alle um.	Zusammen sahen sich der Raben und die intelligente Katze alle um.
fern	Sue	Sue klatschte wieder in die Hände.	Sue fern klatschte wieder in die Hände.
Schafe	Sue	Sue versuchte, einige Steine ​​zu erreichen.	Sue Schafe versuchte, einige Steine ​ ​ zu erreichen.
trocken	Schnurrbart	Tim nimmt einen Hut und einen Schnurrbart auf.	Tim nimmt einen Hut und einen Schnurrbart trocken auf.
leckte	Freundlich	Freundlich zu anderen zu sein, macht dich wichtig.	Freundlich leckte zu anderen zu sein, macht dich wichtig.
gemeinen	auch	Bobby Pinsel war auch glücklich.	Bobby Pinsel war auch gemeinen glücklich.
Sonnenschein	Es	Es gab Eis in allen Farben und Aromen.	Es Sonnenschein gab Eis in allen Farben und Aromen.
sprechen	Er	Er wurde immer kleiner.	Er sprechen wurde immer kleiner.
rühren	Fragte	Fragte Lilys Mutter.	Fragte rühren Lilys Mutter.
drehte	den	Tom warf den Ball weit weg.	Tom warf den drehte Ball weit weg.
Fremder	sauren	Diesmal mochte sie den sauren Geschmack.	Diesmal mochte sie den sauren Fremder Geschmack.
berühmt	sah	Mama kam nach Hause und sah sie glücklich.	Mama kam nach Hause und sah berühmt sie glücklich.
lange	Ich	Ich habe Hunger.	Ich lange habe Hunger.
groß	einen	Tim war sehr aufgeregt, einen großen Fisch zu fangen.	Tim war sehr aufgeregt, einen groß großen Fisch zu fangen.
betrachten	voll	Die Ziege aß das Heu, bis er voll war.	Die Ziege aß das Heu, bis er voll betrachten war.
Decken	traurig	Sie war so traurig.	Sie war so traurig Decken.
Armband	wurde	Das Spielzeug wurde immer größer!	Das Spielzeug wurde Armband immer größer!
setzen	Es	Es war eine Mischung aus Blau und Grün.	Es setzen war eine Mischung aus Blau und Grün.
schwimmen	lesen	Der Mann und der Vogel lesen den Roman zusammen.	Der Mann und der Vogel lesen schwimmen den Roman zusammen.
langsame	Der	Der Wind war immer noch stark, aber sie gingen weiter.	Der langsame Wind war immer noch stark, aber sie gingen weiter.
zufrieden	zusammen	Sie flogen weg und spielten zusammen am Himmel.	Sie flogen weg und spielten zusammen zufrieden am Himmel.
Penny	nicht	Tom hört nicht zu.	Tom hört nicht Penny zu.
schnurrt	half	Er war stolz darauf, dass er seiner Mutter half.	Er war stolz darauf, dass er seiner Mutter half schnurrt.
Lieblingshosen	Sie	Sie hatten so viel Spaß zusammen.	Sie Lieblingshosen hatten so viel Spaß zusammen.
Papa	Tages	Eines Tages war ein großer orangefarbener Komet am Himmel.	Eines Tages Papa war ein großer orangefarbener Komet am Himmel.
weiße	Sein	Sein Name war Tom und er hasste das Abendessen.	Sein weiße Name war Tom und er hasste das Abendessen.
bitten	liebte	Tim liebte Popcorn.	Tim liebte bitten Popcorn.
Eule	Er	Er hörte draußen ein lautes Geräusch.	Er Eule hörte draußen ein lautes Geräusch.
fit	und	Mia war traurig und rannte zu ihrem Haus.	Mia war traurig und fit rannte zu ihrem Haus.
Geburtstag	und	Sie spielten den ganzen Tag zusammen und hatten viel Spaß.	Sie spielten den ganzen Tag zusammen und Geburtstag hatten viel Spaß.
goss	sorgfältig	Lily war überrascht und hörte sich sorgfältig an.	Lily war überrascht und hörte sich sorgfältig goss an.
schrieb	liebte	Sie liebte es zu zeichnen und Geschichten zu erfinden.	Sie liebte schrieb es zu zeichnen und Geschichten zu erfinden.
gleiche	Schneebälle	Sie lassen ihre Schneebälle fallen und rennen zurück zum Haus.	Sie lassen ihre Schneebälle gleiche fallen und rennen zurück zum Haus.
wundervoller	schloss	Dann schloss sie die Augen und einen Wunsch.	Dann schloss wundervoller sie die Augen und einen Wunsch.
Mann	nach	Sie lachten und gingen nach Hause.	Sie lachten und gingen nach Mann Hause.
glaubte	und	Der Junge schrie erneut und der Stein bewegte sich mehr.	Der Junge schrie erneut und glaubte der Stein bewegte sich mehr.
Schleier	weiter	Er ging weiter und beobachtete die Welt um ihn herum.	Er ging weiter Schleier und beobachtete die Welt um ihn herum.
Fitnessstudio	sehr	Er fühlt sich sehr glücklich und glücklich.	Er fühlt sich sehr Fitnessstudio glücklich und glücklich.
wegzulegen	namens	Einmal war ein Junge namens Jack.	Einmal war ein Junge namens wegzulegen Jack.
Spielzeugkatze	eine	Sie hatte eine Spielzeugkatze namens Kitty.	Sie hatte eine Spielzeugkatze Spielzeugkatze namens Kitty.
Pat	sehr	Er mochte den Weg sehr.	Er mochte den Weg sehr Pat.
Land	graben	Sie machen Sandburgen, graben Löcher und sammeln Muscheln.	Sie machen Sandburgen, graben Land Löcher und sammeln Muscheln.
zarten	Zip	Zip, ein gehorsamer Hund, saß und wartete.	Zip zarten, ein gehorsamer Hund, saß und wartete.
Bild	Sie	Sie sahen ein großes Rad und viele bunte Luftballons.	Sie Bild sahen ein großes Rad und viele bunte Luftballons.
nun	rannten	Sie rannten und sprangen in den Garten.	Sie rannten nun und sprangen in den Garten.
dünne	sehr	Ihr Zimmer war sehr unordentlich.	Ihr Zimmer war sehr dünne unordentlich.
Fin	Sie	Sie spielen gerne draußen.	Sie Fin spielen gerne draußen.
James	Dinge	Der Vogel hatte viele Dinge.	Der Vogel hatte viele Dinge James.
übersprang	Eines	Eines Tages ging Tim nach draußen, um zu spielen.	Eines übersprang Tages ging Tim nach draußen, um zu spielen.
schmecken	Spielzeug	Das Spielzeug war traurig, weil es immer allein war.	Das Spielzeug schmecken war traurig, weil es immer allein war.
rutscht	sehr	Der LKW -Fahrer war sehr glücklich.	Der LKW -Fahrer war sehr rutscht glücklich.
Überraschung	Tim	Tim brachte den Basketball zu Sues Haus.	Tim Überraschung brachte den Basketball zu Sues Haus.
gefangen	waren	Sie waren glücklich.	Sie waren gefangen glücklich.
geben	traurig	Tom war traurig.	Tom war traurig geben.
Mobber	Er	Er mag seine Autos.	Er Mobber mag seine Autos.
kaltes	und	Sie spielten und kümmerten sich gern.	Sie spielten und kaltes kümmerten sich gern.
hüpfte	in	Er lebte in einem kleinen Haus.	Er lebte in hüpfte einem kleinen Haus.
blies	die	Es verbrannte die Zunge.	Es verbrannte die blies Zunge.
orangefarbene	die	Lily wollte auch die Tricks lernen.	Lily wollte auch die orangefarbene Tricks lernen.
Fall	bist	Du bist ein guter Bruder.	Du bist Fall ein guter Bruder.
langweilige	dem	Er greift nach dem Blatt.	Er greift nach dem langweilige Blatt.
entlang	Ei	Sie hatte ihr Ei verloren.	Sie hatte ihr Ei entlang verloren.
lügst	für	Die Katze steckte dort für immer fest.	Die Katze steckte dort für lügst immer fest.
Lieblings	eine	Tim hatte eine Idee!	Tim hatte eine Lieblings Idee!
Aufregendes	farbenfroh	Es ist so groß und farbenfroh!	Es ist so groß und farbenfroh Aufregendes!
Roboter	liebe	Ich liebe Geschichten.	Ich liebe Roboter Geschichten.
schreiben	Hund	Der Hund sprang in die Spüle, um ihn zu fahren.	Der Hund schreiben sprang in die Spüle, um ihn zu fahren.
Vögel	Er	Er ist schlecht.	Er Vögel ist schlecht.
Sturm	ihr	Er wollte nicht mit ihr sprechen.	Er wollte nicht mit ihr Sturm sprechen.
wusste	sie	Zusammen spielten sie und wurden gute Freunde.	Zusammen spielten sie wusste und wurden gute Freunde.
Fremder	Er	Er rannte in Lilys Zimmer und hielt den Schleier.	Er Fremder rannte in Lilys Zimmer und hielt den Schleier.
schloss	Silber	Die Katze wollte das Silber, weil es nützlich war.	Die Katze wollte das Silber schloss, weil es nützlich war.
Bruder	Der	Der Hund stinkend.	Der Bruder Hund stinkend.
krabbelte	weg	Ein großer Wind kam und blies den Bus weg!	Ein großer Wind kam und blies den Bus weg krabbelte!
Bei	Sie	Sie wollte ihnen helfen.	Sie Bei wollte ihnen helfen.
maxe	Mutter	Tim und seine Mutter lachten und klatschten in die Hände.	Tim und seine Mutter maxe lachten und klatschten in die Hände.
können	Frosch	Es war einmal ein süßer Frosch.	Es war einmal ein süßer Frosch können.
Glück	spielte	Sie spielte ein schönes Lied.	Sie spielte Glück ein schönes Lied.
Fischer	sich	Sie fühlten sich krank.	Sie fühlten sich Fischer krank.
zuvor	froh	Ich bin froh, dass du mit Oma gesprochen hast.	Ich bin froh zuvor, dass du mit Oma gesprochen hast.
Blau	Ihre	Sie haben es geschafft, als Sie Ihre Blume gezeichnet haben.	Sie haben es geschafft, als Sie Ihre Blau Blume gezeichnet haben.
Badezimmer	zeigt	Er zeigt gerne sein Horn.	Er zeigt Badezimmer gerne sein Horn.
Lass	das	Es machte ein lautes Geräusch, das den Katzensprung ließ.	Es machte ein lautes Geräusch, das Lass den Katzensprung ließ.
eilte	Puppe	Sie sah, dass die Haare ihrer Puppe chaotisch waren.	Sie sah, dass die Haare ihrer Puppe eilte chaotisch waren.
spazieren	glücklich	Sie waren glücklich und stolz auf ihr Haus.	Sie waren glücklich spazieren und stolz auf ihr Haus.
rot	Freund	Sie haben einen neuen Freund gefunden.	Sie haben einen neuen Freund rot gefunden.
gezeichnet	Datei	Sie sah eine Datei auf der Tabelle.	Sie sah eine Datei gezeichnet auf der Tabelle.
leid	namens	Eines Tages wollte ein Mann namens Tom Zeitungen verkaufen.	Eines Tages wollte ein Mann namens leid Tom Zeitungen verkaufen.
zählt	Aber	Aber Tom war immer noch verrückt.	Aber zählt Tom war immer noch verrückt.
Dunkeln	kam	Tim und Spot warteten, aber Sue kam nie zurück.	Tim und Spot warteten, aber Sue kam Dunkeln nie zurück.
Ein	an	Sie sah sich an und lächelte.	Sie sah sich an Ein und lächelte.
Sei	und	Die Katze hatte Angst und rannte weg.	Die Katze hatte Angst und Sei rannte weg.
beschließt	ihre	Sue und ihre Freunde gingen in den Park.	Sue und ihre beschließt Freunde gingen in den Park.
Dare	mehr	Sie wollen mehr spielen.	Sie wollen mehr Dare spielen.
der	und	Das Kaninchen nickte und sie hüpften glücklich, bis anserseit.	Das Kaninchen nickte und der sie hüpften glücklich, bis anserseit.
kleinen	Fisch	Sie fanden einen schnellen Fisch.	Sie fanden einen schnellen Fisch kleinen.
schmecken	Aber	Aber die Tür war verschlossen.	Aber schmecken die Tür war verschlossen.
Löffel	auf	Er starrte sie auf seltsame Weise an.	Er starrte sie auf Löffel seltsame Weise an.
Truck	hartnäckig	Sie waren hartnäckig.	Sie waren hartnäckig Truck.
älterer	und	Sie teilen den Kuchen und essen ihn glücklich.	Sie teilen den Kuchen und älterer essen ihn glücklich.
schloss	glücklich	Tim war so glücklich.	Tim war so glücklich schloss.
verabschiedeten	ist	Zuerst ist nichts passiert.	Zuerst ist verabschiedeten nichts passiert.
vorbei	Spiel	Tim übte sehr hart für das Spiel.	Tim übte sehr hart für das Spiel vorbei.
Kamera	wieder	Sie wollte die Puppe wieder glücklich machen.	Sie wollte die Puppe wieder Kamera glücklich machen.
Taube	Schlüssel	Es war ein Schlüssel.	Es war ein Schlüssel Taube.
Gesichtsausdruck	sah	Die Katze sah die Melone und wollte spielen.	Die Katze sah Gesichtsausdruck die Melone und wollte spielen.
besucht	eine	Eines Tages sah Tim eine große Schachtel.	Eines Tages sah Tim eine besucht große Schachtel.
Applaus	Kite	Tim hielt die Kite -Saite und ging zur Folie.	Tim hielt die Kite Applaus -Saite und ging zur Folie.
ruhigen	am	Die Sonne brannte hell am Himmel.	Die Sonne brannte hell am ruhigen Himmel.
hinaufklettern	mit	Er sagt mit fröhlicher Stimme.	Er sagt mit hinaufklettern fröhlicher Stimme.
nennen	ihnen	Sie sagte ihnen, dass das Teilen wichtig sei.	Sie sagte ihnen nennen, dass das Teilen wichtig sei.
Zeichen	konnte	Der Vogel war sehr glücklich und konnte wieder hoch fliegen.	Der Vogel war sehr glücklich und konnte Zeichen wieder hoch fliegen.
nächstes	und	Sie spielen gerne mit Buntstiften und Papier.	Sie spielen gerne mit Buntstiften und nächstes Papier.
Jim	auch	Der Fehler war auch langsam.	Der Fehler war auch Jim langsam.
schaut	sie	Mama liebt sie.	Mama liebt sie schaut.
chaotisch	Sie	Sie rannte und rannte, aber sie fühlte sich sehr müde.	Sie chaotisch rannte und rannte, aber sie fühlte sich sehr müde.
Superheldin	Garten	Sie mag es, den Garten Freude zu bringen.	Sie mag es, den Garten Superheldin Freude zu bringen.
gezeichnet	Sie	Sie war wütend und traurig.	Sie gezeichnet war wütend und traurig.
Herz	sehr	Du bist sehr ungezogen.	Du bist sehr Herz ungezogen.
unglücklich	auf	Sie hob sie auf und umarmten sie.	Sie hob sie auf unglücklich und umarmten sie.
Toby	nicht	Er wollte sie nicht zum Abendessen essen.	Er wollte sie nicht Toby zum Abendessen essen.
Schleife	musste	Aber zuerst musste er seinen Helm finden.	Aber zuerst musste Schleife er seinen Helm finden.
kamen	sehr	Er sprang auf den Zweig und ging sehr vorsichtig.	Er sprang auf den Zweig und ging sehr kamen vorsichtig.
sehr	ihr	Sie war traurig, weil sie ihr Spielzeug verlor.	Sie war traurig, weil sie ihr sehr Spielzeug verlor.
Zebra	ihr	Er steht vor ihr und hält das Seil.	Er steht vor ihr Zebra und hält das Seil.
aufzunehmen	nimmt	Er nimmt einen gelben Buntstift und einen braunen Buntstift.	Er nimmt aufzunehmen einen gelben Buntstift und einen braunen Buntstift.
-Katze	Hund	Eines Tages sah sie einen großen Hund namens Max.	Eines Tages sah sie einen großen Hund -Katze namens Max.
Lieblingsspielzeugauto	wollten	Sie wollten etwas Tomatensuppe essen.	Sie wollten Lieblingsspielzeugauto etwas Tomatensuppe essen.
Karotten	sich	Ben sagt und versteckt sich hinter einer Rutsche.	Ben sagt und versteckt sich Karotten hinter einer Rutsche.
Münzen	Fehler	Es war ein kleiner Fehler!	Es war ein kleiner Fehler Münzen!
Wer	der	Dann blies der Wind hart.	Dann blies der Wer Wind hart.
reisen	und	Tom war so glücklich und dankte Lily.	Tom war so glücklich und reisen dankte Lily.
aufzunehmen	viele	Das Regal hatte viele Spielsachen.	Das Regal hatte viele aufzunehmen Spielsachen.
alt	Kisten	Sarah sah draußen einen großen Kisten.	Sarah sah draußen einen großen Kisten alt.
verkaufte	und	Die Katze und der Hund begannen zu kämpfen.	Die Katze und verkaufte der Hund begannen zu kämpfen.
Kissen	Freundin	Kitty war froh, dass sie ihrer neuen Freundin helfen konnte.	Kitty war froh, dass sie ihrer neuen Freundin Kissen helfen konnte.
Die	zu	Sie weigerte sich, es der Prinzessin zu geben.	Sie weigerte sich, es der Prinzessin zu Die geben.
schnappten	Zeitung	Sue gab ihm die Zeitung und die Schere.	Sue gab ihm die Zeitung schnappten und die Schere.
bin	Nähe	Tim sah einen großen Mann in der Nähe des Baumes.	Tim sah einen großen Mann in der Nähe bin des Baumes.
entschlossenen	konnte	Er konnte den Ball nicht fangen.	Er konnte entschlossenen den Ball nicht fangen.
kriechen	und	Tim fühlte sich mutig und ging die Rutsche hinunter.	Tim fühlte sich mutig und kriechen ging die Rutsche hinunter.
Blumenkohl	Schaukel	Sie schwang gerne auf der Schaukel und jagte Schmetterlinge.	Sie schwang gerne auf der Schaukel Blumenkohl und jagte Schmetterlinge.
Stempel	der	Nach einer Weile war der Kuchen fertig.	Nach einer Weile war der Stempel Kuchen fertig.
Überraschung	ein	Spot war ein ungewöhnlicher Hund.	Spot war ein Überraschung ungewöhnlicher Hund.
Burgen	war	Tom war so aufgeregt!	Tom war Burgen so aufgeregt!
Leine	ist	Aber eines Tages ist die Sonne sehr heiß.	Aber eines Tages ist Leine die Sonne sehr heiß.
malte	und	Lily stieg auf das Fahrrad und fühlte sich nervös.	Lily stieg auf das Fahrrad und malte fühlte sich nervös.
Überall	Fluffy	Fluffy lächelte und zog den Pullover an.	Fluffy Überall lächelte und zog den Pullover an.
Hase	schaute	Die Katze schaute außerhalb des Hauses.	Die Katze schaute Hase außerhalb des Hauses.
als	Bleistift	Sara zeichnet gerne mit ihrem Bleistift.	Sara zeichnet gerne mit ihrem Bleistift als.
aussehen	gern	Der Mann drehte sich gern die Dinge.	Der Mann drehte sich gern aussehen die Dinge.
-Snack	eine	Es war eine schöne Raupe.	Es war eine -Snack schöne Raupe.
Arme	Schatz	Es war der Schatz!	Es war der Schatz Arme!
zeigte	Lochs	Sie legten sie in die Nähe des Lochs.	Sie legten sie in die Nähe des Lochs zeigte.
geirrt	weich	Wasser kann den Kaugummi weich machen.	Wasser kann den Kaugummi weich geirrt machen.
Lieblingsgemüse	Sie	Sie wuschen sie und steckten sie in eine Schüssel.	Sie Lieblingsgemüse wuschen sie und steckten sie in eine Schüssel.
kümmerten	Es	Es war einmal ein großer Hubschrauber.	Es kümmerten war einmal ein großer Hubschrauber.
Seine	traurig	Sue war traurig und überrascht.	Sue war traurig Seine und überrascht.
saßen	ja	Seine Mutter sagte ja.	Seine Mutter sagte ja saßen.
Freiheit	Max	Sie sah eine kleine Maus namens Max.	Sie sah eine kleine Maus namens Max Freiheit.
Züge	fühlte	Als sie fuhren, fühlte sich Beep müde.	Als sie fuhren, fühlte Züge sich Beep müde.
Bald	Freunde	Spot und Sue wurden Freunde.	Spot und Sue wurden Freunde Bald.
brauchte	Sie	Sie schnitten gern Papier und machten Formen.	Sie brauchte schnitten gern Papier und machten Formen.
Puppe	Farben	Es war sehr weich und hatte viele Farben.	Es war sehr weich und hatte viele Farben Puppe.
nickten	Tim	Tim war glücklich.	Tim nickten war glücklich.
wäre	zu	Der Hund hörte nicht zu.	Der Hund hörte nicht zu wäre.
nach	vor	Es rettete ihn vor dem Sturz.	Es rettete ihn vor nach dem Sturz.
Geschenk	auch	Er mochte auch das Glas!	Er mochte auch Geschenk das Glas!
Sandburgen	Sie	Sie mussten den Arzt aufsuchen.	Sie Sandburgen mussten den Arzt aufsuchen.
Autos	und	Sara macht das Auto Zoom und Piepton.	Sara macht das Auto Zoom und Autos Piepton.
Bob	Buch	Sie hatte ein neues Buch mit Märchen.	Sie hatte ein neues Buch Bob mit Märchen.
ruhige	Kraut	Beide aßen das Kraut zusammen.	Beide aßen das Kraut ruhige zusammen.
halfen	eine	Sues Party wurde gerettet und alle hatten eine tolle Zeit.	Sues Party wurde gerettet und alle hatten eine halfen tolle Zeit.
Verband	Stirn	Der Mann runzelte die Stirn.	Der Mann runzelte die Stirn Verband.
Bohne	spielten	Sie spielten den ganzen Tag zusammen.	Sie spielten Bohne den ganzen Tag zusammen.
tauschten	war	Es war einmal ein Mädchen namens Sophie.	Es war tauschten einmal ein Mädchen namens Sophie.
niest	wollte	Die Biene wollte nicht aufgeben.	Die Biene wollte niest nicht aufgeben.
schönen	ein	Es war ein Korb voller leckerer Leckereien!	Es war ein schönen Korb voller leckerer Leckereien!
morgen	um	Der Adler nickte und flog hoch, um Bob zu fangen.	Der Adler nickte und flog hoch, um morgen Bob zu fangen.
Wachs	war	Sie war sehr glücklich und wollte es essen.	Sie war Wachs sehr glücklich und wollte es essen.
Kunst	nicht	Aber er konnte das Loch im Zaun nicht finden.	Aber er konnte das Loch im Zaun nicht Kunst finden.
Wassers	Tom	Max fragte Tom, was los sei.	Max fragte Tom Wassers, was los sei.
Schnecke	sah	Er sah eine große Schachtel.	Er sah Schnecke eine große Schachtel.
Hockey	Er	Er war nicht glücklich im Regal.	Er Hockey war nicht glücklich im Regal.
Rock	aus	Er streckte die Spinne aus, um die Spinne zu berühren.	Er streckte die Spinne aus Rock, um die Spinne zu berühren.
Säge	hatten	Sie hatten beide einen tollen Tag im Zoo.	Sie hatten Säge beide einen tollen Tag im Zoo.
selbstsüchtig	ihre	Es tat ihr leid, dass sie ihre Mutter so fühlte.	Es tat ihr leid, dass sie ihre selbstsüchtig Mutter so fühlte.
Tabelle	Hund	Tim liebte es, seinen Freund Sam der Hund zu besuchen.	Tim liebte es, seinen Freund Sam der Hund Tabelle zu besuchen.
leid	zu	Tim fing an, den Baum zu besteigen.	Tim fing an, den Baum zu leid besteigen.
Bobby	Baum	Sie sah einen großen Baum mit einem Vogel darauf.	Sie sah einen großen Baum Bobby mit einem Vogel darauf.
Kiesel	daran	Sie wollte etwas Spaß daran machen.	Sie wollte etwas Spaß daran Kiesel machen.
intelligente	Tim	Als Tim die Augen öffnete, war der Vogel weg.	Als Tim intelligente die Augen öffnete, war der Vogel weg.
Tür	der	Aber als der Samen wuchs, war es kein Schatz.	Aber als der Tür Samen wuchs, war es kein Schatz.
glänzende	helfen	Sue fand etwas Wasser, um dem Kraut zu helfen.	Sue fand etwas Wasser, um dem Kraut zu helfen glänzende.
Schokoladenkuchen	Sie	Sie haben einen Club.	Sie Schokoladenkuchen haben einen Club.
eifersüchtig	Buntstift	Sie hielt den grünen Buntstift!	Sie hielt den grünen Buntstift eifersüchtig!
Papierspielzeug	verärgert	Sie sah, wie ihre Mama verärgert aussah.	Sie sah, wie ihre Mama verärgert Papierspielzeug aussah.
Sofa	Eines	Eines Tages begann es zu regnen.	Eines Sofa Tages begann es zu regnen.
gebrochene	Im	Im Inneren war eine Überraschung - ein Haufen Wasserballons!	Im gebrochene Inneren war eine Überraschung - ein Haufen Wasserballons!
Seite	Lucy	Lucy nickte und sie las das Buch weiter.	Lucy Seite nickte und sie las das Buch weiter.
Schürze	klug	Du bist sehr süß und klug.	Du bist sehr süß und klug Schürze.
Gast	sich	Tim aß das Sandwich und fühlte sich besser.	Tim aß das Sandwich und fühlte sich Gast besser.
hatten	Farm	Es lebte in einer kleinen Farm mit anderen Tieren.	Es lebte in einer kleinen Farm hatten mit anderen Tieren.
drückte	einmal	Es war einmal ein König.	Es war einmal drückte ein König.
überall	mit	Tom und Sam nahmen ihre Papier und Buntstifte mit.	Tom und Sam nahmen ihre Papier und Buntstifte mit überall.
Gummiband	in	Er schützte seine Freunde gern und hielt sie in Sicherheit.	Er schützte seine Freunde gern und hielt sie in Gummiband Sicherheit.
Geschirrspüler	Tages	Eines Tages fand der Fehler ein Spielzeug.	Eines Tages Geschirrspüler fand der Fehler ein Spielzeug.
behalten	lebte	Unter dem Baum lebte dort eine winzige Ameise namens Tim.	Unter dem Baum lebte behalten dort eine winzige Ameise namens Tim.
Seil	Dinge	Tim sammelte gern Dinge.	Tim sammelte gern Dinge Seil.
starker	Vogel	Die Kuh und der Vogel lachten.	Die Kuh und der Vogel starker lachten.
Kitty	beste	Es war die beste Suppe, die sie je hatten.	Es war die beste Kitty Suppe, die sie je hatten.
herrisch	sind	Sie sind glücklich.	Sie sind herrisch glücklich.
wie	sieht	Er sieht den Leopard.	Er sieht wie den Leopard.
Dinge	Lily	Lily war sehr überrascht, aber keine Angst mehr.	Lily Dinge war sehr überrascht, aber keine Angst mehr.
Luna	Sie	Sie fielen auf den Boden und verletzten sich.	Sie Luna fielen auf den Boden und verletzten sich.
Männer	pelzige	Es war einmal eine kleine pelzige Katze.	Es war einmal eine kleine pelzige Männer Katze.
Wurm	Es	Es war so still, dass nichts es bewegen konnte.	Es Wurm war so still, dass nichts es bewegen konnte.
Fort	Angst	Er hat keine Angst.	Er hat keine Angst Fort.
guten	lacht	Das blaue Team lacht.	Das blaue Team lacht guten.
Schmetterlinge	war	Bob war nicht wie andere Vögel.	Bob war Schmetterlinge nicht wie andere Vögel.
entzückende	sonnigen	An einem sonnigen Tag sah er eine Fliege.	An einem sonnigen entzückende Tag sah er eine Fliege.
beeindruckendes	Sitze	Ben und Lily hatten ihre eigenen Sitze mit Gürteln.	Ben und Lily hatten ihre eigenen Sitze beeindruckendes mit Gürteln.
Versteck	Lily	Lily versuchte der mürrischen Katze den Spiegel zu zeigen.	Lily Versteck versuchte der mürrischen Katze den Spiegel zu zeigen.
Rasse	Sie	Sie umarmte die Märchenpodin.	Sie Rasse umarmte die Märchenpodin.
verschwinden	genau	Der Name des Hundes ist genau richtig.	Der Name des Hundes ist genau verschwinden richtig.
bellte	Sein	Sein Bauch tat sehr weh.	Sein bellte Bauch tat sehr weh.
Truck	Im	Im Inneren sah er viele seltsame Dinge.	Im Truck Inneren sah er viele seltsame Dinge.
Die	Mädchen	Dort traf er ein kleines Mädchen namens Sally.	Dort traf er ein kleines Mädchen Die namens Sally.
schnell	und	Kitty und Billy spielten den ganzen Tag.	Kitty und schnell Billy spielten den ganzen Tag.
gegen	Sie	Sie winkte den Zauberstab und sein Spielzeug erschien!	Sie gegen winkte den Zauberstab und sein Spielzeug erschien!
tollen	war	Bob war sehr traurig.	Bob war tollen sehr traurig.
Gleiche	Draht	Das Spielzeug hatte einen Draht.	Das Spielzeug hatte einen Draht Gleiche.
abwechselnd	großer	Es war ein großer, runder Fehler!	Es war ein großer abwechselnd, runder Fehler!
Maßnahme	Modellauto	Er brachte sein Lieblingsspielzeug, ein Modellauto.	Er brachte sein Lieblingsspielzeug, ein Modellauto Maßnahme.
Bohne	sahen	Als sie paddelten, sahen sie einen großen Fisch.	Als sie paddelten, sahen Bohne sie einen großen Fisch.
liebte	die	Es flog über die Wand und in die Burg.	Es flog über die liebte Wand und in die liebte Burg.
Früchte	kann	Es kann sehr schnell zoomen.	Es kann Früchte sehr schnell zoomen.
charmanter	fühlt	Anna fühlt sich warm und gemütlich.	Anna fühlt charmanter sich warm und gemütlich.
Tüte	hatten	Dann hatten sie eine Idee.	Dann hatten Tüte sie eine Idee.
Frühling	Spielen	Das Spielzeug und Spielen flogen durch den Raum!	Das Spielzeug und Spielen Frühling flogen durch den Raum!
Interessantes	und	Lily und Ben Nicken.	Lily und Interessantes Ben Nicken.
anrufen	kleiner	Es war ein kleiner Vogel namens Sue.	Es war ein kleiner anrufen Vogel namens Sue.
roten	war	Fluffy war sehr gut im Backen.	Fluffy war roten sehr gut im Backen.
ganze	musste	Lily wusste, dass sie dieses Geschenk mit anderen teilen musste.	Lily wusste, dass sie dieses Geschenk mit anderen teilen musste ganze.
rot	so	Sie hatte so viel Spaß!	Sie hatte so rot viel Spaß!
zuverlässig	ihre	Sara nahm ihre Puppen auf und folgte ihrer Mutter.	Sara nahm ihre zuverlässig Puppen auf und folgte ihrer Mutter.
esse	wuchs	Sie konnte nicht glauben, wie hoch es wuchs!	Sie konnte nicht glauben, wie hoch es wuchs esse!
gewinnen	ihre	Sie fragte ihre Mutter, ob sie näher kommen könne.	Sie fragte ihre gewinnen Mutter, ob sie näher kommen könne.
Ameisenfreunde	haben	Sie ist froh, ihre Puppe zurück zu haben.	Sie ist froh, ihre Puppe zurück zu haben Ameisenfreunde.
schreibt	nervös	Paige war nervös.	Paige war nervös schreibt.
Spielzeugmaus	war	Spot war glücklich.	Spot war Spielzeugmaus glücklich.
Bitten	ein	Tim sah ein großes Tor in der Nähe seines Hauses.	Tim sah ein Bitten großes Tor in der Nähe seines Hauses.
Interessantes	eines	Dann gab es eines Tages einen Notfall.	Dann gab es eines Interessantes Tages einen Notfall.
krank	etwas	Dann passierte etwas Unerwartetes.	Dann passierte etwas krank Unerwartetes.
übersprang	Die	Die Aufgabe bestand darin, einen Turm mit Blöcken zu bauen.	Die übersprang Aufgabe bestand darin, einen Turm mit Blöcken zu bauen.
immer	fand	Eines Tages fand ein kleines Mädchen namens Sue ein Horn.	Eines Tages fand immer ein kleines Mädchen namens Sue ein Horn.
selbst	dann	Aber dann passierte etwas Unerwartetes.	Aber dann selbst passierte etwas Unerwartetes.
Dinosaurier	sie	Aber sie ließ den Hund trotzdem mit ihrem Ball spielen.	Aber sie Dinosaurier ließ den Hund trotzdem mit ihrem Ball spielen.
fröhlicher	Halskette	Sie weinte und versteckte die gebrochene Halskette unter ihrem Bett.	Sie weinte und versteckte die gebrochene Halskette fröhlicher unter ihrem Bett.
Blätter	lernte	Rex lernte an diesem Tag eine Lektion.	Rex lernte Blätter an diesem Tag eine Lektion.
Nachdenken	Es	Es ist braun und matschig.	Es Nachdenken ist braun und matschig.
Bob	Mannes	Es war das Ticket des reichen Mannes!	Es war das Ticket des reichen Mannes Bob!
Arzt	Sie	Sie sind Freunde.	Sie Arzt sind Freunde.
Straße	machen	Er begann sich Sorgen zu machen.	Er begann sich Sorgen zu machen Straße.
weinen	den	Er hält den grünen Teil und zieht hart.	Er hält den weinen grünen Teil und zieht hart.
normal	dann	Aber dann kam ein großer, gemeiner Hund vorbei.	Aber dann normal kam ein großer, gemeiner Hund vorbei.
Vorhang	nicht	Er sah überall hin, aber er konnte es nicht finden.	Er sah überall hin, aber er konnte es nicht Vorhang finden.
Wir	und	Sie lasen das Buch zusammen und hatten eine gute Zeit.	Sie lasen das Buch zusammen und Wir hatten eine gute Zeit.
holen	Mama	Tommy und seine Mama gingen in den Park.	Tommy und seine Mama holen gingen in den Park.
rollte	Jane	Als die Sonne unterging, verabschiedeten sich Tom und Jane.	Als die Sonne unterging, verabschiedeten sich Tom und Jane rollte.
tanze	ihnen	Sie wünschte, sie wäre nicht vor ihnen weggelaufen.	Sie wünschte, sie wäre nicht vor ihnen tanze weggelaufen.
treffen	das	Sie schauen auf das Fenster.	Sie schauen auf das treffen Fenster.
Schmetterling	Und	Und haben leckeres Eis.	Und Schmetterling haben leckeres Eis.
klingelte	sangen	Die Sonne schien und die Vögel sangen.	Die Sonne schien und die Vögel sangen klingelte.
zitterte	viele	Tim sah viele Spielsachen.	Tim sah viele zitterte Spielsachen.
wandern	und	Der Busfahrer ist nett und lächelt alle an.	Der Busfahrer ist nett und wandern lächelt alle an.
kühl	traurig	Lily und Ben sind traurig.	Lily und Ben sind traurig kühl.
Olive	zu	Die kleine Tomatenpflanze fühlte sich glücklich und begann zu blühen.	Die kleine Tomatenpflanze fühlte sich glücklich und begann zu Olive blühen.
nächste	Besonderes	Heute hatte Ted etwas Besonderes, um Mary zu zeigen.	Heute hatte Ted etwas Besonderes nächste, um Mary zu zeigen.
stoppten	Plötzlich	Plötzlich passierte etwas Ungewöhnliches.	Plötzlich stoppten passierte etwas Ungewöhnliches.
Seine	Sie	Sie haben Spaß.	Sie Seine haben Spaß.
hineinzugehen	spielen	Lass uns auf den Schaukeln spielen.	Lass uns auf den Schaukeln spielen hineinzugehen.
Sturm	mit	Max wedelte mit seinem Schwanz und bellte glücklich.	Max wedelte mit Sturm seinem Schwanz und bellte glücklich.
erreichte	Tom	Tom lebte in einem kleinen Haus im Westen.	Tom erreichte lebte in einem kleinen Haus im Westen.
ziemlich	ihren	Tom und Lily spielten draußen mit ihren Drachen.	Tom und Lily spielten draußen mit ihren ziemlich Drachen.
verlassen	hohen	Steven sah einen hohen Baum vor seinem Fenster.	Steven sah einen hohen verlassen Baum vor seinem Fenster.
Wrack	reparieren	Sie hoffen, dass sie die Rakete reparieren können.	Sie hoffen, dass sie die Rakete reparieren Wrack können.
Decken	heraus	Sie fanden heraus, dass sie viele Dinge gemeinsam hatten.	Sie fanden heraus Decken, dass sie viele Dinge gemeinsam hatten.
musste	Freund	Eines Tages traf Bounce einen neuen Freund namens Teddy.	Eines Tages traf Bounce einen neuen Freund musste namens Teddy.
Papagei	Liz	Liz lebte in einem großen Baum.	Liz Papagei lebte in einem großen Baum.
sprang	das	Lily beschloss, das Gebäude mit hübschen Farben zu malen.	Lily beschloss, das sprang Gebäude mit hübschen Farben zu malen.
Chaos	geht	Es geht dir gut.	Es geht Chaos dir gut.
einhalten	Bald	Bald kam Papa aus dem Laden zurück.	Bald einhalten kam Papa aus dem Laden zurück.
Huhn	flog	Ein kleiner Vogel namens Tim flog herum.	Ein kleiner Vogel namens Tim flog Huhn herum.
kostenlos	sah	Tim sah einen Fremden.	Tim sah kostenlos einen Fremden.
reinkommen	Hast	Hast du Snowy ausmacht?	Hast reinkommen du Snowy ausmacht?
wirbelte	Drache	Der Drache hörte nicht zu.	Der Drache wirbelte hörte nicht zu.
aufgegeben	eine	Es war einmal eine kleine Rakete.	Es war einmal eine aufgegeben kleine Rakete.
langsam	Sie	Sie lebten glücklich im großen Wald.	Sie langsam lebten glücklich im großen Wald.
Würmer	mehr	Sie lachten beide und spielten noch mehr.	Sie lachten beide und spielten noch mehr Würmer.
Brüder	machte	Eines Tages machte sie aus Ton ein beeindruckendes Spielzeug.	Eines Tages machte Brüder sie aus Ton ein beeindruckendes Spielzeug.
doch	Gitarre	Sie setzte seine Gitarre einen großen roten Bogen.	Sie setzte seine Gitarre doch einen großen roten Bogen.
Babykätzchen	glücklich	Mia war sehr glücklich.	Mia war sehr glücklich Babykätzchen.
klingeln	Ameise	Die Ameise hatte Tims Mittagstasche gefunden!	Die Ameise klingeln hatte Tims Mittagstasche gefunden!
lösen	Mann	Der Mann war frei!	Der Mann lösen war frei!
Funkelndes	den	Nach einiger Zeit verpasste das Schwein den Vogel.	Nach einiger Zeit verpasste das Schwein den Funkelndes Vogel.
nennen	wedelte	Er wedelte mit seinem Schwanz und leckte ihre Gesichter.	Er wedelte nennen mit seinem Schwanz und leckte ihre Gesichter.
Lisas	der	Sie sahen den Jungen, dem der Schlitten gehörte, nicht.	Sie sahen den Jungen, dem der Lisas Schlitten gehörte, nicht.
verwendet	auf	Lily und Ben schauten auf ihre Halbzüge.	Lily und Ben schauten auf verwendet ihre Halbzüge.
verschwunden	war	Es war rot und hatte gelbe Flecken.	Es war verschwunden rot und hatte gelbe Flecken.
Gefühle	hatte	Die Fee hatte ihr Glück wiederhergestellt.	Die Fee hatte Gefühle ihr Glück wiederhergestellt.
landete	Kissen	Sie hält am Kissen fest.	Sie hält am Kissen landete fest.
laute	war	Das Buch war gebrochen und beide waren sehr traurig.	Das Buch war laute gebrochen und beide waren sehr traurig.
Süßes	wunderschöner	Es war einmal ein wunderschöner Fluss.	Es war einmal ein wunderschöner Süßes Fluss.
Gummiband	zu	Aber seine Freunde hören nicht zu.	Aber seine Freunde hören nicht zu Gummiband.
schüttelten	zu	Momo fing an, zu seinem Baum zurückzulaufen.	Momo fing an, zu schüttelten seinem Baum zurückzulaufen.
vor	beobachten	Sie sieht, wie Sara und Ben den Bildschirm beobachten.	Sie sieht, wie Sara und Ben den Bildschirm beobachten vor.
Zauberstab	Großzügigkeit	Er dankte ihm für seine Großzügigkeit.	Er dankte ihm für seine Großzügigkeit Zauberstab.
süße	traurig	Mia war sehr traurig.	Mia war sehr traurig süße.
führte	Vogel	Der Vogel wurde verletzt und konnte nicht fliegen.	Der Vogel führte wurde verletzt und konnte nicht fliegen.
Blume	bereit	Er hatte seine Schuhe an und war bereit zu gehen.	Er hatte seine Schuhe an und war bereit Blume zu gehen.
bewegen	sah	Er sah die Nachbarschaft um.	Er sah bewegen die Nachbarschaft um.
trug	mit	Der Hund wedelte mit seinem Schwanz und leckte sein Gesicht.	Der Hund wedelte mit trug seinem Schwanz und leckte sein Gesicht.
brillante	Sie	Sie wünschte, die Männer würden verschwinden.	Sie brillante wünschte, die Männer würden verschwinden.
wach	dritte	Das dritte Mal gingen sie sehr schnell!	Das dritte wach Mal gingen sie sehr schnell!
Brieftasche	Eines	Eines Tages kam ein kleiner Junge zum Baum.	Eines Brieftasche Tages kam ein kleiner Junge zum Baum.
enthüllte	Es	Es war einmal ein Hase.	Es enthüllte war einmal ein Hase.
Bei	als	Er vergaß, es abzuholen, als er ging.	Er vergaß, es abzuholen, als Bei er ging.
piep	spielen	Wir wollen nicht mit dir spielen.	Wir wollen nicht mit dir spielen piep.
hob	sah	Er sah ein hübsches Auto.	Er sah hob ein hübsches Auto.
Nod	draußen	Also ging Lily nach draußen und fing an zu spielen.	Also ging Lily nach draußen Nod und fing an zu spielen.
versammelten	Sie	Sie sieht einen großen Teddybär.	Sie versammelten sieht einen großen Teddybär.
findet	tut	Tom tut mir leid.	Tom tut findet mir leid.
Gemüse	eine	Sie hatte eine hübsche Schachtel mit Schmuck im Inneren.	Sie hatte eine Gemüse hübsche Schachtel mit Schmuck im Inneren.
beginnen	Zimmer	Sie legte sie zurück in ihr Zimmer.	Sie legte sie zurück in ihr Zimmer beginnen.
bedeuten	sich	Sie fühlte sich glücklich und dankbar.	Sie fühlte sich bedeuten glücklich und dankbar.
Frühling	Diesmal	Diesmal vermisste es den Felsen nicht.	Diesmal Frühling vermisste es den Felsen nicht.
Der	der	Aber dann wurde der Wind zu stark.	Aber dann wurde der Der Wind zu stark.
ausbog	Schneiden	Sie denkt, sie sind zum Schneiden von Papier.	Sie denkt, sie sind zum Schneiden ausbog von Papier.
stark	Stein	Es war ein kleiner, glänzender Stein.	Es war ein kleiner, glänzender Stein stark.
war	Mutter	Und seine Mutter wusste immer, was es bedeutete.	Und seine Mutter war wusste immer, was es bedeutete.
bellt	fanden	Tim und Lily fanden Sam.	Tim und Lily fanden bellt Sam.
Bestes	schlecht	Der silberne Stift ließ den Bären schlecht aussehen.	Der silberne Stift ließ den Bären schlecht Bestes aussehen.
Staunen	war	Es war so hübsch!	Es war Staunen so hübsch!
Erdbeeren	passierte	Eines Tages, während sie spielten, passierte etwas Schlimmes.	Eines Tages, während sie spielten, passierte Erdbeeren etwas Schlimmes.
Eichel	ist	Er versteht nicht, warum Lily verrückt ist.	Er versteht nicht, warum Lily verrückt ist Eichel.
Träume	Affe	Der Affe wurde Lilys neuer Freund.	Der Affe Träume wurde Lilys neuer Freund.
Teilen	Labyrinth	Lisa war so aufgeregt, dass sie in das Labyrinth rannte.	Lisa war so aufgeregt, dass sie in das Labyrinth Teilen rannte.
Kuchen	der	Es war Sam, der die Seife bewegte, nicht Magie.	Es war Sam, der Kuchen die Seife bewegte, nicht Magie.
zurückkamen	Plötzlich	Plötzlich hören sie eine laute Rinde.	Plötzlich zurückkamen hören sie eine laute Rinde.
würde	Tür	Sie sahen einen Pfosten in der Nähe seiner Tür.	Sie sahen einen Pfosten in der Nähe seiner Tür würde.
Eichel	ihren	Tim und Sam haben ihren Ball nicht gesehen.	Tim und Sam haben ihren Eichel Ball nicht gesehen.
Medikamente	Tages	Eines Tages beschloss Lily, ihr Zimmer zu reinigen.	Eines Tages Medikamente beschloss Lily, ihr Zimmer zu reinigen.
Marmor	Brief	Sie fragte Tim nach dem Brief.	Sie fragte Tim nach dem Brief Marmor.
tat	Moment	Sein Lehrer dachte einen Moment nach und lächelte dann.	Sein Lehrer dachte einen Moment tat nach und lächelte dann.
Schokoladenkuchen	Er	Er sah das Fahrrad und dachte, es sei ein Spielzeug.	Er Schokoladenkuchen sah das Fahrrad und dachte, es sei ein Spielzeug.
schalt	war	Tom war sehr glücklich und wollte Lily zeigen.	Tom war schalt sehr glücklich und wollte Lily zeigen.
kuscheln	Sie	Sie hatten so viel Spaß!	Sie kuscheln hatten so viel Spaß!
Hundes	für	Aber die Flut war zu schnell für sie.	Aber die Flut war zu schnell für Hundes sie.
braunen	es	Sie liebten es, zusammen zu spielen und Spaß zu haben.	Sie liebten es braunen, zusammen zu spielen und Spaß zu haben.
ebenfalls	Er	Er sieht die Männer schnell mit dem Ball rennen.	Er ebenfalls sieht die Männer schnell mit dem Ball rennen.
schuldig	Socke	Sie sah die Socke in seinem Mund.	Sie sah die Socke schuldig in seinem Mund.
Harry	den	Sie gruben Löcher mit ihren Händen in den Sand.	Sie gruben Löcher mit ihren Händen in den Harry Sand.
Medizin	Angebot	Tim war glücklich und akzeptierte das Angebot des Mannes.	Tim war glücklich und akzeptierte das Angebot Medizin des Mannes.
Sumpf	sie	Sie sagten, sie liebten sie und wollten ihr helfen.	Sie sagten, sie Sumpf liebten sie Sumpf und wollten ihr helfen.
Schnur	und	Er umarmt seine Mutter und sagt Ihnen, danke.	Er umarmt seine Mutter und Schnur sagt Ihnen, danke.
großartige	eine	Sie hatte eine große Handtasche.	Sie hatte eine großartige große Handtasche.
Land	bewegte	Das Boot bewegte sich.	Das Boot bewegte Land sich.
Freundlichkeit	Er	Er tanzte so sehr, dass der Baum zitterte.	Er Freundlichkeit tanzte so sehr, dass der Baum zitterte.
ihn	zu	Tommy wurde verletzt und er fing an zu weinen.	Tommy wurde verletzt und er fing an zu ihn weinen.
Juwel	Sie	Sie gaben ihm einen Namen: Frosty.	Sie Juwel gaben ihm einen Namen: Frosty.
Ihren	einmal	Es war einmal ein wenig orangefarbener Fehler.	Es war einmal Ihren ein wenig orangefarbener Fehler.
werde	Lily	Lily versuchte erneut, Blasen zu blasen.	Lily werde versuchte erneut, Blasen zu blasen.
Spielzeugflugzeug	Timmy	Timmy lächelte und nahm den Ball auf.	Timmy Spielzeugflugzeug lächelte und nahm den Ball auf.
Otter	dass	Tim wartete darauf, dass die Fliege nahe kam.	Tim wartete darauf, dass Otter die Fliege nahe kam.
Schnecke	dass	Sie wusste nicht, dass die Katze reden konnte.	Sie wusste nicht, dass Schnecke die Katze reden konnte.
backte	den	Er lässt den Krug Hallo und auf Wiedersehen sagen.	Er lässt den backte Krug Hallo und auf Wiedersehen sagen.
konnte	am	Es schien zu schütteln und sich am Himmel zu bewegen.	Es schien zu schütteln und sich am konnte Himmel zu bewegen.
Zunge	Buch	Tim und Sam begannen sich um das Buch zu kämpfen.	Tim und Sam begannen sich um das Buch Zunge zu kämpfen.
schnelle	Papier	Sue suchte nach Papier.	Sue suchte nach Papier schnelle.
Hauses	Sie	Sie alle sagten gute Nacht und gingen schlafen.	Sie Hauses alle sagten gute Nacht und gingen schlafen.
Schüssel	sein	Er wollte sein Superhelden -Kostüm tragen.	Er wollte sein Schüssel Superhelden -Kostüm tragen.
ausruhen	war	Es war grün und glatt.	Es war ausruhen grün und glatt.
kaputte	Ordner	Dann zeigte Tim Sam die hübschen Bilder im Ordner.	Dann zeigte Tim Sam die hübschen Bilder im Ordner kaputte.
Schwert	gern	Er trug gern ein rotes Umhang.	Er trug gern Schwert ein rotes Umhang.
Top	sein	Sie mochte es nicht, nass zu sein.	Sie mochte es nicht, nass zu sein Top.
Pfosten	Frucht	Das ist eine seltene Frucht, die Persimon genannt wird.	Das ist eine seltene Frucht Pfosten, die Persimon genannt wird.
malen	kam	Eines Tages kam ein neuer Junge in die Klasse.	Eines Tages kam malen ein neuer Junge in die Klasse.
miaute	glücklich	Tim war glücklich.	Tim war glücklich miaute.
Computer	ein	Auf der Folie ist ein Junge.	Auf der Folie ist ein Computer Junge.
anzustellen	piep	Er mag es, es zu zoomen und zu piep.	Er mag es, es zu zoomen und zu piep anzustellen.
ausruhten	Die	Die Katze fühlte sich nicht mehr unangenehm.	Die ausruhten Katze fühlte sich nicht mehr unangenehm.
besten	es	Sie mochten es beide.	Sie mochten es besten beide.
Vulkan	Unerwartetes	Aber dann passierte etwas Unerwartetes.	Aber dann passierte etwas Unerwartetes Vulkan.
doch	Tim	Tim und Sam haben Angst.	Tim doch und Sam haben Angst.
Lastwagen	Aber	Aber der kleine Vogel war nicht vorsichtig.	Aber Lastwagen der kleine Vogel war nicht vorsichtig.
Samen	Tag	Er spielte gern den ganzen Tag mit ihnen.	Er spielte gern den ganzen Tag Samen mit ihnen.
half	Himmel	Die Sonne schien und der Himmel war blau.	Die Sonne schien und der Himmel half war blau.
sauren	zu	Er fing an zu weinen.	Er fing an zu sauren weinen.
wedelt	Tages	Eines Tages kam ein neues Tier zum Spielen.	Eines Tages wedelt kam ein neues Tier zum Spielen.
biegen	nicht	Tom wollte Max den Helm nicht geben.	Tom wollte Max den Helm nicht biegen geben.
Lastwagen	war	Er war so glücklich!	Er war Lastwagen so glücklich!
bemühte	verlassen	Sie verlassen das Fort.	Sie verlassen bemühte das Fort.
Pflaster	den	Tim hatte einen Spielzeugbär, den er sehr liebte.	Tim hatte einen Spielzeugbär, den Pflaster er sehr liebte.
Tante	mit	Sie hatte ein schönes Gesicht mit großen, hellen Augen.	Sie hatte ein schönes Gesicht mit Tante großen, hellen Augen.
Toto	Tag	Sie hatten einen lustigen Tag auf der Farm.	Sie hatten einen lustigen Tag Toto auf der Farm.
mag	weinen	Sie schreien und weinen.	Sie schreien und weinen mag.
einzigartig	Ort	Sie mussten einen neuen Ort zum Leben finden.	Sie mussten einen neuen Ort einzigartig zum Leben finden.
Schrie	Vogel	Tom hatte einen Freund, einen kleinen Vogel namens Sue.	Tom hatte einen Freund, einen kleinen Vogel Schrie namens Sue.
zurückkamen	Der	Der Fahrer übte viel mit seinem entzückenden Motorrad.	Der zurückkamen Fahrer übte viel mit seinem entzückenden Motorrad.
blauen	hatten	Sie hatten Angst.	Sie hatten blauen Angst.
dann	war	In der Tat war Kochen sein beliebtestes Hobby von allen.	In der Tat war dann Kochen sein beliebtestes Hobby von allen.
Mund	Menschen	Sie sehen viele Menschen.	Sie sehen viele Menschen Mund.
Geruch	groß	Kitty fühlte sich traurig und seufzte groß.	Kitty fühlte sich traurig und seufzte groß Geruch.
Sei	weg	Der Ball prallte von ihnen weg.	Der Ball prallte von ihnen weg Sei.
lacht	waren	Sie waren glücklich und sicher.	Sie waren lacht glücklich und sicher.
befanden	füttern	Sie wollte ihn nicht füttern oder streicheln.	Sie wollte ihn nicht füttern befanden oder streicheln.
Flasche	waren	Seine Freunde waren besorgt.	Seine Freunde waren Flasche besorgt.
unangenehm	solle	Sie sagte Lily, sie solle sich mit Tom teilen.	Sie sagte Lily, sie solle unangenehm sich mit Tom teilen.
gewöhnlicher	Mutter	Ihre Mutter war stolz auf sie.	Ihre Mutter gewöhnlicher war stolz auf sie.
Sarahs	in	Wir sind froh, dass du in Sicherheit bist.	Wir sind froh, dass du in Sarahs Sicherheit bist.
Goose	Dann	Dann passierte etwas Unerwartetes.	Dann Goose passierte etwas Unerwartetes.
putzen	helfen	Tim wollte helfen.	Tim wollte helfen putzen.
&quot;	Tim	Tim fühlte sich schlecht.	Tim &quot; fühlte sich schlecht.
abwischen	traurig	Tim war sehr traurig und verwirrt.	Tim war sehr traurig abwischen und verwirrt.
ihre	tippte	Er tippte zum Feuer und griff es.	Er tippte ihre zum Feuer und griff es.
bewegte	ins	Er fällt ins Wasser.	Er fällt ins bewegte Wasser.
süßes	Kuchen	In der Küche sah Lucy einen großen, leichten Kuchen.	In der Küche sah Lucy einen großen, leichten Kuchen süßes.
Tommys	Manchmal	Manchmal sahen sie Enten und Eichhörnchen.	Manchmal Tommys sahen sie Enten und Eichhörnchen.
trinken	gefährlich	Er wusste nicht, dass der Verkehr gefährlich war.	Er wusste nicht, dass der Verkehr gefährlich trinken war.
klatschte	ihr	Sie rennt danach und schwingt in ihr Netz.	Sie rennt danach und schwingt in ihr klatschte Netz.
Bitten	Sie	Sie war sehr traurig.	Sie Bitten war sehr traurig.
warm	Harley	Harley war ein loyaler Hund.	Harley warm war ein loyaler Hund.
Sitze	einen	Ich will einen Keks.	Ich will einen Sitze Keks.
Tal	namens	Einmal war ein Junge namens Tim.	Einmal war ein Junge namens Tal Tim.
gelbe	Freunde	Mias Freunde liebten ihre so tadeten Kekse.	Mias Freunde gelbe liebten ihre so tadeten Kekse.
Pfützen	und	Sam nahm den Stock und spielte damit.	Sam nahm den Stock und Pfützen spielte damit.
Drachen	Spielsachen	Die rote Part spielte mit den großen Spielsachen.	Die rote Part spielte mit den großen Spielsachen Drachen.
Schmetterling	den	Sie malte den Stein mit leuchtenden Farben.	Sie malte den Schmetterling Stein mit leuchtenden Farben.
füttern	forderten	Sie forderten um Hilfe.	Sie forderten füttern um Hilfe.
holprig	Hexe	Die Hexe trat den Ball und er ging weit weg.	Die Hexe holprig trat den Ball und er ging weit weg.
lustig	wunderschöner	Es ist ein wunderschöner Apfel.	Es ist ein wunderschöner lustig Apfel.
geliebt	Sylvia	Eines Tages ging Sylvia mit ihrer Familie in den Laden.	Eines Tages ging Sylvia geliebt mit ihrer Familie in den Laden.
aufeinander	Mutter	Sie sah ihre Mutter nicht.	Sie sah ihre Mutter aufeinander nicht.
strecken	versucht	Ben lacht und versucht das Gleiche zu tun.	Ben lacht und versucht strecken das Gleiche zu tun.
Schnitt	das	Amy schwamm zum Pfosten und sah sich das Schild an.	Amy schwamm zum Pfosten und sah sich das Schnitt Schild an.
Vulkan	sah	An der versteckten Stelle sah er eine kleine Pflanze.	An der versteckten Stelle sah Vulkan er eine kleine Pflanze.
Kaffee	er	Freddy war nass, weil er ins Wasser sprang.	Freddy war nass, weil er Kaffee ins Wasser sprang.
schließt	Lily	Lily und Ben lieben es, im Park zu spielen.	Lily schließt und Ben lieben es, im Park zu spielen.
Willst	Steak	Als Tom das Steak probierte, fand er es unglaublich!	Als Tom das Steak Willst probierte, fand er es unglaublich!
kaputt	nicht	Aber es wird nicht einfach sein.	Aber es wird nicht kaputt einfach sein.
Hope	sie	Sie wussten nicht, wie sie fliehen sollten.	Sie wussten nicht, wie sie Hope fliehen sollten.
Toms	Tages	Eines Tages traf Horsy ein Mädchen namens Lily.	Eines Tages Toms traf Horsy ein Mädchen namens Lily.
streiten	sollen	Sie wussten, dass sie Lilys Mutter zuerst hätten fragen sollen.	Sie wussten, dass sie Lilys Mutter zuerst hätten fragen sollen streiten.
Motor	und	Es ließ den Käfig los und lief weg.	Es ließ den Käfig los und Motor lief weg.
entzückenden	etwas	Aber dann passierte etwas Unerwartetes.	Aber dann passierte etwas entzückenden Unerwartetes.
falten	eine	Und eine Umarmung.	Und eine falten Umarmung.
ernsthaften	gut	Sie sind beide sehr gut und nett.	Sie sind beide sehr gut ernsthaften und nett.
Dame	und	Sie waren auch rot, blau und gelb.	Sie waren auch rot, blau und Dame gelb.
Seemann	geholfen	Sie waren froh, dass das Eis dem Babyvogel geholfen hat.	Sie waren froh, dass das Eis dem Babyvogel geholfen Seemann hat.
surfen	Sie	Sie suchen nach dem Schlüssel.	Sie surfen suchen nach dem Schlüssel.
Bär	hatte	Mama hatte eine Idee.	Mama hatte Bär eine Idee.
Bauern	Party	Mia, Sie können mit Ihrer Einladung zur Party gehen.	Mia, Sie können mit Ihrer Einladung zur Party Bauern gehen.
draußen	Spiele	Sie mag Spiele.	Sie mag Spiele draußen.
Amy	lächelte	Der Bär lächelte und ging weg.	Der Bär lächelte Amy und ging weg.
Display	um	Schließlich kam ein netter Mann, um den Aufzug zu reparieren.	Schließlich kam ein netter Mann, um Display den Aufzug zu reparieren.
sanft	aber	Chicky war traurig, hörte aber auf zu singen.	Chicky war traurig, hörte aber sanft auf zu singen.
pünktlich	lauter	Sie jubeln lauter.	Sie jubeln lauter pünktlich.
Absturz	und	Sie sind süß und zäh.	Sie sind süß und Absturz zäh.
Bobby	die	Aber dann schlüpfte die Katze auf einen feuchten Felsen.	Aber dann schlüpfte die Bobby Katze auf einen feuchten Felsen.
lernen	Kitzel	Aber dann spürte Lily ein Kitzel in ihrer Nase.	Aber dann spürte Lily ein Kitzel lernen in ihrer Nase.
Riss	Hause	Sue und Tom konnten ihren Weg nach Hause nicht finden.	Sue und Tom konnten ihren Weg nach Hause Riss nicht finden.
spazieren	gehen	Sie gehen zum Hund.	Sie gehen spazieren zum Hund.
Hug	Sie	Sie wollte auch mit dem Lastwagen spielen.	Sie Hug wollte auch mit dem Lastwagen spielen.
Lieblingsjacke	richtig	Sie wusste, dass es nicht richtig war zu stehlen.	Sie wusste, dass es nicht richtig Lieblingsjacke war zu stehlen.
bereit	Jeden	Jeden Tag hätten sie so viel Spaß!	Jeden bereit Tag hätten sie so viel Spaß!
sein	sehr	Der König war sehr glücklich.	Der König war sehr sein glücklich.
Wrack	die	Also rollten die beiden Bälle und spielten den ganzen Tag.	Also rollten die Wrack beiden Bälle und spielten den ganzen Tag.
Straße	hat	Suzy war traurig, weil sie ihrer Mutter nicht zugehört hat.	Suzy war traurig, weil sie ihrer Mutter nicht zugehört hat Straße.
nebenan	hatten	Sie hatten große Angst.	Sie hatten nebenan große Angst.
besaß	hatte	Sie hatte zum ersten Mal blühend gesehen.	Sie hatte besaß zum ersten Mal blühend gesehen.
bist	fühlten	Sie fühlten sich glücklich und leid.	Sie fühlten bist sich glücklich und leid.
Inneren	war	Lucy war glücklich und übersprang nach Hause.	Lucy war Inneren glücklich und übersprang nach Hause.
Spielzeuggitarre	sie	Sie fragten ihre Mutter, ob sie es haben könnten.	Sie fragten ihre Mutter, ob sie Spielzeuggitarre es haben könnten.
Meeres	Stufen	Sie rannte zur Rutsche und stieg die Stufen hinauf.	Sie rannte zur Rutsche und stieg die Stufen Meeres hinauf.
bevor	Tim	Tim und Sam waren traurig.	Tim bevor und Sam waren traurig.
vorsichtiger	etwas	Dann passierte etwas Unerwartetes.	Dann passierte etwas vorsichtiger Unerwartetes.
bei	es	Er wollte es seinem Freund Sue zeigen.	Er wollte es bei seinem Freund Sue zeigen.
Zeitschrift	einer	Eines Tages fand Tom einen großen Schalter an einer Wand.	Eines Tages fand Tom einen großen Schalter an einer Zeitschrift Wand.
wechselten	Lieblingsgemüse	Sein Lieblingsgemüse war die Karotte.	Sein Lieblingsgemüse wechselten war die Karotte.
besorgter	Freund	Er zeigte seinem Freund den Teil.	Er zeigte seinem Freund besorgter den Teil.
jemand	es	Er war sehr aufgeregt zu sehen, dass es funktioniert hat!	Er war sehr aufgeregt zu sehen, dass es jemand funktioniert hat!
Burg	sich	Alle Freunde versteckten sich in den Bäumen.	Alle Freunde versteckten sich Burg in den Bäumen.
Bilder	wollte	Anna wollte es auswählen.	Anna wollte Bilder es auswählen.
malte	erzählen	Sam versuchte Max zu erzählen, aber Max hörte nicht zu.	Sam versuchte Max zu erzählen malte, aber Max hörte nicht zu.
Leck	Auto	Das Auto hat sie auch nicht gesehen.	Das Auto Leck hat sie auch nicht gesehen.
Chris	Freunde	Fin und seine Freunde hatten Angst.	Fin und seine Freunde Chris hatten Angst.
mischte	viel	Eines Tages hat es viel geregnet.	Eines Tages hat es viel mischte geregnet.
Ofen	Mutter	Sie sehen Annas Mutter.	Sie sehen Annas Mutter Ofen.
langweilig	die	Sie wollten nicht, dass die Ente sie beißt.	Sie wollten nicht, dass die langweilig Ente sie beißt.
schrecklich	Blumen	Sie haben Blumen auf sich.	Sie haben Blumen schrecklich auf sich.
forderten	mit	Dann bedeckte er es mit mehr Sand.	Dann bedeckte er es mit forderten mehr Sand.
Schauspiel	und	Sie nehmen Luna auf und kuscheln sie.	Sie nehmen Luna auf und Schauspiel kuscheln sie.
aufgeregt	die	Das Monster verfolgte die Menschen in der Stadt.	Das Monster verfolgte die aufgeregt Menschen in der Stadt.
Büchern	versuchte	Der Platz versuchte es auch, aber es war nicht einfach.	Der Platz versuchte Büchern es auch, aber es war nicht einfach.
ihn	sich	Jeden Tag kümmerte sich Lily um den Vogel.	Jeden Tag kümmerte sich ihn Lily um den Vogel.
erhalten	fliegen	Eines Tages versuchte Tim, hoch zu fliegen.	Eines Tages versuchte Tim, hoch zu fliegen erhalten.
schob	den	Sie alle wollten den Preis, ein großes Ei.	Sie alle wollten den schob Preis, ein großes Ei.
Modellauto	rosa	Sie liebte rosa Dinge.	Sie liebte rosa Modellauto Dinge.
Reise	Park	Eines Tages ging Bob im Park spazieren.	Eines Tages ging Bob im Park Reise spazieren.
Bree	Freund	Tom ging zu seinem Freund Sue.	Tom ging zu seinem Freund Bree Sue.
Kekse	Bilder	Sie sieht Bilder von Pflanzen, Fischen und Menschen.	Sie sieht Bilder Kekse von Pflanzen, Fischen und Menschen.
-jähriger	Stücke	Das Glas brach in viele Stücke ein.	Das Glas brach in viele Stücke -jähriger ein.
niemals	eng	Sie alle standen eng zusammen und machten ein großes Dreieck.	Sie alle standen eng niemals zusammen und machten ein großes Dreieck.
Hubschrauber	Mama	Mama und Papa waren froh.	Mama Hubschrauber und Papa waren froh.
vielleicht	Sie	Sie haben im Sommer viel Spaß.	Sie vielleicht haben im Sommer viel Spaß.
ruft	hatte	Tim hatte eine Idee.	Tim hatte ruft eine Idee.
küsst	die	Der kleine Junge war froh, die Ziege glücklich zu sehen.	Der kleine Junge war froh, die küsst Ziege glücklich zu sehen.
habe	und	Er dachte, Lily und Ben würden ihm nicht vergeben.	Er dachte, Lily und habe Ben würden ihm nicht vergeben.
braune	Plötzlich	Plötzlich sah sie einen Fremden.	Plötzlich braune sah sie einen Fremden.
Tagen	auf	Es landete auf der Nase eines kleinen Mädchens.	Es landete auf Tagen der Nase eines kleinen Mädchens.
können	Schachtel	Unter dem Baum fanden sie eine kleine Schachtel.	Unter dem Baum fanden sie eine kleine Schachtel können.
waschen	Aber	Aber der Löwe hat sie nicht vergessen.	Aber waschen der Löwe hat sie nicht vergessen.
Stadt	Spielsachen	Sie teilen ihre Spielsachen und haben Spaß.	Sie teilen ihre Spielsachen Stadt und haben Spaß.
bringen	sich	Sie wechseln sich ab und helfen sich gegenseitig.	Sie wechseln sich bringen ab und helfen sich bringen gegenseitig.
Protokoll	sein	Es war sein Lieblingsspielzeug.	Es war sein Protokoll Lieblingsspielzeug.
gebeugt	Er	Er fand ein neues Spielzeug.	Er gebeugt fand ein neues Spielzeug.
Liebe	Nähe	Viele Tiere lebten in der Nähe des Sees.	Viele Tiere lebten in der Nähe Liebe des Sees.
Etikett	hatten	Sie sprachen und lachten und hatten Spaß.	Sie sprachen und lachten und hatten Etikett Spaß.
gefangen	Interessantes	Eines Tages sah sie etwas sehr Interessantes.	Eines Tages sah sie etwas sehr Interessantes gefangen.
Lehrer	die	Also öffneten sie die Box zusammen.	Also öffneten sie die Lehrer Box zusammen.
Maisschwung	zu	Sie bat ihre Mutter, Tom zu helfen.	Sie bat ihre Mutter, Tom zu Maisschwung helfen.
reichen	traurig	Jack war sehr traurig.	Jack war sehr traurig reichen.
startete	war	Es war glänzend!	Es war startete glänzend!
Spidey	leid	Sie tut ihm leid.	Sie tut ihm leid Spidey.
Prinzessin	hatte	Der Junge hatte ein großes Stirnrunzeln im Gesicht.	Der Junge hatte Prinzessin ein großes Stirnrunzeln im Gesicht.
Teeparty	verletzen	Das Messer kann dich verletzen und dich bluten lassen.	Das Messer kann dich verletzen Teeparty und dich bluten lassen.
schönes	wollte	Eines Tages wollte der kleine Fisch tauchen.	Eines Tages wollte schönes der kleine Fisch tauchen.
Brieftasche	Himmel	Bob ging gern hoch am Himmel.	Bob ging gern hoch am Himmel Brieftasche.
greifen	helfen	Aber er wollte helfen.	Aber er wollte helfen greifen.
Ameise	Rasse	Sie vergaßen die Rasse und den Zaun.	Sie vergaßen die Rasse Ameise und den Zaun.
erstaunlicher	weinen	Mimi fing an zu weinen.	Mimi fing an zu weinen erstaunlicher.
Buch	mit	Sie helfen ihr mit ihrem Kostüm und ihren Haaren.	Sie helfen ihr mit Buch ihrem Kostüm und ihren Haaren.
erreichte	flog	Eines Tages flog ein kleines Flugzeug am Himmel.	Eines Tages flog erreichte ein kleines Flugzeug am Himmel.
bestanden	dunklen	Das Auto sah einen langen, dunklen Tunnel.	Das Auto sah einen langen, dunklen bestanden Tunnel.
Faye	Kinder	Als sie dort ankamen, sahen sie viele Kinder mit Spielzeug.	Als sie dort ankamen, sahen sie viele Kinder Faye mit Spielzeug.
Part	Hand	Sie schlang Bens Hand mit einem Tuch und umarmte ihn.	Sie schlang Bens Hand Part mit einem Tuch und umarmte ihn.
zog	Schwanz	Max wedelte mit seinem Schwanz und bellte, stimmte Tim zu.	Max wedelte mit seinem Schwanz zog und bellte, stimmte Tim zu.
aufwachte	Taschenlampe	Tim ging mit der Taschenlampe zu Sams Haus.	Tim ging mit der Taschenlampe aufwachte zu Sams Haus.
besteigen	erneut	Lily folgte dem Schwein und versuchte es erneut zu sprühen.	Lily folgte dem Schwein und versuchte es erneut besteigen zu sprühen.
Energie	öffnen	Sie alle fühlten sich schwindelig, versuchten, den Fall zu öffnen.	Sie alle fühlten sich schwindelig, versuchten, den Fall zu öffnen Energie.
harmlos	nur	Er wollte nur den Ball.	Er wollte nur harmlos den Ball.
zurück	waren	Sie waren stolz auf ihre harte Arbeit.	Sie waren zurück stolz auf ihre harte Arbeit.
Blätter	kaum	Es war so erstaunlich, dass er es kaum glauben konnte.	Es war so erstaunlich, dass er es kaum Blätter glauben konnte.
Pille	dir	Sue war sehr glücklich und sagte dir.	Sue war sehr glücklich und sagte dir Pille.
Mut	war	Die Sonne schien und der Himmel war blau.	Die Sonne schien und der Himmel war Mut blau.
öffneten	Freunden	Er spielte gern mit seinen Freunden.	Er spielte gern mit seinen Freunden öffneten.
Toby	Sie	Sie können Ihr Lieblings -Shampoo und Ihr Lieblingstuch auswählen.	Sie Toby können Ihr Lieblings -Shampoo und Ihr Lieblingstuch auswählen.
berührte	in	Sie hat Angst und mag es, in Sicherheit zu sein.	Sie hat Angst und mag es, in berührte Sicherheit zu sein.
gutes	Der	Der weiße Leopard kam ins Haus.	Der gutes weiße Leopard kam ins Haus.
laden	fühlte	Er fühlte sich einsam und gelangweilt.	Er fühlte laden sich einsam und gelangweilt.
schwingen	der	Tim liebte es, auf der Erde zu spielen.	Tim liebte es, auf der schwingen Erde zu spielen.
verschwunden	Tom	Tom und Sue spielen gerne mit Papier.	Tom verschwunden und Sue spielen gerne mit Papier.
freundliche	ein	Aber dann hörte er ein lautes Geräusch.	Aber dann hörte er ein freundliche lautes Geräusch.
dann	immer	Er dachte immer, wie andere sich fühlten.	Er dachte immer dann, wie andere sich fühlten.
Ruby	großen	Er machte einen großen Kalender mit vielen Farben.	Er machte einen großen Ruby Kalender mit vielen Farben.
Aufregung	die	Lily ging in die Garage und fand die Schachtel.	Lily ging in die Aufregung Garage und fand die Aufregung Schachtel.
lauter	Mixer	Sie rennen in die Küche und greifen den Mixer.	Sie rennen in die Küche und greifen den Mixer lauter.
Kopf	Sie	Sie spielten den ganzen Tag im Park zusammen.	Sie Kopf spielten den ganzen Tag im Park zusammen.
Pfoten	hatte	Sein Name war Tom und er hatte einen roten Hut.	Sein Name war Tom und er hatte Pfoten einen roten Hut.
Schauspiel	Spiele	Die Liste hatte Luftballons, Spiele und natürlich Trauben!	Die Liste hatte Luftballons, Spiele Schauspiel und natürlich Trauben!
oft	traurig	Die Dame sah traurig und einsam aus.	Die Dame sah traurig oft und einsam aus.
streicheln	Kekse	Sie aßen Sandwiches, Obst und Kekse.	Sie aßen Sandwiches, Obst und Kekse streicheln.
friedlich	und	Ben nickte und fing an zu zählen.	Ben nickte und friedlich fing an zu zählen.
Burg	der	Dann hatte der süße Soldat eine Idee.	Dann hatte der Burg süße Soldat eine Idee.
Wunsch	Chaos	Er hatte ein großes Chaos gemacht!	Er hatte ein großes Chaos Wunsch gemacht!
Gigi	ihr	Sie war sehr aufgeregt, weil ihr Geburtstag bald kam.	Sie war sehr aufgeregt, weil ihr Gigi Geburtstag bald kam.
herrisch	war	Max war bereit.	Max war herrisch bereit.
Nod	gerne	Tim war ein normaler Junge, der gerne draußen spielte.	Tim war ein normaler Junge, der gerne Nod draußen spielte.
sein	verdrehten	Sie alle zogen und verdrehten das Seil.	Sie alle zogen und verdrehten sein das Seil.
orangefarbenen	zusammen	Sie bewunderten die Sterne zusammen.	Sie bewunderten die Sterne zusammen orangefarbenen.
Märchen	Tages	Eines Tages sah Tom ein Rennen.	Eines Tages Märchen sah Tom ein Rennen.
Diese	Zeitung	Jeden Tag passen sie ihre Zeitung in lustige Formen zusammen.	Jeden Tag passen sie ihre Zeitung Diese in lustige Formen zusammen.
rennt	dass	Sie wussten nicht, dass er das Kreuz besaß.	Sie wussten nicht, dass rennt er das Kreuz besaß.
Olive	esse	Aber ich esse keine Knochen.	Aber ich esse Olive keine Knochen.
lächelnd	einem	Einmal gab es eine Biene, die in einem Bienenstock lebte.	Einmal gab es eine Biene, die in einem lächelnd Bienenstock lebte.
Schlamm	ging	Dann ging Lily mit ihren Freunden.	Dann ging Schlamm Lily mit ihren Freunden.
Hinterbein	Winter	Der Winter war schön.	Der Winter Hinterbein war schön.
großartige	Ich	Ich wusste es nicht.	Ich großartige wusste es nicht.
Verfügung	in	Er hofft, dass Tim in Sicherheit sein wird.	Er hofft, dass Tim in Verfügung Sicherheit sein wird.
maxe	war	Max war nass und glücklich.	Max war maxe nass und glücklich.
wohin	Er	Er sah einen neuen Freund, einen großen Hund namens Max.	Er wohin sah einen neuen Freund, einen großen Hund namens Max.
Zwillinge	auf	Sie hatte etwas auf dieser mysteriösen schwarzen Insel gefunden.	Sie hatte etwas auf Zwillinge dieser mysteriösen schwarzen Insel gefunden.
Kristall	auf	Er hob es auf und zeigte es seiner Mutter.	Er hob es auf Kristall und zeigte es seiner Mutter.
Ende	und	Ben und Lily beobachteten ihn.	Ben und Ende Lily beobachteten ihn.
unterrichten	du	Kannst du mir helfen?	Kannst du unterrichten mir helfen?
versucht	beide	Sie waren beide traurig.	Sie waren beide versucht traurig.
hinein	warten	Sie warten, bis der Junge die Rutsche hinuntergeht.	Sie warten hinein, bis der Junge die Rutsche hinuntergeht.
Orange	Tim	Tim hatte eine Idee!	Tim Orange hatte eine Idee!
wählen	auswählen	Und ich werde die Blumen nicht mehr auswählen.	Und ich werde die Blumen nicht mehr auswählen wählen.
unabhängig	ein	Es war rot und hatte ein Horn und einen Korb.	Es war rot und hatte ein unabhängig Horn und einen Korb.
Tomatensuppe	spielen	Die dünne Katze wollte mit dem Ofen spielen.	Die dünne Katze wollte mit dem Ofen spielen Tomatensuppe.
kaputt	zu	Sie rannte zu seinem Haus und klopfte an die Tür.	Sie rannte zu kaputt seinem Haus und klopfte an die Tür.
lächelte	Unerwartetes	Aber dann passierte etwas Unerwartetes.	Aber dann passierte etwas Unerwartetes lächelte.
Garnkatze	unter	Bald fand Mia die Spielzeugmaus unter einem Busch.	Bald fand Mia die Spielzeugmaus unter Garnkatze einem Busch.
zuvor	fanden	Sie fanden einen Hut, der widerlich war.	Sie fanden zuvor einen Hut, der widerlich war.
gegessen	Es	Es war einmal ein großer schwarzer Tank.	Es gegessen war einmal ein großer schwarzer Tank.
Truck	zum	Sie gingen langsam zum Kaninchen.	Sie gingen langsam zum Truck Kaninchen.
bringen	sehen	Er wollte sehen, wie hoch er war.	Er wollte sehen bringen, wie hoch er war.
Anweisungen	das	Der hohe Baum mochte das nicht.	Der hohe Baum mochte das Anweisungen nicht.
grüne	nicht	Lily hatte Angst und wusste nicht, was zu tun war.	Lily hatte Angst und wusste nicht grüne, was zu tun war.
Kekse	sah	Er sah einen ruhigen, großen Stuhl.	Er sah Kekse einen ruhigen, großen Stuhl.
erstaunliche	spielten	Sie spielten jeden Tag im Hafen.	Sie spielten erstaunliche jeden Tag im Hafen.
steht	und	Die Sonne schien und die Vögel sangen.	Die Sonne schien und steht die Vögel sangen.
glatt	es	Er trinkt es Milch oder Saft.	Er trinkt es glatt Milch oder Saft.
schob	sah	Das Mädchen sah sich um, aber sie konnte niemanden sehen.	Das Mädchen sah schob sich um, aber sie konnte niemanden sehen.
Erde	zu	Es tut ihnen leid, selbstsüchtig zu sein.	Es tut ihnen leid, selbstsüchtig zu Erde sein.
Hinterbein	es	Sie wussten, dass sie es reparieren konnten.	Sie wussten, dass sie es Hinterbein reparieren konnten.
als	wurde	Das Ding wurde immer größer.	Das Ding wurde als immer größer.
Lieblingshosen	und	Er sah eine Garnelen und wollte spielen.	Er sah eine Garnelen und Lieblingshosen wollte spielen.
verärgern	so	Sie war so glücklich und dankte Tim und Sam.	Sie war so verärgern glücklich und dankte Tim und Sam.
Wrack	hin	Ein großer Vogel stürzte sich hin und hob ihn ab!	Ein großer Vogel stürzte sich hin Wrack und hob ihn ab!
Meer	Er	Er hatte viele Freunde auf dem Feld.	Er Meer hatte viele Freunde auf dem Feld.
Spielzeugen	Recht	Sie hatten Recht.	Sie hatten Recht Spielzeugen.
Teddy	den	Spot mochte den Knochen und ließ Tim rein.	Spot mochte den Teddy Knochen und ließ Tim rein.
probierte	schönen	In der Schachtel fanden sie einen schönen roten Ball.	In der Schachtel fanden sie einen schönen probierte roten Ball.
Rakete	aus	Er wählte das neue Buch aus dem Bücherregal.	Er wählte das neue Buch aus Rakete dem Bücherregal.
redeten	Tuch	Das Tuch nickte.	Das Tuch redeten nickte.
Silber	Garnelen	Der große Fisch war schön und die Garnelen waren glücklich.	Der große Fisch war schön und die Garnelen Silber waren glücklich.
Trauben	Ich	Ich kann dich unterrichten.	Ich Trauben kann dich unterrichten.
gestern	fand	Tim fand der Bär sehr cool.	Tim fand gestern der Bär sehr cool.
spuckte	Monster	Sie fand es ein Monster.	Sie fand es ein Monster spuckte.
Tomatensuppe	ihre	Sie war traurig und mochte ihre rote Nase nicht.	Sie war traurig und mochte ihre Tomatensuppe rote Nase nicht.
erkannte	Als	Als sie sich das Messer wischte, passierte etwas Unerwartetes.	Als erkannte sie sich das Messer wischte, passierte etwas Unerwartetes.
Batterie	Gras	Sie gingen gern, gleiten und rannten auf dem Gras.	Sie gingen gern, gleiten und rannten auf dem Gras Batterie.
Brown	Paper	Max 'Big Paper Hut begann sich zu bewegen!	Max 'Big Paper Brown Hut begann sich zu bewegen!
Nachts	Ben	Ben und Lily sahen auf.	Ben Nachts und Lily sahen auf.
Sternen	schnitten	Sie schnitten die Oberseite des Kürbisses.	Sie schnitten Sternen die Oberseite des Kürbisses.
yucky	Mütze	Eines Tages, als er draußen spielte, verlor er seine Mütze.	Eines Tages, als er draußen spielte, verlor er seine Mütze yucky.
Teil	Freddy	Sein Name war Freddy.	Sein Name war Freddy Teil.
beeindruckend	und	Tom und Anna mochten das Rätsel.	Tom und beeindruckend Anna mochten das Rätsel.
Momo	Teig	Aber dann hörte der Teig auf.	Aber dann hörte der Teig Momo auf.
besaß	bat	Sie bat ihre Mutter um Hilfe.	Sie bat besaß ihre Mutter um Hilfe.
Trompete	Sara	Sara und Ben beginnen sich zu streiten.	Sara Trompete und Ben beginnen sich zu streiten.
Kristall	einen	Dort fand sie einen großen Baum mit einem Schild.	Dort fand sie einen Kristall großen Baum mit einem Schild.
spielerischen	die	Sie drückten die Taste und der Vulkan begann zu zittern.	Sie drückten die spielerischen Taste und der Vulkan begann zu zittern.
Witz	sehr	Der Wal war sehr glücklich.	Der Wal war sehr Witz glücklich.
arbeitet	Jungen	Tim gab dem Jungen ein großes Spielzeugauto.	Tim gab dem Jungen arbeitet ein großes Spielzeugauto.
genannt	gern	Sie alle gingen gern hell zusammen.	Sie alle gingen gern genannt hell zusammen.
umgehauen	weiter	Fluffy war gerne weiter.	Fluffy war gerne weiter umgehauen.
herstellen	Aber	Aber dann passierte etwas Unerwartetes!	Aber herstellen dann passierte etwas Unerwartetes!
applaudieren	Gold	Sie sind kein Silber oder Gold.	Sie sind kein Silber oder Gold applaudieren.
Kochen	fand	Er fand es beeindruckend.	Er fand Kochen es beeindruckend.
fallen	Dann	Dann passierte etwas Unerwartetes.	Dann fallen passierte etwas Unerwartetes.
leuchten	Spaß	Sie hatten viel Spaß.	Sie hatten viel Spaß leuchten.
Erwachsenen	dachte	Sie dachte und dachte darüber nach, was Bobo möchte.	Sie dachte Erwachsenen und dachte Erwachsenen darüber nach, was Bobo möchte.
Paige	auf	Sie rollte es auf den Sand.	Sie rollte es auf Paige den Sand.
Pfeil	Junge	Der Junge war erschrocken.	Der Junge Pfeil war erschrocken.
wiederhergestellt	Er	Er sah und sah einen großen, gelben Vogel.	Er wiederhergestellt sah und sah einen großen, gelben Vogel.
studierte	Sie	Sie umarmten ihn.	Sie studierte umarmten ihn.
älterer	wie	Tim war nicht wie die anderen Vögel.	Tim war nicht wie älterer die anderen Vögel.
heiraten	und	Lily lachte und rief Max an.	Lily lachte und heiraten rief Max an.
selben	Spot	Spot hatte eine Idee.	Spot selben hatte eine Idee.
behebt	Dorf	Die Menschen im Dorf waren nett und glücklich.	Die Menschen im Dorf behebt waren nett und glücklich.
Froggy	und	Tim ging und ging.	Tim ging und Froggy ging.
lächelnd	traurig	Das Eichhörnchen sah traurig aus.	Das Eichhörnchen sah traurig lächelnd aus.
schwierig	du	Was denkst du, Junge?	Was denkst du schwierig, Junge?
lauter	Tag	Sie tanzte und tanzte den ganzen Tag.	Sie tanzte und tanzte den ganzen Tag lauter.
Polizist	Auto	Sie fuhren mit ihrem Auto in ein großes Hotel.	Sie fuhren mit ihrem Auto Polizist in ein großes Hotel.
widerlich	einen	Dann sah sie einen großen roten Knopf an der Wand.	Dann sah sie einen widerlich großen roten Knopf an der Wand.
Beim	schloss	Amy trug das Blumenkleid und schloss sich der Parade an.	Amy trug das Blumenkleid und schloss Beim sich der Parade an.
Blatt	mit	Sie kam mit einem großen Teddybär zurück.	Sie kam mit Blatt einem großen Teddybär zurück.
Fin	mit	Er spielte gern mit seinem Felsen.	Er spielte gern mit Fin seinem Felsen.
Schnurrbart	hinunter	Das Schloss fiel mit einem lauten Absturz hinunter.	Das Schloss fiel mit einem lauten Absturz hinunter Schnurrbart.
charmante	brach	Es fiel nieder und brach in viele Stücke ein.	Es fiel nieder und brach charmante in viele Stücke ein.
fing	aufgeregt	Lily war sehr aufgeregt.	Lily war sehr aufgeregt fing.
Kaugummi	und	Sie würden sich sehr traurig und wütend fühlen.	Sie würden sich sehr traurig und Kaugummi wütend fühlen.
Säge	mag	Er mag den Namen.	Er mag Säge den Namen.
weißt	großes	Sie hat viele Farben und ein großes Papier.	Sie hat viele Farben und ein großes weißt Papier.
Zoom	und	Tom drehte das Papier und schnitt es aus.	Tom drehte das Papier und Zoom schnitt es aus.
Sorgen	Dann	Dann gingen sie alle nach Hause.	Dann Sorgen gingen sie alle nach Hause.
Schließlich	weil	Es war sehr schwer für Tim, weil er langsam war.	Es war sehr schwer für Tim, weil Schließlich er langsam war.
diente	flog	Sam flog hoch und bekam den Ball.	Sam flog diente hoch und bekam den Ball.
verletzen	Sie	Sie waren sehr ängstlich und wütend.	Sie verletzen waren sehr ängstlich und wütend.
hinfallen	kommt	Sie kommt in ihr Zimmer.	Sie kommt hinfallen in ihr Zimmer.
sangen	einen	Eines Tages sah Jerry einen hellen, neuen Vogelstil.	Eines Tages sah Jerry einen sangen hellen, neuen Vogelstil.
brüllen	Der	Der Strand war voller gelber Sand und blaues Wasser.	Der brüllen Strand war voller gelber Sand und blaues Wasser.
sicherer	und	Max fühlte sich verwirrt und verängstigt.	Max fühlte sich verwirrt und sicherer verängstigt.
anderen	Dieb	Der Dieb hörte nicht zu und versuchte wegzulaufen.	Der Dieb anderen hörte nicht zu und versuchte wegzulaufen.
ersten	nicht	Es war nicht glücklich, weil es ganz allein war.	Es war nicht ersten glücklich, weil es ganz allein war.
stinkend	entdeckte	Heute entdeckte sie etwas ganz Besonderes in der Küche.	Heute entdeckte stinkend sie etwas ganz Besonderes in der Küche.
Posten	Lila	Lila fiel in das Loch.	Lila Posten fiel in das Loch.
sammelte	die	Eines Tages sah die Maus eine große Katze.	Eines Tages sah die sammelte Maus eine große Katze.
unhöflicher	hin	Er legte sich hin und begann sich wieder zu entspannen.	Er legte sich hin unhöflicher und begann sich wieder zu entspannen.
frustriert	weg	Die Schlange zischte und glitt weg.	Die Schlange zischte und glitt weg frustriert.
Wärme	es	Er schüttelt es und schüttelt es, aber nichts passiert.	Er schüttelt es Wärme und schüttelt es Wärme, aber nichts passiert.
Pirat	war	Der Himmel war dunkel, aber Tim war egal.	Der Himmel war Pirat dunkel, aber Tim war Pirat egal.
Geschirrspüler	Känguru	Es war einmal ein gewöhnliches Känguru.	Es war einmal ein gewöhnliches Känguru Geschirrspüler.
Stoffpuppe	das	Plötzlich begann sich das Bücherregal zu bewegen!	Plötzlich begann sich das Stoffpuppe Bücherregal zu bewegen!
jeder	Spielzeug	Er konnte sein Spielzeug nicht finden.	Er konnte sein Spielzeug jeder nicht finden.
setzte	sind	Sie sind glücklich.	Sie sind setzte glücklich.
Kehre	mehr	Er dachte an das Eis und wollte mehr.	Er dachte an das Eis und wollte mehr Kehre.
Straße	Sie	Sie hatte viele Freunde.	Sie Straße hatte viele Freunde.
ist	Dann	Dann passierte etwas Unerwartetes.	Dann ist passierte etwas Unerwartetes.
herstellen	Der	Der Hund stimmte zu.	Der herstellen Hund stimmte zu.
Teig	egal	Es war ihm egal, ob sie Angst oder schwindlig waren.	Es war ihm egal Teig, ob sie Angst oder schwindlig waren.
Schnecke	glücklich	Er wollte Lily wieder glücklich machen.	Er wollte Lily wieder glücklich Schnecke machen.
Stan	clevere	Dann dachte der clevere Kaninchen an einen neuen Plan.	Dann dachte der clevere Stan Kaninchen an einen neuen Plan.
verwandelten	die	Buddy gab Lily die Notiz.	Buddy gab Lily die verwandelten Notiz.
kommst	und	Aber es war kalt und windig.	Aber es war kalt und kommst windig.
Klopfen	zu	Komm zu, genau richtig.	Komm zu Klopfen, genau richtig.
vor	Aber	Aber dann kamen Ärger.	Aber vor dann kamen Ärger.
hilft	Sie	Sie bekamen ihre Stofftiere und Puppen.	Sie hilft bekamen ihre Stofftiere und Puppen.
bestrebt	Als	Als Buddy fertig war, suchte er nach Kitty.	Als bestrebt Buddy fertig war, suchte er nach Kitty.
Taschenlampe	Mann	Der ältere Mann war traurig und verletzt.	Der ältere Mann Taschenlampe war traurig und verletzt.
sicherstellen	Eines	Eines Tages traf Lily einen neuen Freund.	Eines sicherstellen Tages traf Lily einen neuen Freund.
pausieren	würde	Der Vogel würde süße Lieder für sie singen.	Der Vogel würde pausieren süße Lieder für sie singen.
tanzen	einmal	Es war einmal zwei Katzen.	Es war einmal tanzen zwei Katzen.
Ecke	glücklich	Sie sind sehr glücklich.	Sie sind sehr glücklich Ecke.
befand	war	Mia war traurig.	Mia war befand traurig.
zurückkamen	feiern	Er würde seinen Geburtstag feiern!	Er würde seinen Geburtstag feiern zurückkamen!
gelangweilt	auf	Sie sah einen süßen, kleinen Welpen auf sie zu rannten.	Sie sah einen süßen, kleinen Welpen auf gelangweilt sie zu rannten.
Diamanten	Kirschen	Es mochte nicht, dass Ben und Lily seine Kirschen nahmen.	Es mochte nicht, dass Ben und Lily seine Kirschen Diamanten nahmen.
hüpfte	Oma	Dann griff Oma nach etwas.	Dann griff Oma hüpfte nach etwas.
feiern	Sie	Sie fanden, dass ihr perfektes Festival weg war.	Sie feiern fanden, dass ihr perfektes Festival weg war.
trennen	zusammen	Sie spielen gerne zusammen.	Sie spielen gerne zusammen trennen.
Reis	hatte	Sue hatte eine Idee.	Sue hatte Reis eine Idee.
Scheune	gewann	Er gewann viel Energie daran, sie zu essen.	Er gewann Scheune viel Energie daran, sie zu essen.
beinhaltete	Es	Es war einmal ein kleines Mädchen.	Es beinhaltete war einmal ein kleines Mädchen.
Quallen	Tages	Eines Tages sah Lily den Hund in der Sonne schlafen.	Eines Tages Quallen sah Lily den Hund in der Sonne schlafen.
gehorchen	war	Wer war im alten Haus?	Wer war gehorchen im alten Haus?
Tat	nach	Toms Freunde suchten alle zusammen nach dem Spaten.	Toms Freunde suchten alle zusammen nach Tat dem Spaten.
schreibt	Vater	Eines Tages ging sie mit ihrem Vater in den Park.	Eines Tages ging sie mit ihrem Vater schreibt in den Park.
waren	die	Also spielte die Band für alle.	Also spielte die waren Band für alle.
Abflusses	Die	Die Leute auf der Bühne sehen sie.	Die Abflusses Leute auf der Bühne sehen sie.
Jojo	kam	Ein großer Hund kam zu Tim.	Ein großer Hund kam Jojo zu Tim.
Wrack	war	Die Krabbe war sich nicht sicher, aber er sagte ja.	Die Krabbe war Wrack sich nicht sicher, aber er sagte ja.
davon	das	Das Auto und das Handtuch fallen auf den Boden.	Das Auto und das davon Handtuch fallen auf den Boden.
heiß	Bär	Der Bär war ihre beste Freundin.	Der Bär heiß war ihre beste Freundin.
merkt	ihr	Sie fand ihr Schreibtisch sehr nützlich.	Sie fand ihr merkt Schreibtisch sehr nützlich.
Auf	essen	Nun, lass uns gehen und ein paar Mittagessen essen.	Nun, lass uns gehen und ein paar Mittagessen essen Auf.
gelang	aufgeregt	Der kleine Junge war so aufgeregt!	Der kleine Junge war so aufgeregt gelang!
rotes	sehr	Er war sehr traurig.	Er war sehr rotes traurig.
machte	Mädchen	Ein nettes Mädchen kam, um zu helfen.	Ein nettes Mädchen machte kam, um zu helfen.
lustiger	in	Er lebte mit seinen Freunden in einem großen Teich.	Er lebte mit seinen Freunden in lustiger einem großen Teich.
erwartete	würden	Sie würden zusammen bleiben, egal was passiert.	Sie würden erwartete zusammen bleiben, egal was passiert.
spricht	Sie	Sie hatten einen guten Tag.	Sie spricht hatten einen guten Tag.
Pfützen	und	Mama lächelte und drückte Johns Hand.	Mama lächelte und Pfützen drückte Johns Hand.
Sachen	es	Jetzt hatte es einen Freund und es war sehr froh.	Jetzt hatte es Sachen einen Freund und es Sachen war sehr froh.
umarmen	hin	Sie sah überall hin.	Sie sah überall hin umarmen.
Entschuldigung	und	Der Vogel war traurig und verängstigt.	Der Vogel war traurig und Entschuldigung verängstigt.
Otter	zu	Sie pfiff zu dem Vogel, und der Vogel hörte zu.	Sie pfiff zu Otter dem Vogel, und der Vogel hörte zu Otter.
flauschig	zurück	Sie rennen zurück zum Zaun und kriechen darunter.	Sie rennen zurück flauschig zum Zaun und kriechen darunter.
Fremden	war	Es war einmal ein erstaunliches Motorrad.	Es war Fremden einmal ein erstaunliches Motorrad.
Kind	Stadt	Es war in einer kleinen Stadt.	Es war in einer kleinen Stadt Kind.
Diesmal	machen	Sie dachten, es würde Spaß machen, den Hügel zu besteigen.	Sie dachten, es würde Spaß machen Diesmal, den Hügel zu besteigen.
matschig	nach	Rose ging ins Badezimmer und suchte nach ihrem Rasierer.	Rose ging ins Badezimmer und suchte nach matschig ihrem Rasierer.
Roman	traurig	Tim war traurig.	Tim war traurig Roman.
beschäftigt	eine	Sie sahen eine erstaunliche, glänzende Sache.	Sie sahen eine beschäftigt erstaunliche, glänzende Sache.
verletzte	zu	Lily liebte es, mit Rätseln zu spielen.	Lily liebte es, mit Rätseln zu verletzte spielen.
lachten	um	Sie sah sich um und sah viele andere Menschen.	Sie sah sich um lachten und sah viele andere Menschen.
Fisch	eine	Hinter dem Felsen befand sich eine versteckte Tür.	Hinter dem Felsen befand sich eine Fisch versteckte Tür.
Bestes	Tom	Sara und Tom hatten Angst.	Sara und Tom Bestes hatten Angst.
Angebot	Tages	Eines Tages verlor Lily ihr Spielzeugauto.	Eines Tages Angebot verlor Lily ihr Spielzeugauto.
Pirat	wählen	Sie mussten wählen, was sie kaufen sollten.	Sie mussten wählen Pirat, was sie kaufen sollten.
unhöflich	dem	Das Insekt war glücklich und vertraute dem Vogel.	Das Insekt war glücklich und vertraute dem unhöflich Vogel.
Würmer	es	Sie sagte, es sei der beste Kuchen aller Zeiten.	Sie sagte, es Würmer sei der beste Kuchen aller Zeiten.
vermisste	und	Der Hund wedelte seinen Schwanz und rannte davon.	Der Hund wedelte seinen Schwanz und vermisste rannte davon.
schließt	war	Das Kleid war geschrumpft!	Das Kleid war schließt geschrumpft!
ihres	Chef	Er wollte auch der Chef sein.	Er wollte auch der Chef ihres sein.
Top	mehr	Sie macht mehr Stiche.	Sie macht mehr Top Stiche.
Hackgeräusche	und	Er wurde sehr nass und kalt.	Er wurde sehr nass und Hackgeräusche kalt.
Stier	einen	Es hatte einen schönen buschigen Schwanz und helle Augen.	Es hatte einen Stier schönen buschigen Schwanz und helle Augen.
abwechselnd	Abenteuer	Eines Tages beschlossen sie, ein ganz besonderes Abenteuer zu planen.	Eines Tages beschlossen sie, ein ganz besonderes Abenteuer abwechselnd zu planen.
gearbeitet	zurück	Bobo brachte den scharfen Stock zurück zum Iglu.	Bobo brachte den scharfen Stock zurück gearbeitet zum Iglu.
Boden	Sonne	Die Sonne schien und der Himmel war blau.	Die Sonne Boden schien und der Himmel war blau.
herumzuprallen	Eichhörnchen	Tim sah das Eichhörnchen und lächelte.	Tim sah das Eichhörnchen herumzuprallen und lächelte.
Tür	rannte	Lily rannte zu ihm.	Lily rannte Tür zu ihm.
Dreijährige	Mia	Mia wollte sehen, was drin war.	Mia Dreijährige wollte sehen, was drin war.
seiner	Gedichte	Er liebte es, Gedichte zu schreiben.	Er liebte es, Gedichte seiner zu schreiben.
redeten	Bissen	Sie nahm einen großen Bissen.	Sie nahm einen großen Bissen redeten.
dort	sagt	Tom sagt und gibt Mia seine Tasse.	Tom sagt dort und gibt Mia seine Tasse.
Spielzeugautos	Arbeit	Sie war bei der Arbeit.	Sie war bei der Arbeit Spielzeugautos.
Spielzeugbär	Lily	Lily war so aufgeregt und dankte dem alten Mann.	Lily Spielzeugbär war so aufgeregt und dankte dem alten Mann.
Gürtel	einen	Der Bär traf einen kleinen, freundlichen Vogel.	Der Bär traf einen Gürtel kleinen, freundlichen Vogel.
mein	war	Der Junge war glücklich und dankte Ann.	Der Junge war mein glücklich und dankte Ann.
ansehnt	dem	Tim wollte dem Mann helfen.	Tim wollte dem ansehnt Mann helfen.
klatschten	Wir	Wir möchten Ihnen helfen, das rote Automobil zu reparieren.	Wir klatschten möchten Ihnen helfen, das rote Automobil zu reparieren.
angeln	es	Tim liebte es, mit seinen Formspielzeug zu spielen.	Tim liebte es angeln, mit seinen Formspielzeug zu spielen.
Slinky	viele	Auf der Party traf der Ball viele Freunde.	Auf der Party traf der Ball viele Slinky Freunde.
Daisys	nahm	Anna nickte und nahm ihre Bücher auf.	Anna nickte und nahm Daisys ihre Bücher auf.
Gürtel	Ratte	Es war einmal eine Ratte.	Es war einmal eine Ratte Gürtel.
einfach	Idee	Aber dann hatte Jane eine Idee.	Aber dann hatte Jane eine Idee einfach.
sprechen	Ball	Sie spielten mit dem Ball, bis die Sonne unterging.	Sie spielten mit dem Ball sprechen, bis die Sonne unterging.
Box	zogen	Sie zogen einen Regenbogen, eine Sonne und einige Blumen.	Sie zogen Box einen Regenbogen, eine Sonne und einige Blumen.
König	war	Jack war so aufgeregt!	Jack war König so aufgeregt!
weigerte	Park	Eines Tages spielte Max im Park.	Eines Tages spielte Max im Park weigerte.
wollten	machen	Er dachte, es würde Spaß machen.	Er dachte, es würde Spaß machen wollten.
Eulen	Er	Er segelte es gern auf den Teich.	Er Eulen segelte es gern auf den Teich.
Krankenschwester	ein	Wir haben dort ein besonderes Zimmer.	Wir haben dort ein Krankenschwester besonderes Zimmer.
Maisschwung	Urlaub	Die Familie wollte Urlaub machen.	Die Familie wollte Urlaub Maisschwung machen.
Rasse	war	Er war sehr neugierig auf den Stiefel.	Er war Rasse sehr neugierig auf den Stiefel.
schmutzig	auf	Plötzlich bemerkte John auf der anderen Seite ein Netz.	Plötzlich bemerkte John auf schmutzig der anderen Seite ein Netz.
Postbote	spritzen	Der Enten Quacksalber und der Fisch spritzen.	Der Enten Quacksalber und der Fisch spritzen Postbote.
funktioniert	auch	Der Strauß hat auch geholfen.	Der Strauß hat auch funktioniert geholfen.
Johns	schleppt	Der große Hund schleppt sie weg.	Der große Hund schleppt Johns sie weg.
groß	das	Max zeigte Tom das Ornament!	Max zeigte Tom das groß Ornament!
Blumenkleid	glücklich	Sie waren sehr glücklich und spielten weiter.	Sie waren sehr glücklich Blumenkleid und spielten weiter.
Kristall	wollte	Sie wollte die hübsche Puppe.	Sie wollte Kristall die hübsche Puppe.
fragen	stolz	Er war sehr stolz auf seine Arbeit.	Er war sehr stolz fragen auf seine Arbeit.
tun	Die	Die Wolke war so weich wie ein Kissen.	Die tun Wolke war so weich wie ein Kissen.
wärmer	glücklich	Sie waren glücklich.	Sie waren glücklich wärmer.
Lieblingstuch	Ein	Ein Mann kommt in den Park.	Ein Lieblingstuch Mann kommt in den Park.
lange	ging	Eines Tages ging der Hund in den Park zum Joggen.	Eines Tages ging lange der Hund in den Park zum Joggen.
wohlhabende	ist	Ich weiß, wenn ein Hund nett ist oder nicht.	Ich weiß, wenn ein Hund nett ist wohlhabende oder nicht.
geblieben	ein	Sie hatte ein ausgefallenes Nest.	Sie hatte ein geblieben ausgefallenes Nest.
schwer	Lucy	Lucy ging zu dem Haus ihres Freundes Tom.	Lucy schwer ging zu dem Haus ihres Freundes Tom.
niemanden	der	Bald war der Teich wieder fair.	Bald war der niemanden Teich wieder fair.
dünne	Mutter	Lilys Mutter umarmt sie.	Lilys Mutter dünne umarmt sie.
gewonnen	Es	Es ist ein Sternschlüssel!	Es gewonnen ist ein Sternschlüssel!
wütendes	Tim	Tim war sehr geduldig.	Tim wütendes war sehr geduldig.
-Saite	ihm	Der Arzt überprüfte Tim und gab ihm Medikamente.	Der Arzt überprüfte Tim und gab ihm -Saite Medikamente.
Frosch	Aber	Aber dann passierte etwas Unerwartetes.	Aber Frosch dann passierte etwas Unerwartetes.
kühl	rutschen	Er wollte nicht nach unten rutschen.	Er wollte nicht nach unten rutschen kühl.
hineinzugehen	einen	Er sah einen kleinen Vogel.	Er sah einen hineinzugehen kleinen Vogel.
Superheldin	von	Die Katze erzählte ihren Freunden von der Party.	Die Katze erzählte ihren Freunden von Superheldin der Party.
fragen	sagte	Er sagte, es sei nicht schlecht.	Er sagte fragen, es sei nicht schlecht.
überprüfte	andere	Finn war nicht wie der andere Fisch.	Finn war nicht wie der andere überprüfte Fisch.
Hier	Lily	Lily war so glücklich!	Lily Hier war so glücklich!
Bananen	ich	Aber ich muss arbeiten.	Aber ich Bananen muss arbeiten.
stand	Kurve	Es wollte um die Kurve gehen.	Es wollte um die Kurve stand gehen.
Avocado	Katze	Die Katze sah den Arzt an und miaute.	Die Katze Avocado sah den Arzt an und miaute.
kühl	oder	Aber er kann sich nicht bewegen oder reden.	Aber er kann sich nicht bewegen oder kühl reden.
Brennen	ruhig	Es war so ruhig und sauber.	Es war so ruhig Brennen und sauber.
nachdenkliche	taub	Sie waren taub zu ihrer Stimme.	Sie waren taub nachdenkliche zu ihrer Stimme.
schläfrig	Autos	Es gab Autos, Puppen und sogar einen großen Ball.	Es gab Autos schläfrig, Puppen und sogar einen großen Ball.
weghuschte	nicht	Bitte sei nicht böse.	Bitte sei nicht weghuschte böse.
Bänder	erzählte	Rief Sue und erzählte es ihrer Mutter.	Rief Sue und erzählte Bänder es ihrer Mutter.
verabschiedeten	sah	Eines Tages sah Max einen großen Hügel mit einem Top.	Eines Tages sah verabschiedeten Max einen großen Hügel mit einem Top.
Trommel	auf	Er nahm die Wrapper auf und öffnete ihn.	Er nahm die Wrapper auf Trommel und öffnete ihn.
anzuschließen	Fisch	Es war ein riesiger Fisch, der von ihm wegschwimmte.	Es war ein riesiger Fisch anzuschließen, der von ihm wegschwimmte.
bestellen	Sie	Sie waren sehr glücklich und dankten dem Vogel.	Sie bestellen waren sehr glücklich und dankten dem Vogel.
kroch	einen	Sie hatten einen guten Tag.	Sie hatten einen kroch guten Tag.
reguläre	hatte	Sue hatte eine hübsche Serviette mit ihrem Essen.	Sue hatte reguläre eine hübsche Serviette mit ihrem Essen.
helle	liebte	Sue liebte es zu tanzen.	Sue liebte helle es zu tanzen.
aufhören	tat	Sie tat ihnen leid für sie und wollten ihr helfen.	Sie tat aufhören ihnen leid für sie und wollten ihr helfen.
Bett	Tim	Tim verstand und half seiner Mutter.	Tim Bett verstand und half seiner Mutter.
weiter	traf	Eines Tages traf die Katze einen großen Hund.	Eines Tages traf weiter die Katze einen großen Hund.
Lieblingsgemüse	es	Sie hob es auf und brachte es zu ihrer Mutter.	Sie hob es Lieblingsgemüse auf und brachte es Lieblingsgemüse zu ihrer Mutter.
Dieb	als	Es wurde größer als alle anderen Bohnen.	Es wurde größer als Dieb alle anderen Bohnen.
Flöte	noch	Tim und Sue waren beide traurig und immer noch hungrig.	Tim und Sue waren beide traurig und immer noch Flöte hungrig.
Bear	Fleck	Sie sahen einen grünen Fleck weit weg.	Sie sahen einen grünen Fleck Bear weit weg.
Bademantel	runter	Es sprang runter und fing an, mit ihm zu sprechen.	Es sprang runter Bademantel und fing an, mit ihm zu sprechen.
anderen	Der	Der Frosch fand ein großes Blatt.	Der anderen Frosch fand ein großes Blatt.
Stadt	Blöcke	Sie müssen die Blöcke teilen und gut spielen.	Sie müssen die Blöcke Stadt teilen und gut spielen.
wagte	sieht	Er sieht das andere Ende des Drahtes nicht.	Er sieht wagte das andere Ende des Drahtes nicht.
süßen	und	Er dachte und dachte.	Er dachte und süßen dachte.
dünne	lud	Der Leopard lud einen kleinen Vogel zu seiner Party ein.	Der Leopard lud dünne einen kleinen Vogel zu seiner Party ein.
Bäder	Birne	Tim war froh, die Birne zu haben.	Tim war froh, die Birne Bäder zu haben.
also	mit	Tim nahm den Bleistift mit nach Hause.	Tim nahm den Bleistift mit also nach Hause.
Beine	jubelten	Sie klatschten und jubelten ihm zu.	Sie klatschten und jubelten Beine ihm zu.
froh	war	Spot war traurig.	Spot war froh traurig.
zögerte	Dann	Dann passierte etwas Unerwartetes.	Dann zögerte passierte etwas Unerwartetes.
Stühlen	Badezimmer	Er konnte jetzt mit seinen Autos im Badezimmer spielen.	Er konnte jetzt mit seinen Autos im Badezimmer Stühlen spielen.
Frage	ging	Tom ging zu seiner Freundin, einem kleinen Mädchen namens Sue.	Tom ging Frage zu seiner Freundin, einem kleinen Mädchen namens Sue.
Bild	sich	Sie fühlen sich glücklich und warm.	Sie fühlen sich Bild glücklich und warm.
fröhlicher	Nähe	Max sah einen Polizisten in der Nähe eines Baumes standen.	Max sah einen Polizisten in der Nähe fröhlicher eines Baumes standen.
Blaubeeren	er	Aber bevor er schlafen konnte, gab es ein lautes Geräusch.	Aber bevor er Blaubeeren schlafen konnte, gab es ein lautes Geräusch.
Wein	Angst	Die Maus hatte Angst.	Die Maus hatte Angst Wein.
Kabel	und	Sie weinte und weinte und weinte.	Sie weinte und Kabel weinte und Kabel weinte.
schleudert	lassen	Es hat es gut schmecken lassen.	Es hat es gut schmecken lassen schleudert.
Karte	finden	Sie konnten sich nicht finden.	Sie konnten sich nicht finden Karte.
verstecken	Kuh	Sie lieben das Buch und die Kuh.	Sie lieben das Buch und die Kuh verstecken.
moderner	auch	Lily war traurig und ihre Freunde waren auch traurig.	Lily war traurig und ihre Freunde waren auch moderner traurig.
Paul	war	Die Krawatte war rot und blau.	Die Krawatte war Paul rot und blau.
Stift	und	Lily und Tom waren sehr glücklich.	Lily und Stift Tom waren sehr glücklich.
einsam	Feuer	Sie wirft das Wasser auf das Feuer.	Sie wirft das Wasser auf das Feuer einsam.
roch	überrascht	Tim war überrascht!	Tim war überrascht roch!
Brennen	kletterte	Also kletterte er mit seinen scharfen Krallen den Baum hoch.	Also kletterte Brennen er mit seinen scharfen Krallen den Baum hoch.
Park	an	Von da an trug Tim immer coole Kleidung.	Von da an Park trug Tim immer coole Kleidung.
Stimme	Vielleicht	Vielleicht schickt Oma Ihnen beim nächsten Mal einen Brief.	Vielleicht Stimme schickt Oma Ihnen beim nächsten Mal einen Brief.
Panik	Sie	Sie wirbelte und sprang und lachte vor Freude.	Sie Panik wirbelte und sprang und lachte vor Freude.
Nadel	erstaunlichen	Eines Tages fand sie einen erstaunlichen Rahmen in ihrem Zimmer.	Eines Tages fand sie einen erstaunlichen Nadel Rahmen in ihrem Zimmer.
bat	Es	Es rennt weg.	Es bat rennt weg.
Und	und	Sie wussten nicht, dass die Gasse beängstigend und schmutzig war.	Sie wussten nicht, dass die Gasse beängstigend und Und schmutzig war.
Hirsche	und	Tim und Sam gingen mit Tims Mutter in den Laden.	Tim und Hirsche Sam gingen mit Tims Mutter in den Laden.
herstellen	sie	Eines Tages ging sie in den Park, um zu spielen.	Eines Tages ging sie herstellen in den Park, um zu spielen.
Kaugummi	Kühler	Max benutzte seine starken Pfoten, um den Kühler zu öffnen.	Max benutzte seine starken Pfoten, um den Kühler Kaugummi zu öffnen.
Abfall	hungrig	Nachdem sie gespielt hatten, fühlten sie sich hungrig.	Nachdem sie gespielt hatten, fühlten sie sich hungrig Abfall.
Zeitungen	und	Sie sieht die Uhr und Ben.	Sie sieht die Uhr und Zeitungen Ben.
Jaguar	Schwanz	Jazz wedelte mit seinem Schwanz und wählte einen großen Ball.	Jazz wedelte mit seinem Schwanz Jaguar und wählte einen großen Ball.
Bauer	Bear	Sie fand ihre Freundin, den Big Bear.	Sie fand ihre Freundin, den Big Bear Bauer.
flog	dir	Wir vergeben dir und Spot.	Wir vergeben dir flog und Spot.
Blume	Aber	Aber Hilfe kommt nicht bald.	Aber Blume Hilfe kommt nicht bald.
verschwinden	Er	Er erkannte, dass er etwas falsch gemacht hatte.	Er verschwinden erkannte, dass er etwas falsch gemacht hatte.
hofften	Es	Es war süß und klebrig und gut auf Brot.	Es hofften war süß und klebrig und gut auf Brot.
Inneren	der	Das Tablett fing in der Luft auf!	Das Tablett fing in der Inneren Luft auf!
reisen	bei	Dies trug dazu bei, dass der Schmetterling verletzt wurde.	Dies trug dazu bei reisen, dass der Schmetterling verletzt wurde.
vom	den	Sie denken an den neuen Glühcreen.	Sie denken an den vom neuen Glühcreen.
außen	Es	Es war einmal eine kleine Insel.	Es außen war einmal eine kleine Insel.
hilfreiche	kam	Aber ein großer Wind kam und nahm den Schleier weg.	Aber ein großer Wind kam hilfreiche und nahm den Schleier weg.
Sturz	und	Sie sah die Pfanne und die Butter.	Sie sah die Pfanne und Sturz die Butter.
Hirsch	dem	Sie hatten viel Spaß mit dem Ball zu spielen.	Sie hatten viel Spaß mit dem Hirsch Ball zu spielen.
flog	er	Eines Tages sah er einen großen Hund im Park.	Eines Tages sah er flog einen großen Hund im Park.
gemischte	Plötzlich	Plötzlich ließ ein lautes Geräusch Stan springen.	Plötzlich gemischte ließ ein lautes Geräusch Stan springen.
Einige	kleines	Eines Tages spielte ein kleines Mädchen namens Lily draußen.	Eines Tages spielte ein kleines Einige Mädchen namens Lily draußen.
antwortete	Sie	Sie helfen Mama und Papa, das Wrack aufzuräumen.	Sie antwortete helfen Mama und Papa, das Wrack aufzuräumen.
Flügel	sie	Tim war glücklich und sie spielten den ganzen Tag.	Tim war glücklich und sie Flügel spielten den ganzen Tag.
beschließt	gefährlich	Wissen Sie, wie gefährlich das ist?	Wissen Sie, wie gefährlich beschließt das ist?
dort	Er	Er lernte viel.	Er dort lernte viel.
Nachdenken	traurig	Lily und Tom sind traurig.	Lily und Tom sind traurig Nachdenken.
Parfüm	ist	Das ist ein Jaguar.	Das ist Parfüm ein Jaguar.
eingeholt	tragen	Sie liebte es, es jeden Tag zu tragen.	Sie liebte es, es jeden Tag zu tragen eingeholt.
ihr	spielte	Tom spielte den ganzen Tag unter der Sonne.	Tom spielte ihr den ganzen Tag unter der Sonne.
zählen	Aber	Aber dann passierte etwas Unerwartetes.	Aber zählen dann passierte etwas Unerwartetes.
Sagte	die	Tim nahm die Katze nach Hause und badete sie.	Tim nahm die Sagte Katze nach Hause und badete sie.
Vulkan	seine	Er liebte seine Orange sehr.	Er liebte seine Vulkan Orange sehr.
Badezimmer	kann	Es kann Strom und Wärme herstellen.	Es kann Badezimmer Strom und Wärme herstellen.
langsam	roter	Es war ein großer roter Fleck!	Es war ein großer roter langsam Fleck!
Oxy	gewinnen	Tim wollte eine Medaille gewinnen.	Tim wollte eine Medaille gewinnen Oxy.
Blütenblätter	mit	Sams Mutter war sehr zufrieden mit ihrer Hilfe.	Sams Mutter war sehr zufrieden mit Blütenblätter ihrer Hilfe.
wegzulegen	etwas	Aber etwas Unerwartetes passiert!	Aber etwas wegzulegen Unerwartetes passiert!
los	konnte	Er sah überall hin, aber er konnte es nicht finden.	Er sah überall hin, aber er konnte los es nicht finden.
Bunny	zusammen	Sie lachten und tanzten zusammen im Park.	Sie lachten und tanzten zusammen Bunny im Park.
schüttelten	Freund	Es hatte einen Freund und das Flugzeug war auch glücklich.	Es hatte einen Freund schüttelten und das Flugzeug war auch glücklich.
Bei	war	Tim hatte Angst und wusste nicht, was zu tun war.	Tim hatte Angst und wusste nicht, was zu tun war Bei.
springen	jeden	Aber jeden Tag sagte Jack nein.	Aber jeden springen Tag sagte Jack nein.
beobachten	steigt	Sie steigt von der Bank.	Sie steigt beobachten von der Bank.
schüttelte	Jungen	Sie war stolz auf ihren kleinen Jungen.	Sie war stolz auf ihren kleinen Jungen schüttelte.
kroch	guter	Du bist eine gute Schwester und ein guter Schüler.	Du bist eine gute Schwester und ein guter kroch Schüler.
Katze	um	Es gab einen großen Zaun um den Garten.	Es gab einen großen Zaun um Katze den Garten.
Tante	Spielsachen	Die Spielsachen waren sehr hübsch und glänzend.	Die Spielsachen Tante waren sehr hübsch und glänzend.
aufgeben	der	Diesmal war der Preis des Balls gesunken!	Diesmal war der aufgeben Preis des Balls gesunken!
kamen	es	Sie liebte es, mit ihrem Spielzeughasen zu spielen.	Sie liebte es kamen, mit ihrem Spielzeughasen zu spielen.
unglaublich	der	Aber eines Tages wurde der Hai von einem Fischer gefangen.	Aber eines Tages wurde der unglaublich Hai von einem Fischer gefangen.
Geld	mit	Sie spielten nicht mehr mit ihrem Ball.	Sie spielten nicht mehr mit Geld ihrem Ball.
Teilen	schob	Sie drückte und schob, bis es schließlich öffnete.	Sie drückte und schob Teilen, bis es schließlich öffnete.
lächelnd	Und	Und das ist der Nordstern.	Und lächelnd das ist der Nordstern.
unwissend	sind	Sie sind zuverlässig und freundlich.	Sie sind unwissend zuverlässig und freundlich.
lügst	in	Ich bin froh, dass du in Sicherheit bist.	Ich bin froh, dass du in lügst Sicherheit bist.
Liz	Mia	Mia spielte gern draußen.	Mia Liz spielte gern draußen.
Kristall	den	Sie vergessen den gruseligen Löwe.	Sie vergessen den Kristall gruseligen Löwe.
intelligentes	zu	Plötzlich begann das Spielzeug zu reden!	Plötzlich begann das Spielzeug zu intelligentes reden!
Schule	es	Sie liebte es, Blaubeeren zu pflücken.	Sie liebte es Schule, Blaubeeren zu pflücken.
marschierten	schreit	Er rennt zu ihnen und schreit.	Er rennt zu ihnen und schreit marschierten.
Schnecke	Er	Er wollte die Welt erkunden.	Er Schnecke wollte die Welt erkunden.
bellte	waren	Sie waren traurig.	Sie waren bellte traurig.
rundum	Es	Es schmeckte nicht so, als würde er gedacht.	Es rundum schmeckte nicht so, als würde er gedacht.
Rief	teilen	Lucy beschloss, ihren Teddybär mit Timmy zu teilen.	Lucy beschloss, ihren Teddybär mit Timmy zu teilen Rief.
spielen	und	Sie teilten die Früchte und wurden zu besten Freunden.	Sie teilten die Früchte und spielen wurden zu besten Freunden.
Test	beiden	Sie drückte die beiden Teile des Bücherregals wieder zusammen.	Sie drückte die beiden Test Teile des Bücherregals wieder zusammen.
Haustiervogel	bin	Ich bin hungrig und durstig.	Ich bin Haustiervogel hungrig und durstig.
lasen	Lisa	Lisa und Tim freuten sich über die Libelle.	Lisa lasen und Tim freuten sich über die Libelle.
Kissen	dass	Sie hoffte, dass Tom nicht tot war.	Sie hoffte, dass Kissen Tom nicht tot war.
beliebtestes	Leckeres	Sie riechen etwas Leckeres.	Sie riechen etwas Leckeres beliebtestes.
abwischen	und	Sie umarmten sich und lächelten.	Sie umarmten sich und abwischen lächelten.
Emily	müde	Die Autos sehen traurig und müde aus.	Die Autos sehen traurig und müde Emily aus.
schwindlig	war	Jetzt war das farbenfrohe Auto fertig.	Jetzt war schwindlig das farbenfrohe Auto fertig.
verschüttet	Kekse	Jetzt lass uns ein paar Saft und Kekse machen.	Jetzt lass uns ein paar Saft und Kekse verschüttet machen.
geöffnet	ging	Aber die Rakete ging nicht hoch.	Aber die Rakete ging geöffnet nicht hoch.
Hobby	versuchen	Blue hatte immer noch Angst, aber er wollte es versuchen.	Blue hatte immer noch Angst, aber er wollte es versuchen Hobby.
Jetzt	konnten	Sie konnten nicht zustimmen.	Sie konnten Jetzt nicht zustimmen.
Kind	essen	Der Vogel wollte Bob fangen und ihn essen.	Der Vogel wollte Bob fangen und ihn essen Kind.
Besonderes	akzeptieren	Sie akzeptieren und helfen allen immer.	Sie akzeptieren Besonderes und helfen allen immer.
Heute	war	Sie war sehr neugierig und stellte immer viele Fragen.	Sie war Heute sehr neugierig und stellte immer viele Fragen.
erraten	sah	Er sah eine Melone auf dem Boden.	Er sah erraten eine Melone auf dem Boden.
liebte	nehmen	Also griff er nach und versuchte es zu nehmen.	Also griff er nach und versuchte es zu nehmen liebte.
sein	neugierig	Sie sind hungrig und neugierig.	Sie sind hungrig und neugierig sein.
sagen	etwas	Aber als sie es aufnahmen, passierte etwas Unerwartetes.	Aber als sie es aufnahmen, passierte etwas sagen Unerwartetes.
weitere	Die	Die Menschen in der Stadt hatten Angst vor dem Drachen.	Die weitere Menschen in der Stadt hatten Angst vor dem Drachen.
verletzt	seinem	Auf seinem Weg traf Tim einen großen Hund.	Auf seinem verletzt Weg traf Tim einen großen Hund.
Kamera	Rechen	Er sah einen Rechen im Garten.	Er sah einen Rechen Kamera im Garten.
lustiges	versuchte	Sie versuchte sie zu waschen, aber es war schwierig.	Sie versuchte lustiges sie zu waschen, aber es war schwierig.
gemeinsam	Pass	Es war Lisas Pass!	Es war Lisas Pass gemeinsam!
Weg	Schatten	Er sah einen großen Baum mit viel Schatten.	Er sah einen großen Baum mit viel Schatten Weg.
stürzte	macht	Es macht Spaß.	Es macht stürzte Spaß.
Opa	für	Tim wollte ein Geschenk für seine Mutter kaufen.	Tim wollte ein Geschenk für Opa seine Mutter kaufen.
Teppiche	auch	Anna ist sehr attraktiv, und Sie auch.	Anna ist sehr attraktiv, und Sie auch Teppiche.
dorthin	versuchte	Er versuchte ihr zu zeigen, wie man ihren Namen schreibt.	Er versuchte dorthin ihr zu zeigen, wie man ihren Namen schreibt.
Smith	fand	Kitty fand es ein Rätsel.	Kitty fand Smith es ein Rätsel.
ansehnt	hatte	Das Kaninchen hatte Angst.	Das Kaninchen hatte ansehnt Angst.
rutscht	Ich	Ich werde demütig und freundlich sein.	Ich rutscht werde demütig und freundlich sein.
Inneren	fühlt	Er fühlt sich traurig und wütend.	Er fühlt Inneren sich traurig und wütend.
intelligente	Die	Die Katze war sehr traurig.	Die intelligente Katze war sehr traurig.
schließlich	Schlange	Er nahm es auf und gab es der Schlange.	Er nahm es auf und gab es der Schlange schließlich.
schlug	könnten	Sie könnten jetzt den Stern berühren!	Sie könnten schlug jetzt den Stern berühren!
klebrig	Tim	Tim und Sue nickten.	Tim klebrig und Sue nickten.
kreativ	sollen	Sie sagte, sie hätte vorsichtiger sein sollen.	Sie sagte, sie hätte vorsichtiger sein sollen kreativ.
Geheimnis	war	Aber Tom war es egal.	Aber Tom war Geheimnis es egal.
saßen	sehr	Er war sehr nachlässig.	Er war sehr saßen nachlässig.
Web	alles	Sie hatten Spaß und vergangen alles, faul zu sein.	Sie hatten Spaß und vergangen alles Web, faul zu sein.
warten	Dann	Dann hatte Lucy eine Idee.	Dann warten hatte Lucy eine Idee.
Amys	Er	Er trug sein Lieblingshemd und rannte in den Park.	Er Amys trug sein Lieblingshemd und rannte in den Park.
Uhr	Bild	Das Bild war sehr hübsch.	Das Bild Uhr war sehr hübsch.
Spielzeugmaus	mit	Sie bauten Häuser, Burgen und Türme mit den Ziegeln.	Sie bauten Häuser, Burgen und Türme mit Spielzeugmaus den Ziegeln.
